PM,Vmag,Jmag,NUV-Ks,FNUV,FFUV,FX,EWHa,logR,fp.AO,fp.Ha,fp.Sa,fp.SW,fp,LSPM,GALEX,1RXS,L13,2M,Simbad,_RA,_DE
I00001+6943,13.52,9.7,10.95,44.04,,2.9E-13,,-5.67,,,,,N,0,0,1,0,2M,Simbad,0.028531,69.717117
I00024-4601,12.43,9.18,11.98,27.05,5.78,,,-6.22,,,,No,N,0,1,0,0,2M,Simbad,0.612922,-46.028893
I00059+4129,12.96,9.4,11.56,33.08,10.22,,1.14,-7.48,No,No,No,Yes,D,1,0,0,0,2M,Simbad,1.480111,41.491386
I00072-1036,11.85,8.83,11.29,70.18,11.78,4.5E-13,0.8,-5.89,,No,No,,N,0,1,1,0,2M,Simbad,1.808702,-10.607965
I00107-2039,13.39,9.48,11.18,43.77,10.82,9.3E-13,,-5.77,,,,,N,0,1,1,0,2M,Simbad,2.679304,-20.651901
I00117-1139,12.67,9.85,11.05,34.89,,,-0.04,-5.83,,No,,,N,0,1,0,0,2M,Simbad,2.943478,-11.665383
I00118-5521,13.34,9.32,11.5,36.21,18.78,,3.18,-5.86,,No,,,N,0,1,0,0,2M,Simbad,2.954728,-55.364342
I00162+1951W,11.79,7.88,11.64,117.08,22.29,2.4E-12,6.16,-5.9,,No,,,N,1,0,1,1,2M,Simbad,4.060864,19.860563
I00166+3000,12.79,9.11,12.42,20.21,3.56,1.0E-13,,-6.38,,,,,N,1,1,1,0,2M,Simbad,4.168521,30.016624
I00197-2233,13.77,9.88,12.44,9.59,,,,-6.33,,,,,N,0,1,0,0,2M,Simbad,4.939513,-22.55302
I00206-5340,13.8,9.68,13.3,5.18,,,,-6.71,,,,,N,0,0,0,0,2M,Simbad,5.172962,-53.68174
I00211+4456,13.62,9.6,10.89,52.93,,1.1E-12,5.2,-5.67,No,No,No,,N,1,0,1,0,2M,Simbad,5.288945,44.948898
I00216-4605,12.21,8.32,11.14,133.11,28.1,7.5E-12,1.94,-5.76,,No,,No,N,0,1,1,0,2M,Simbad,5.40534,-46.09256
I00234+2418,13.03,9.75,11.01,40.74,,,-0.31,-7.48,Yes,No,,No,D,1,1,0,0,2M,Simbad,5.866634,24.306856
I00235+0947S,12.75,9.79,10.59,56.81,10.92,,-0.77,-7.48,No,No,Yes,,D,1,1,0,0,2M,Simbad,5.890975,9.793301
I00235+2014,11.0,8.14,10.84,193.75,,1.3E-12,0.3,-7.48,No,No,Yes,No,D,0,0,1,1,2M,Simbad,5.894433,20.24132
I00241-6211,11.33,8.38,11.0,144.75,32.66,1.0E-12,0.94,-7.48,,No,,,L,0,1,1,0,2M,Simbad,6.037402,-62.184555
I00245-2522,13.62,9.84,11.29,29.08,5.05,3.1E-13,2.68,-5.84,,No,No,No,N,0,0,1,0,2M,Simbad,6.133438,-25.381353
I00250-3646,12.46,8.64,12.0,42.38,12.2,9.6E-13,1.12,-7.48,,No,,No,L,0,0,1,0,2M,Simbad,6.267888,-36.771549
I00258-0957,13.93,9.88,11.1,34.66,11.37,4.6E-13,4.57,-5.78,,No,No,,N,0,1,1,0,2M,Simbad,6.462417,-9.961114
I00268+4250,13.04,9.39,11.03,56.81,11.82,,3.16,-5.76,No,No,No,No,N,1,1,0,0,2M,Simbad,6.716031,42.834023
I00270+6630,13.16,9.57,11.53,29.89,,4.9E-13,1.29,-5.96,,No,,,N,0,0,1,0,2M,Simbad,6.761791,66.510834
I00341+2523,11.1,8.48,10.94,131.6,18.01,1.2E-12,0.82,-7.48,No,No,No,No,L,0,1,1,1,2M,Simbad,8.535353,25.397142
I00365+5537,12.01,9.21,11.16,57.64,,3.9E-13,0.86,-5.9,No,No,,No,N,0,0,1,0,2M,Simbad,9.143176,55.626667
I00370+4224,13.04,9.68,11.43,29.04,,,0.98,-5.93,No,No,No,No,N,0,1,0,0,2M,Simbad,9.267303,42.410614
I00424-4424E,11.95,9.01,10.37,144.18,27.09,1.1E-12,0.88,-5.48,,No,,No,N,0,1,1,0,2M,Simbad,10.621085,-44.415443
I00428+3532,10.43,7.16,11.06,406.53,77.37,7.4E-12,1.88,-7.48,No,No,,No,L,1,1,1,1,2M,Simbad,10.701005,35.548775
I00445+2933,13.64,9.99,12.55,7.57,,,,-6.42,,,,No,N,1,0,0,0,2M,Simbad,11.130135,29.556528
I00450+2634,12.48,9.53,10.85,56.29,,4.4E-13,1.94,-5.69,No,No,No,No,N,0,1,1,0,2M,Simbad,11.250682,26.569508
I00454-7752,13.13,9.53,11.41,34.19,,5.7E-13,0.59,-5.9,,No,,,N,0,0,1,0,2M,Simbad,11.350915,-77.868767
I00467-0134,13.16,9.92,11.65,18.16,,,0.98,-6.01,,No,,,N,0,0,0,0,2M,Simbad,11.690502,-1.577251
I00483+7116,11.39,8.26,11.33,110.57,,1.2E-12,0.34,-5.86,,No,,,N,1,0,1,1,2M,Simbad,12.087468,71.269829
I00484+2745,12.96,9.7,10.24,85.1,28.86,,2.38,-5.39,No,No,No,No,N,0,1,0,0,2M,Simbad,12.108029,27.758421
I00485+3109,13.13,9.67,11.69,23.41,14.55,,-0.02,-6.04,No,No,,No,N,1,1,0,0,2M,Simbad,12.135831,31.151682
I00503+1052W,13.13,9.62,12.43,12.4,,,1.0,-6.42,,No,No,,N,0,1,0,0,2M,Simbad,12.578229,10.871079
I00505+2449S,12.01,7.95,11.48,132.44,34.91,3.2E-12,4.45,-7.48,Yes,No,No,No,D,2,1,1,1,2M,Simbad,12.63848,24.816727
I00526-0753,13.05,9.53,11.4,33.67,5.69,2.2E-13,1.17,-5.87,,No,No,,N,0,1,1,0,2M,Simbad,13.158821,-7.886011
I00531+4829,12.96,9.43,11.6,30.76,,6.1E-13,-2.6,-7.48,Yes,Yes,,No,D,1,0,1,0,2M,Simbad,13.277118,48.493988
I00560+0249W,13.46,9.84,10.98,36.48,10.85,2.5E-13,2.81,-5.67,No,No,No,,N,0,1,1,0,2M,Simbad,14.003282,2.822468
I00560+4153W,11.55,8.76,10.31,179.82,14.01,2.5E-12,1.3,-5.42,No,No,,No,N,0,1,1,1,2M,Simbad,14.020239,41.890011
I00574+3736,12.4,9.64,10.97,42.6,,,0.4,-7.48,Yes,No,,No,D,0,1,0,0,2M,Simbad,14.371114,37.614101
I01025+7009,12.79,9.55,11.04,45.93,,,,-5.74,,,,,N,0,0,0,0,2M,Simbad,15.630735,70.161339
I01032+3140,13.64,9.56,12.81,9.15,,,,-6.48,,,,No,N,1,0,0,0,2M,Simbad,15.808227,31.6833
I01036+4051,10.89,8.13,10.36,304.85,38.21,3.1E-12,1.35,-5.45,No,No,,No,N,1,1,1,1,2M,Simbad,15.91716,40.858143
I01037+4051W,13.1,9.37,11.32,42.17,10.83,3.1E-12,2.53,-5.83,,No,No,No,"N,Y",2,1,1,0,2M,Simbad,15.925412,40.854427
I01071-1935,11.46,8.15,11.21,149.86,26.56,2.7E-12,1.39,-5.85,,No,No,,N,0,1,1,0,2M,Simbad,16.799789,-19.593336
I01083-2848,13.29,9.09,12.82,13.81,7.94,,,-6.46,,,,,N,0,1,0,0,2M,Simbad,17.076096,-28.805756
I01088-0340,12.98,9.52,12.27,16.04,,2.6E-13,,-6.36,,,,,N,0,1,1,0,2M,Simbad,17.210176,-3.676002
I01096+2931,13.35,9.57,12.46,12.72,,,0.55,-7.48,,No,Yes,No,D,0,1,0,0,2M,Simbad,17.413244,29.519796
I01101+0106,13.66,9.81,12.8,7.66,,,,-6.56,,,,,N,1,1,0,0,2M,Simbad,17.526701,1.106266
I01133+5855,11.57,8.41,11.65,74.19,,1.4E-12,1.25,-7.48,Yes,No,,No,D,1,0,1,1,2M,Simbad,18.332388,58.922882
I01146+7543,13.73,9.65,11.22,35.01,,2.0E-13,,-5.75,,,,,N,1,1,1,0,2M,Simbad,18.665176,75.732132
I01146+2057,12.56,9.86,10.96,35.89,6.83,,0.16,-5.77,No,No,,No,N,0,1,0,0,2M,Simbad,18.667456,20.953632
I01195+1411,13.73,9.54,13.35,5.58,,,,-6.71,,,,,N,1,0,0,0,2M,Simbad,19.896133,14.191391
I01210-0402,12.51,9.72,10.44,69.12,8.84,1.7E-12,1.43,-7.48,,No,No,,L,0,1,1,0,2M,Simbad,20.271069,-4.03563
I01220-3337,11.29,8.31,11.44,100.8,12.64,2.3E-12,0.26,-6.01,,No,,No,"N,Y",0,1,1,0,2M,Simbad,20.51845,-33.61768
I01226+1245N,11.76,8.68,9.26,464.4,4.59,,-0.44,-7.48,No,Yes,,,D,1,1,0,1,2M,Simbad,20.653135,12.752375
I01306-1027,12.63,9.43,11.84,24.98,8.74,2.4E-13,,-6.18,,,,,N,0,1,1,0,2M,Simbad,22.66943,-10.464055
I01312+1654,13.71,9.59,13.4,5.31,,,,-6.79,,,,,N,0,1,0,0,2M,Simbad,22.806999,16.900742
I01339-1738,13.06,8.84,11.66,51.15,12.83,5.8E-13,1.74,-5.96,,No,No,,N,0,1,1,0,2M,Simbad,23.491692,-17.639952
I01361-2652,13.24,9.22,12.21,20.53,4.23,2.6E-13,1.53,-6.16,,No,No,No,N,0,1,1,0,2M,Simbad,24.0364,-26.871162
I01364+4043,13.22,9.73,10.08,96.32,,4.1E-13,2.82,-7.48,No,No,,Yes,D,0,0,1,0,2M,Simbad,24.109173,40.728985
I01376+1835,9.89,7.48,7.65,6488.8,1749.94,5.7E-12,,-4.26,No,,,,N,0,1,1,1,2M,Simbad,24.414124,18.592419
I01396-0702,13.89,9.93,12.19,10.81,,1.6E-13,1.95,-6.16,,No,No,,N,0,1,1,0,2M,Simbad,24.920931,-7.036954
I01410+5308E,13.78,9.96,10.6,45.68,,6.2E-13,,-7.48,Yes,,,No,D,0,0,1,0,2M,Simbad,25.260727,53.140907
I01437-0602,12.98,8.77,11.83,45.88,14.04,1.7E-12,3.76,-6.02,,No,No,,N,0,1,1,0,2M,Simbad,25.938046,-6.044473
I01451-3205,13.8,9.94,11.55,20.5,,,-0.58,-7.48,,Yes,,No,D,0,1,0,0,2M,Simbad,26.298908,-32.085342
I01453+4632,11.42,8.06,11.48,122.74,47.39,4.2E-12,2.38,-7.48,No,No,,No,L,1,1,1,1,2M,Simbad,26.325829,46.535473
I01477-4836,12.43,8.25,13.13,21.35,4.88,3.0E-13,0.6,-6.56,,No,,,N,0,0,1,0,2M,Simbad,26.927294,-48.601562
I01480+4652,12.09,9.28,10.77,66.22,,,-0.78,-5.55,No,No,,No,N,1,0,0,0,2M,Simbad,27.006149,46.870491
I01486+3306,12.5,8.99,11.51,46.94,12.26,7.9E-13,-0.56,-5.87,No,No,,No,N,1,1,1,1,2M,Simbad,27.169367,33.101971
I01490-0636,12.52,9.18,11.55,40.84,,,1.04,-5.98,,No,No,,N,0,0,0,0,2M,Simbad,27.267803,-6.615149
I01491+0624,12.73,9.62,11.54,27.83,5.84,3.4E-13,,-6.03,No,,,,N,0,1,1,0,2M,Simbad,27.277372,6.401057
I01531-2105,11.74,8.07,10.26,399.0,93.2,2.3E-12,1.57,-7.48,,Yes,No,,D,0,1,1,0,2M,Simbad,28.297331,-21.095333
I01538-1459,12.01,7.94,11.05,204.66,40.57,2.9E-12,3.87,-5.71,,No,No,,N,0,1,1,0,2M,Simbad,28.461565,-14.997327
I01562+0006,13.44,9.49,10.93,53.87,19.29,5.7E-13,4.38,-5.66,,No,No,,N,0,1,1,0,2M,Simbad,29.062166,0.102467
I01567-0021,12.68,9.99,9.95,86.46,20.31,4.4E-13,,-7.48,,,,,L,0,1,1,0,2M,Simbad,29.196404,-0.353529
I01568+4142,13.64,9.71,12.31,11.11,,,1.9,-6.16,,No,No,No,N,1,0,0,0,2M,Simbad,29.208092,41.70837
I02002-0840,12.47,8.77,11.24,82.76,20.26,1.4E-12,3.66,-5.83,,No,No,,N,0,1,1,0,2M,Simbad,30.053268,-8.681046
I02024+1034,11.66,8.4,10.75,174.59,55.39,2.0E-12,3.9,-5.61,No,No,No,,N,0,1,1,1,2M,Simbad,30.617666,10.581507
I02028+0447,13.1,8.97,12.17,28.98,6.92,4.8E-13,2.25,-6.2,No,No,,,N,0,1,1,1,2M,Simbad,30.717045,4.784017
I02034+0648,14.14,9.93,13.01,5.31,,,,-6.53,,,,,N,0,0,0,0,2M,Simbad,30.857866,6.800262
I02070+4938,12.13,8.37,12.83,25.86,7.36,,0.71,-6.53,,No,,No,N,1,1,0,1,2M,Simbad,31.766058,49.645454
I02088+4926,12.45,8.42,11.1,122.18,23.0,2.7E-12,5.1,-5.71,No,No,,No,N,1,1,1,1,2M,Simbad,32.223423,49.448971
I02124-0804,11.56,8.65,7.22,3472.57,97.97,,-0.33,-7.48,,Yes,,,D,0,0,0,0,2M,Simbad,33.121899,-8.069308
I02127+5805,13.4,9.77,10.75,48.94,,6.2E-13,2.84,-5.58,No,No,No,No,N,0,0,1,0,2M,Simbad,33.188522,58.091446
I02146+3121,12.43,9.58,10.39,82.37,8.17,6.6E-13,1.3,-5.49,No,No,No,No,N,0,1,1,0,2M,Simbad,33.659924,31.362526
I02165-3058,12.6,8.78,12.49,25.57,,,2.92,-6.38,,No,No,No,N,0,0,0,0,2M,Simbad,34.146278,-30.968706
I02166-3059,12.02,7.99,11.52,125.58,,1.3E-12,1.52,-5.9,,No,No,No,N,0,0,1,0,2M,Simbad,34.171543,-30.988424
I02167+0112,13.65,9.79,12.78,7.38,4.1,,,-6.48,,,,,N,1,1,0,0,2M,Simbad,34.197544,1.212612
I02179+1225,14.09,9.96,10.68,45.17,10.87,7.5E-13,6.29,-5.57,No,No,,,N,0,1,1,0,2M,Simbad,34.483406,12.424052
I02182+4416,13.53,9.81,12.16,13.31,,,-0.32,-6.24,,No,,No,N,1,1,0,0,2M,Simbad,34.552776,44.270023
I02186+1218,12.43,8.8,11.57,57.95,9.75,7.2E-13,2.16,-5.96,No,No,,,N,1,1,1,1,2M,Simbad,34.652393,12.316043
I02208+3320,13.37,9.81,11.05,36.84,,4.3E-13,2.92,-7.48,Yes,No,Yes,Yes,D,1,0,1,0,2M,Simbad,35.211887,33.346584
I02234-2318,14.04,9.86,12.02,14.18,,,1.1,-6.1,,No,,No,N,0,1,0,0,2M,Simbad,35.850044,-23.306833
I02234+2244,11.25,8.18,10.42,284.54,59.04,3.9E-12,0.84,-5.47,No,No,No,,"N,Y",0,1,1,1,2M,Simbad,35.860962,22.735266
I02287+1538,12.44,8.79,12.32,27.95,8.78,,-0.04,-7.48,,No,Yes,,D,1,1,0,1,2M,Simbad,37.195625,15.648204
I02292+1932,12.55,8.96,10.96,86.06,21.73,,3.1,-5.69,No,No,,,N,1,1,0,1,2M,Simbad,37.308918,19.543222
I02296+3423,12.49,9.13,10.79,82.71,15.05,1.2E-12,2.2,-7.48,No,No,No,No,L,0,1,1,0,2M,Simbad,37.401573,34.395317
I02305-1543,13.04,9.28,11.02,60.76,16.86,5.6E-13,2.24,-5.7,,No,No,,N,0,0,1,0,2M,Simbad,37.645424,-15.723592
I02340+2819,12.99,9.6,11.47,29.07,15.56,,1.52,-5.9,No,No,No,No,N,0,0,0,0,2M,Simbad,38.501816,28.324654
I02343-4347,10.0,5.79,10.39,2812.91,640.96,3.4E-11,0.85,-7.48,,No,,No,L,0,1,1,0,2M,Simbad,38.594013,-43.79631
I02344+1922,13.4,9.59,9.96,118.66,42.74,2.0E-13,1.8,-7.48,No,Yes,,,D,0,1,1,0,2M,Simbad,38.616879,19.377508
I02347+1251,13.87,9.89,12.37,10.15,,,1.16,-7.48,Yes,No,No,,D,0,1,0,0,2M,Simbad,38.6987,12.853713
I02353+2334,13.61,9.54,10.54,72.59,16.49,6.0E-13,3.73,-5.46,No,No,No,No,N,0,0,1,0,2M,Simbad,38.84417,23.575195
I02394-0512,12.14,9.64,10.32,73.54,10.97,,0.31,-5.41,,No,,,N,0,1,0,0,2M,Simbad,39.854725,-5.213773
I02408+4452,13.11,9.28,11.55,35.98,,2.8E-13,1.79,-7.48,Yes,No,,No,D,1,0,1,0,2M,Simbad,40.218735,44.876812
I02417-5259,10.28,7.58,10.51,447.38,70.35,5.2E-12,1.19,-5.54,,No,,,"N,Y",0,1,1,0,2M,Simbad,40.445099,-52.997879
I02451-4344,12.34,8.14,13.34,20.63,3.83,,0.67,-6.72,,No,,,N,0,1,0,0,2M,Simbad,41.294621,-43.74231
I02490-1029,12.41,8.82,10.82,116.06,17.82,1.1E-12,2.37,-7.48,,No,No,,L,0,1,1,0,2M,Simbad,42.259541,-10.48947
I02508+6055,12.5,9.26,11.51,38.26,,,-0.36,-5.95,No,No,,,N,0,0,0,0,2M,Simbad,42.705429,60.930229
I02525+2219N,12.32,9.54,10.71,59.68,16.31,4.5E-13,0.84,-5.61,No,No,No,No,N,0,1,1,0,2M,Simbad,43.146603,22.322491
I02537-6135,12.17,8.57,11.35,87.05,20.8,7.4E-13,1.46,-5.86,,No,,,N,0,1,1,0,2M,Simbad,43.445404,-61.588463
I02555-0400,12.16,9.07,11.6,43.23,,,,-6.06,,,,,N,0,0,0,0,2M,Simbad,43.882973,-4.01127
I02560+1220,13.2,9.7,11.49,25.95,,,0.36,-7.48,No,No,Yes,,D,1,1,0,0,2M,Simbad,44.00404,12.346036
I02570+1019,12.76,9.51,10.94,51.82,15.61,7.0E-13,1.63,-5.69,No,No,No,,N,1,1,1,0,2M,Simbad,44.251911,10.318709
I02593-2515,13.03,9.26,9.41,277.23,11.82,,1.96,-7.48,,Yes,No,No,D,0,1,0,0,2M,Simbad,44.849361,-25.258877
I03000+5506,13.17,9.95,11.36,24.35,,2.0E-13,2.23,-5.92,No,No,,No,N,0,1,1,0,2M,Simbad,45.012131,55.114731
I03037-1251,13.38,9.28,13.21,8.47,,,,-6.7,,,,,N,0,1,0,0,2M,Simbad,45.949368,-12.855333
I03043+2118,13.26,9.8,10.91,41.6,5.74,5.6E-13,2.34,-7.48,No,No,No,No,L,0,1,1,0,2M,Simbad,46.09103,21.304216
I03053+2131,13.75,9.7,12.01,16.44,7.97,1.4E-13,,-7.48,Yes,,Yes,No,D,0,1,1,0,2M,Simbad,46.331829,21.522772
I03055+1149N,12.54,9.03,11.84,36.4,12.79,,1.61,-6.11,No,No,,,N,1,1,0,0,2M,Simbad,46.380184,11.832319
I03070+0353,13.64,9.96,11.93,13.83,,2.0E-13,1.63,-6.1,No,No,No,,N,0,0,1,0,2M,Simbad,46.768036,3.883632
I03081-2445,10.23,7.52,10.71,408.54,67.06,8.0E-12,1.04,-7.48,,No,No,,L,0,1,1,0,2M,Simbad,47.027718,-24.759665
I03084+2345,13.12,9.71,11.3,31.7,,1.5E-13,1.51,-5.85,No,No,No,No,N,0,1,1,0,2M,Simbad,47.100491,23.76515
I03094+6732,13.43,9.57,11.85,20.55,,6.7E-13,,-6.01,No,,,,N,0,1,1,0,2M,Simbad,47.360138,67.545143
I03100-2341,13.5,9.41,10.94,57.15,21.8,4.9E-13,4.93,-5.65,,No,No,,N,0,1,1,0,2M,Simbad,47.512772,-23.691935
I03102-1328,13.36,9.8,11.42,26.61,4.87,,1.9,-5.9,,No,No,,N,0,1,0,0,2M,Simbad,47.569408,-13.478793
I03108+1838,12.35,9.64,11.03,41.49,,2.1E-13,0.23,-5.82,No,No,,,N,0,1,1,0,2M,Simbad,47.723206,18.644018
I03119+5456,12.96,9.89,11.13,31.4,4.8,5.2E-13,2.65,-5.81,No,No,,No,N,0,1,1,0,2M,Simbad,47.981979,54.947475
I03144-1329,13.7,9.93,11.45,22.89,7.98,,1.97,-5.91,,No,No,,N,0,1,0,0,2M,Simbad,48.620251,-13.496288
I03150+2445,12.06,9.47,10.83,59.18,,2.5E-13,0.05,-5.75,No,No,,No,N,0,1,1,0,2M,Simbad,48.772697,24.759682
I03156+3724,13.21,9.32,11.03,60.76,14.55,1.1E-12,2.85,-5.74,No,No,No,No,N,1,1,1,0,2M,Simbad,48.907726,37.403954
I03172+4552,13.33,9.94,11.54,20.46,,3.5E-13,1.45,-5.96,No,No,No,No,N,0,1,1,0,2M,Simbad,49.303337,45.882778
I03189-3623,11.88,8.21,11.72,82.16,17.44,6.5E-13,1.22,-5.98,,No,,No,N,0,1,1,0,2M,Simbad,49.742691,-36.392944
I03241+2347,10.42,7.13,11.84,207.65,45.48,3.8E-12,0.25,-6.14,,No,,No,N,1,1,1,1,2M,Simbad,51.026966,23.785046
I03270+8532,13.1,9.19,12.57,15.24,,,,-6.36,,,,,N,0,0,0,0,2M,Simbad,51.753422,85.535049
I03272+2723,11.67,8.64,11.52,70.2,,8.1E-13,0.71,-7.48,No,No,No,No,L,0,0,1,1,2M,Simbad,51.809788,27.38575
I03314+0455,13.63,9.71,10.79,50.56,18.67,6.3E-13,3.05,-5.6,No,No,No,,N,0,0,1,0,2M,Simbad,52.857319,4.918842
I03319-4359,10.96,8.3,10.84,172.0,23.18,1.4E-12,0.45,-7.48,,No,,Yes,D,0,1,1,0,2M,Simbad,52.981892,-43.987095
I03322+4914S,11.94,8.99,11.23,66.7,,6.9E-13,1.25,-5.9,No,No,,No,N,0,0,1,1,2M,Simbad,53.055439,49.239174
I03340+5835,11.54,8.29,11.88,65.03,,,-0.46,-6.13,,No,,No,N,1,0,0,1,2M,Simbad,53.502098,58.598606
I03340+3328,13.32,9.36,13.15,7.36,,,,-6.61,,,,No,N,0,0,0,0,2M,Simbad,53.504375,33.468456
I03341+7438N,13.67,9.66,12.91,7.18,,,,-6.5,,,,,N,2,1,0,0,2M,Simbad,53.548702,74.649895
I03375+1751N,12.76,9.1,12.43,19.84,,1.1E-12,,-7.48,,,,,L,1,0,1,0,2M,Simbad,54.388939,17.854036
I03394+2458,12.87,8.81,12.81,17.64,,3.9E-13,1.32,-6.46,,No,,No,N,1,0,1,1,2M,Simbad,54.87381,24.967419
I03412-2252,13.18,9.98,10.53,50.88,10.73,1.8E-12,,-7.48,,,,No,"N,R",0,1,1,0,2M,Simbad,55.317215,-22.878874
I03419+1845,13.32,9.71,12.07,15.25,,,0.42,-6.18,No,No,No,,N,0,1,0,0,2M,Simbad,55.481209,18.75997
I03433-0819,13.57,9.86,11.5,22.81,,1.6E-13,1.56,-5.91,,No,No,,N,0,1,1,0,2M,Simbad,55.847191,-8.328148
I03434-0615,13.34,9.69,12.41,11.56,,,,-6.34,,,,,N,0,1,0,0,2M,Simbad,55.860138,-6.250571
I03462+1709W,12.87,9.69,10.94,45.09,8.37,1.7E-12,1.34,-5.72,,No,No,,N,0,1,1,0,2M,Simbad,56.558334,17.154848
I03471+4009,13.19,9.6,11.11,41.02,,,-2.63,-7.48,No,Yes,,No,D,0,1,0,0,2M,Simbad,56.793594,40.157478
I03473-0158,11.54,7.8,11.58,142.39,,3.2E-12,1.85,-5.96,,No,No,,N,0,0,1,0,2M,Simbad,56.847244,-1.972164
I03480+4032,12.71,9.35,10.91,65.72,7.78,2.6E-13,1.01,-5.71,No,No,No,,N,0,1,1,0,2M,Simbad,57.024536,40.539627
I03506-0353,12.97,9.83,10.73,49.36,12.26,2.8E-13,1.33,-5.64,,No,No,,N,0,0,1,0,2M,Simbad,57.665043,-3.898532
I03575+2445,13.0,9.59,11.57,27.58,,2.1E-13,0.53,-5.98,No,No,,No,N,0,0,1,0,2M,Simbad,59.391407,24.752939
I03592+8020,13.49,9.94,10.97,33.11,,3.3E-13,,-7.48,,,,,L,0,1,1,0,2M,Simbad,59.809917,80.3339
I04024+2441,12.99,9.35,11.92,25.44,,,0.54,-6.13,No,No,,No,N,1,0,0,0,2M,Simbad,60.601795,24.6901
I04032-3609,13.34,9.77,11.7,19.7,,4.6E-13,1.99,-5.97,,No,,,N,0,1,1,0,2M,Simbad,60.81609,-36.160107
I04059+7116E,13.63,9.53,11.72,24.78,,7.5E-13,0.13,-5.97,,No,,,N,1,0,1,0,2M,Simbad,61.489586,71.278008
I04060+1815,13.08,9.49,12.02,20.53,,,-3.08,-7.48,,Yes,,,D,0,1,0,0,2M,Simbad,61.509327,18.250927
I04063+1107,13.03,9.74,10.64,54.87,,4.0E-13,3.57,-5.55,,No,No,,N,0,0,1,0,2M,Simbad,61.579205,11.125186
I04068+0053,12.94,9.99,10.9,34.75,,3.4E-13,0.6,-5.71,,No,,,N,0,1,1,0,2M,Simbad,61.70911,0.889101
I04086+0334,11.79,9.29,10.34,109.37,10.56,7.3E-13,1.25,-5.49,,No,No,,N,1,0,1,0,2M,Simbad,62.170452,3.578095
I04093+1759,12.69,9.99,10.76,39.02,,2.9E-13,0.77,-5.68,No,No,No,,N,0,1,1,0,2M,Simbad,62.326,17.998629
I04129-1418,12.76,9.51,11.18,43.45,,4.7E-13,,-5.84,,,,,N,0,0,1,0,2M,Simbad,63.2323,-14.316386
I04166+4121,12.88,9.9,11.53,19.79,,,,-5.97,No,,,No,N,0,0,0,0,2M,Simbad,64.151451,41.355946
I04176-2419,12.9,9.3,11.54,36.46,11.09,4.5E-13,,-5.93,,,,No,N,0,1,1,0,2M,Simbad,64.404343,-24.33007
I04185-4527,12.78,9.39,11.23,47.34,5.4,,1.93,-5.86,,No,,,N,0,1,0,0,2M,Simbad,64.646805,-45.456566
I04192+1138,12.74,9.81,11.21,31.21,,,0.22,-5.88,No,No,,,N,0,1,0,0,2M,Simbad,64.822762,11.647876
I04219+2325,13.93,9.88,13.25,4.67,,1.1E-13,,-6.73,,,,No,"N,Y",0,1,1,0,2M,Simbad,65.482811,23.418247
I04220+6032,13.69,9.81,11.34,28.6,,,0.39,-7.48,No,Yes,,,D,1,1,0,0,2M,Simbad,65.523689,60.536961
I04221-2849,10.93,8.18,10.61,232.62,33.23,2.0E-12,1.36,-5.58,,No,No,,N,0,1,1,0,2M,Simbad,65.534676,-28.818089
I04284+1741,12.12,8.59,11.06,112.32,36.72,1.2E-12,2.45,-7.48,Yes,No,Yes,,D,0,0,1,1,2M,Simbad,67.119995,17.695923
I04299+1654,12.82,9.52,11.68,26.72,,3.6E-13,0.47,-6.06,No,No,,,"N,Y",0,1,1,0,2M,Simbad,67.482262,16.914024
I04306+2254,13.02,9.25,10.93,68.42,14.7,5.2E-13,2.26,-5.67,No,No,No,No,N,0,1,1,0,2M,Simbad,67.659134,22.908041
I04310+3647,13.32,9.45,11.75,26.25,,2.6E-13,2.13,-6.0,No,No,No,No,N,0,1,1,0,2M,Simbad,67.750031,36.79855
I04312+4217,11.92,8.35,11.39,99.76,,1.4E-12,2.61,-5.85,No,No,,No,N,0,0,1,1,2M,Simbad,67.812462,42.286381
I04314+1743,12.63,9.06,12.18,25.0,,,,-6.24,,,,,"N,Y",0,0,0,0,2M,Simbad,67.871117,17.718674
I04333+2359,12.66,8.91,11.49,56.72,15.53,1.9E-12,1.74,-7.48,Yes,No,Yes,No,D,0,1,1,1,2M,Simbad,68.349083,23.990826
I04350+0839,11.87,8.83,11.24,75.12,14.75,8.7E-13,0.62,-5.87,No,No,No,,N,0,0,1,1,2M,Simbad,68.760658,8.658471
I04356-2527,12.41,8.24,10.83,183.74,43.31,1.6E-12,4.09,-5.59,,No,No,,N,0,0,1,0,2M,Simbad,68.900795,-25.459711
I04360+1853,13.89,9.77,10.79,47.67,15.38,5.1E-13,2.63,-5.59,,No,No,,N,0,0,1,0,2M,Simbad,69.017387,18.888594
I04369-1613,13.21,9.12,10.51,112.43,34.63,2.9E-12,8.23,-5.48,,No,,,N,0,1,1,0,2M,Simbad,69.239128,-16.2185
I04378+0126,12.37,9.68,10.14,91.05,13.9,6.5E-13,1.19,-5.36,,No,No,,N,0,0,1,0,2M,Simbad,69.46386,1.44328
I04414+1404,13.39,9.58,10.77,58.37,20.23,1.1E-12,3.01,-5.6,No,No,No,,N,0,0,1,0,2M,Simbad,70.365913,14.076104
I04425+2027,13.28,9.4,11.33,41.95,,6.0E-13,2.18,-7.48,No,No,No,No,L,0,1,1,0,2M,Simbad,70.626244,20.453194
I04427+6437,13.43,9.73,10.72,53.54,6.78,5.1E-13,4.32,-5.59,No,No,,,N,0,0,1,0,2M,Simbad,70.685776,64.628082
I04439+3723W,13.32,9.71,11.2,36.19,,4.9E-13,,-7.48,No,,,Yes,D,0,1,1,0,2M,Simbad,70.986954,37.384243
I04453+1334,13.09,9.37,10.61,87.16,17.71,8.6E-13,2.92,-7.48,Yes,No,No,,D,0,1,1,0,2M,Simbad,71.331787,13.574263
I04468-1116,12.25,8.14,11.68,93.24,21.73,1.7E-12,2.75,-7.48,,No,No,,L,0,0,1,0,2M,Simbad,71.715607,-11.279915
I04480-5041,11.68,8.74,11.08,91.12,15.69,1.2E-12,1.11,-7.48,,No,,,"N,R",0,1,1,0,2M,Simbad,72.002846,-50.690441
I04487+1003,12.09,8.13,12.98,27.84,,8.7E-13,0.59,-6.55,,No,No,,N,0,0,1,1,2M,Simbad,72.197456,10.050717
I04499+2341E,11.44,8.24,10.55,244.12,,3.1E-12,1.63,-5.54,No,No,No,No,N,0,0,1,1,2M,Simbad,72.484795,23.684078
I04506-3116,11.58,8.8,10.61,135.28,29.73,9.9E-13,1.0,-5.59,,No,No,,N,0,1,1,0,2M,Simbad,72.673119,-31.274904
I04510+3127,12.95,9.01,11.55,47.41,5.97,1.4E-12,,-5.91,No,,,No,N,1,1,1,0,2M,Simbad,72.755875,31.456614
I04523+1043,12.8,9.63,11.63,25.03,,3.7E-13,0.55,-6.06,No,No,No,,N,0,0,1,0,2M,Simbad,73.099403,10.719429
I04524-1649,11.64,7.74,10.99,254.96,56.43,3.1E-12,3.75,-5.68,,No,No,,N,0,1,1,0,2M,Simbad,73.101768,-16.822834
I04540+2200,12.46,9.54,11.2,39.98,,1.8E-13,0.53,-7.48,Yes,No,No,No,D,0,1,1,0,2M,Simbad,73.523628,22.015118
I04556-1917,13.09,9.78,10.44,65.3,5.51,6.3E-13,,-5.48,,,,,N,0,1,1,0,2M,Simbad,73.918106,-19.298733
I04575-0357,12.83,9.64,10.93,47.6,9.87,,1.87,-5.7,,No,No,,N,0,1,0,0,2M,Simbad,74.377007,-3.950149
I04581+7908,12.64,9.66,10.96,43.98,6.27,2.8E-13,,-5.72,,,,,N,1,1,1,0,2M,Simbad,74.527802,79.135353
I04591+1651,13.94,9.82,11.01,36.53,24.73,4.9E-13,4.9,-5.67,No,No,No,,N,0,1,1,0,2M,Simbad,74.781891,16.865204
I04595-1246,12.87,9.45,11.98,21.74,,,,-6.2,,,,,N,0,1,0,0,2M,Simbad,74.887169,-12.774614
I04599-0333E,13.89,9.76,11.22,32.35,16.96,5.6E-13,,-7.48,,,,,L,0,1,1,0,2M,Simbad,74.993996,-3.553404
I05007-5715,10.16,7.09,11.27,359.45,58.31,2.9E-12,1.2,-5.88,,No,,,"N,Y",0,1,1,0,2M,Simbad,75.196388,-57.257076
I05024-2115,9.23,5.45,12.82,389.72,8.1,1.5E-13,-0.41,-6.54,,No,,No,N,0,1,1,0,2M,Simbad,75.618439,-21.256613
I05049-4538,12.4,9.59,10.77,55.33,,,-0.33,-5.65,,No,,,N,0,0,0,0,2M,Simbad,76.245125,-45.63747
I05091+1527,12.52,8.77,11.68,50.31,12.07,1.4E-12,2.49,-5.95,No,No,,,N,1,0,1,1,2M,Simbad,77.291519,15.459178
I05111+1548,12.08,8.97,11.69,44.14,,4.6E-13,0.23,-6.12,No,No,,,N,0,1,1,1,2M,Simbad,77.790459,15.815954
I05124+1824,12.86,9.47,12.14,18.5,,,-0.1,-6.29,,No,,,N,0,1,0,0,2M,Simbad,78.100342,18.402414
I05136+2315,12.26,9.6,10.47,69.34,,,,-5.49,No,,,No,N,0,0,0,0,2M,Simbad,78.410309,23.26313
I05160-7214,11.71,8.21,8.85,1190.53,21.38,,0.03,-7.48,,Yes,,,D,0,1,0,0,2M,Simbad,79.001633,-72.236839
I05224+3742,12.5,9.14,11.41,48.92,,,-0.29,-5.92,No,No,,No,N,1,0,0,0,2M,Simbad,80.60569,37.704178
I05228+2016,12.2,8.63,11.74,54.71,,5.7E-13,0.62,-7.48,Yes,No,Yes,No,D,0,0,1,1,2M,Simbad,80.708923,20.276703
I05256-0909,12.57,8.45,11.88,57.28,,1.5E-12,3.8,-7.48,,No,,,L,0,0,1,0,2M,Simbad,81.423622,-9.153481
I05262+5050,13.53,9.89,11.29,26.0,6.81,3.7E-13,3.79,-5.79,No,No,,No,N,0,1,1,0,2M,Simbad,81.566124,50.840202
I05270+2041,12.04,9.26,10.48,100.91,,3.5E-13,0.55,-7.48,No,No,,Yes,D,0,0,1,0,2M,Simbad,81.762756,20.697441
I05303-5358,11.83,7.91,11.59,131.83,34.18,2.1E-12,1.18,-7.48,,No,,,L,0,0,1,0,2M,Simbad,82.577454,-53.980083
I05314+2142S,12.91,9.23,11.61,36.36,,6.1E-13,3.63,-5.96,No,No,,No,N,1,0,1,0,2M,Simbad,82.854027,21.706545
I05320-0305,11.39,7.88,10.74,288.22,,3.7E-12,3.3,-7.48,,No,,,L,0,0,1,0,2M,Simbad,83.018776,-3.091493
I05333+4448,12.25,8.2,12.49,42.63,23.21,6.0E-13,1.95,-6.33,No,No,,No,N,1,1,1,1,2M,Simbad,83.329727,44.816307
I05334-5117,11.78,8.99,10.79,95.84,,4.2E-13,0.37,-7.48,,No,,,"N,R,Y",0,0,1,0,2M,Simbad,83.356621,-51.287029
I05337+0156,11.53,7.76,11.22,214.19,,3.7E-12,4.02,-5.82,,No,No,,N,1,0,1,1,2M,Simbad,83.436676,1.94542
I05341+4732,12.27,8.75,11.55,61.0,9.32,1.4E-12,1.46,-5.95,No,No,,No,N,0,1,1,1,2M,Simbad,83.54435,47.534256
I05364+5336,11.66,9.37,10.28,101.3,26.36,4.1E-13,0.87,-5.47,No,No,,No,N,0,1,1,0,2M,Simbad,84.103188,53.60601
I05437-1041,13.27,9.64,12.57,10.68,,,-0.16,-6.47,,No,,,N,0,0,0,0,2M,Simbad,85.93454,-10.698348
I05501+0511,12.61,9.37,11.22,48.28,,5.5E-13,1.56,-5.86,No,No,No,,N,0,0,1,0,2M,Simbad,87.535774,5.198244
I06012+5201,12.16,9.45,11.04,49.37,,,,-5.82,No,,,No,N,0,0,0,0,2M,Simbad,90.300591,52.032875
I06024-1634,12.1,8.99,11.19,65.58,13.1,8.1E-13,1.47,-7.48,,No,Yes,,D,0,1,1,0,2M,Simbad,90.602295,-16.580412
I06088+4257,13.71,9.86,11.98,14.76,,3.3E-13,-3.74,-7.48,Yes,Yes,,No,D,1,0,1,0,2M,Simbad,92.200623,42.955002
I06142-0035,11.9,8.76,11.52,62.41,,2.0E-12,1.24,-6.01,,No,,,N,0,0,1,0,2M,Simbad,93.555344,-0.597745
I06181+7506,11.31,8.04,10.78,236.01,61.33,2.9E-12,3.09,-5.63,,No,,,N,0,1,1,1,2M,Simbad,94.530396,75.100922
I06212+4414,11.79,8.72,11.33,74.99,14.26,1.8E-12,2.19,-7.48,Yes,No,,No,D,1,0,1,1,2M,Simbad,95.304245,44.241791
I06241-0016,13.53,9.69,11.92,18.04,,,0.48,-6.08,,No,No,,N,0,0,0,0,2M,Simbad,96.042183,-0.275126
I06268+4202,13.18,9.94,11.61,18.68,4.64,8.3E-14,0.99,-6.0,No,No,No,No,N,0,1,1,0,2M,Simbad,96.714355,42.044472
I06272+4138,14.03,9.85,12.72,7.31,,,-0.15,-6.39,,No,,,N,1,0,0,0,2M,Simbad,96.803375,41.637314
I06277+1000,13.09,9.86,11.28,27.46,,,,-5.86,,,,,N,0,0,0,0,2M,Simbad,96.933548,10.014461
I06298-0247,13.62,9.47,11.23,41.74,,8.3E-13,2.84,-7.48,,No,No,,L,0,0,1,0,2M,Simbad,97.459549,-2.79603
I06310+5002,11.12,7.87,11.22,176.3,32.48,2.4E-12,1.96,-5.8,No,No,,No,N,1,1,1,1,2M,Simbad,97.754807,50.046787
I06393-4917N,13.24,9.39,12.28,16.76,,,-0.31,-6.24,,No,,,N,0,1,0,0,2M,Simbad,99.834221,-49.291595
I06397+4303,13.65,9.91,10.92,36.59,5.07,1.6E-13,1.52,-5.64,No,No,No,No,N,0,0,1,0,2M,Simbad,99.943993,43.051567
I06438+5108,12.38,8.36,12.82,25.87,4.64,3.1E-13,0.35,-7.48,,No,Yes,No,D,1,1,1,1,2M,Simbad,100.957115,51.138905
I06488+3708,13.38,9.81,8.85,277.45,6.22,,-0.26,-7.48,No,Yes,,No,D,1,1,0,0,2M,Simbad,102.205719,37.146233
I06518+2712,11.94,9.14,10.67,92.15,15.61,8.1E-13,0.86,-5.61,No,No,No,No,N,0,1,1,0,2M,Simbad,102.951332,27.201799
I06519+0312,13.06,9.14,11.64,37.82,,1.0E-12,0.45,-5.93,,No,,,N,1,0,1,0,2M,Simbad,102.995888,3.215361
I06522+6246,13.5,9.42,12.61,12.21,,1.5E-13,1.99,-6.36,No,No,,,N,1,1,1,0,2M,Simbad,103.069153,62.782909
I06551+8427,13.49,9.72,11.86,17.7,8.65,5.9E-13,,-6.01,,,,,N,0,1,1,0,2M,Simbad,103.787048,84.452187
I06574+7405,13.13,8.93,11.32,61.66,15.81,1.3E-12,4.55,-5.78,,No,No,,N,0,1,1,1,2M,Simbad,104.358932,74.090691
I06576+4951,12.3,9.26,11.22,49.46,6.37,7.9E-13,1.18,-5.84,,No,No,No,N,0,1,1,0,2M,Simbad,104.412109,49.864994
I07082+1846,13.07,9.61,10.12,100.33,15.28,1.4E-12,2.62,-5.32,,No,No,,N,0,0,1,0,2M,Simbad,107.056023,18.777365
I07102+4700,13.34,9.71,12.32,11.9,,,0.17,-6.29,,No,,No,N,1,1,0,0,2M,Simbad,107.555916,47.016102
I07106+1713,12.45,9.72,10.8,47.69,6.81,4.3E-13,0.73,-5.68,,No,No,,N,0,1,1,0,2M,Simbad,107.652153,17.22307
I07120+5423,13.33,9.78,12.03,14.53,,,0.71,-6.14,,No,No,No,N,0,1,0,0,2M,Simbad,108.020073,54.396503
I07129+3547,12.49,8.83,12.51,21.53,,1.8E-13,0.23,-6.35,,No,,No,N,0,1,1,1,2M,Simbad,108.248055,35.784225
I07136+3846,12.94,9.71,10.6,59.53,21.53,6.0E-13,,-5.54,,,,No,N,0,1,1,0,2M,Simbad,108.424461,38.779163
I07162+3315,11.62,8.63,10.55,169.04,,,-0.43,-5.54,No,No,,No,N,1,0,0,1,2M,Simbad,109.050331,33.254303
I07187-2616,11.44,8.15,11.04,171.79,,1.7E-12,1.68,-5.76,,No,No,,N,0,0,1,0,2M,Simbad,109.684113,-26.271496
I07249+3054,12.93,9.07,12.06,27.87,5.98,5.0E-13,0.65,-6.14,No,No,,No,N,0,1,1,0,2M,Simbad,111.23658,30.910234
I07266+1850,13.83,9.98,10.87,36.49,11.93,2.5E-13,2.34,-5.63,,No,No,,N,0,1,1,0,2M,Simbad,111.67308,18.842928
I07283+3345,13.29,9.28,10.95,67.42,13.9,6.6E-13,,-7.48,No,,No,Yes,D,0,1,1,0,2M,Simbad,112.088203,33.753513
I07295+3556,11.88,8.64,10.77,135.78,24.71,1.5E-12,2.81,-5.62,,No,,No,N,0,0,1,1,2M,Simbad,112.379517,35.933392
I07316+4557,13.85,9.78,10.97,40.17,8.69,5.4E-13,5.7,-7.48,,No,No,No,L,0,1,1,0,2M,Simbad,112.910362,45.954796
I07319+3613S,10.52,6.77,11.86,278.22,50.55,,0.94,-7.48,,No,Yes,No,D,1,1,0,1,2M,Simbad,112.99054,36.219425
I07326-0813,13.07,9.2,12.61,15.08,,,,-6.41,,,,,N,0,0,0,0,2M,Simbad,113.15667,-8.221563
I07344+3626,13.03,9.75,11.54,25.12,,2.8E-13,,-6.02,,,,,N,0,1,1,0,2M,Simbad,113.611755,36.449696
I07355-1911,13.76,9.76,11.25,30.99,,,,-5.78,,,,,N,0,0,0,0,2M,Simbad,113.890343,-19.198063
I07366+4404,13.8,9.96,12.88,6.25,,,-0.24,-6.61,,No,,No,N,1,0,0,0,2M,Simbad,114.163673,44.080254
I07391-4311,13.36,9.73,7.71,789.73,,7.1E-13,5.08,-7.48,,Yes,,,D,0,0,1,0,2M,Simbad,114.784119,-43.192017
I07429-1043,13.35,9.52,11.39,33.99,,,,-5.84,,,,,N,0,0,0,0,2M,Simbad,115.731888,-10.72922
I07472+2957,13.17,9.53,11.38,34.0,,4.3E-13,2.84,-5.85,,No,No,No,N,0,0,1,0,2M,Simbad,116.820534,29.96022
I07475+4808,13.84,9.81,13.08,5.69,,,,-6.63,,,,No,N,1,0,0,0,2M,Simbad,116.885078,48.145485
I07492-7642,11.49,7.41,11.56,200.96,39.68,4.2E-12,2.37,-5.89,,No,,,N,0,1,1,0,2M,Simbad,117.302956,-76.701828
I07497-0320,13.04,8.89,10.7,117.25,34.02,,0.1,-5.56,,No,,,N,0,1,0,0,2M,Simbad,117.425613,-3.342742
I07508+4428N,12.53,9.18,11.77,34.17,6.43,3.7E-13,-0.42,-6.1,,No,,No,N,1,1,1,0,2M,Simbad,117.723534,44.471809
I07508+4428S,12.53,9.18,11.77,34.17,6.43,3.7E-13,,-6.1,,,,,N,1,1,1,0,2M,Simbad,117.723755,44.471638
I07527+2022,12.4,9.64,9.62,150.39,,,-0.42,-7.48,,Yes,,No,D,1,1,0,0,2M,Simbad,118.18856,20.370754
I07539+7009,13.67,9.86,12.77,7.29,,,,-6.53,,,,,N,0,1,0,0,2M,Simbad,118.487457,70.151871
I07545-0941,13.62,9.7,12.51,11.1,,,,-6.4,,,,,N,0,1,0,0,2M,Simbad,118.636337,-9.696624
I08010+0334,14.04,9.85,12.72,7.5,,,-0.21,-6.41,,No,,,N,1,0,0,0,2M,Simbad,120.274254,3.568448
I08017+4959,13.01,9.69,11.51,26.67,4.28,5.4E-13,0.99,-7.48,,No,Yes,No,D,0,1,1,0,2M,Simbad,120.429886,49.99596
I08031+2022,13.34,9.24,10.55,98.2,21.57,2.4E-12,5.97,-7.48,,No,,No,L,0,1,1,0,2M,Simbad,120.792366,20.37093
I08040-1219,14.04,9.93,12.18,11.24,,,-0.14,-6.17,,No,,,N,0,1,0,0,2M,Simbad,121.022919,-12.328214
I08084+2417,13.11,9.81,11.66,20.22,6.74,,1.5,-6.02,,No,No,No,N,0,1,0,0,2M,Simbad,122.122017,24.297384
I08085+5304,13.94,9.81,12.57,9.4,6.68,,0.76,-7.48,,No,Yes,No,D,0,1,0,0,2M,Simbad,122.136787,53.077122
I08105-1348,11.81,8.28,11.46,101.58,,,-0.27,-5.91,,No,,,N,0,0,0,0,2M,Simbad,122.642769,-13.81427
I08118-0855,13.38,9.46,12.74,10.52,,2.6E-13,,-6.46,,,,,N,0,1,1,0,2M,Simbad,122.969276,-8.920269
I08158+4601,13.53,9.78,11.53,23.53,9.66,2.6E-13,1.72,-5.9,,No,No,No,N,0,1,1,0,2M,Simbad,123.954178,46.022079
I08317+0545,11.93,8.91,9.94,225.54,40.15,1.5E-12,1.32,-5.26,,No,No,,N,0,0,1,1,2M,Simbad,127.94976,5.755172
I08375-2728,12.66,9.59,10.61,68.17,,,,-5.59,,,,,N,0,0,0,0,2M,Simbad,129.396378,-27.477144
I08414+6425,12.36,9.2,11.56,39.02,9.96,4.7E-13,,-6.01,,,,,N,0,1,1,0,2M,Simbad,130.374588,64.417519
I08415-6825,11.16,8.23,11.44,107.58,17.44,4.8E-13,,-6.01,,,,,N,0,1,1,0,2M,Simbad,130.386017,-68.427872
I08417+2318,13.69,9.6,11.31,35.38,,,3.32,-5.83,,No,,No,N,1,1,0,0,2M,Simbad,130.42868,23.312967
I08437+1834,12.25,9.38,11.35,40.28,,,-0.04,-5.98,,No,,,N,0,1,0,0,2M,Simbad,130.933365,18.568663
I08446-4805,13.33,9.37,12.49,13.82,,,,-6.29,,,,,N,0,0,0,0,2M,Simbad,131.162018,-48.089142
I08479-8108,13.51,9.46,12.67,11.29,,,,-6.41,,,,,N,0,0,0,0,2M,Simbad,131.979492,-81.144257
I08523-1913,12.71,9.38,11.05,54.02,,1.2E-12,,-5.75,,,,,N,0,1,1,0,2M,Simbad,133.075546,-19.221373
I08527+2230,13.46,9.99,10.09,72.23,17.82,,,-5.29,,,,No,N,0,1,0,0,2M,Simbad,133.186844,22.515577
I08540+0809,13.87,9.96,12.65,7.08,,,0.06,-6.4,,No,,,N,0,1,0,0,2M,Simbad,133.502304,8.154694
I09016-7240,12.97,8.82,13.5,9.19,,,,-6.77,,,,,N,0,0,0,0,2M,Simbad,135.412415,-72.671379
I09024+5848,13.3,9.85,10.7,50.18,12.92,1.2E-13,1.99,-5.61,,No,,,N,0,0,1,0,2M,Simbad,135.616379,58.803974
I09025+0550,13.53,9.96,12.26,11.09,,,,-6.35,,,,,N,0,1,0,0,2M,Simbad,135.644562,5.849977
I09034-0023,13.53,9.72,11.63,24.05,4.1,2.9E-13,1.67,-5.99,,No,No,,N,0,1,1,0,2M,Simbad,135.865067,-0.391639
I09040-1555,12.8,9.16,11.97,28.68,,8.9E-13,,-6.15,,,,,N,0,1,1,0,2M,Simbad,136.023117,-15.921788
I09063+1659,13.03,9.65,11.2,36.52,8.49,3.1E-13,2.72,-5.8,,No,,,N,0,1,1,0,2M,Simbad,136.587967,16.989885
I09069+4532,13.27,9.87,10.8,41.85,11.06,8.1E-13,3.6,-5.6,,No,,No,N,0,0,1,0,2M,Simbad,136.729782,45.541599
I09092-1236,13.07,9.34,11.19,47.22,11.16,4.9E-13,3.77,-5.75,,No,,,N,0,1,1,0,2M,Simbad,137.315125,-12.605112
I09097+7747,13.8,9.84,9.56,134.23,,,-0.32,-7.48,,Yes,,,D,0,1,0,0,2M,Simbad,137.430252,77.797066
I09108+3127,13.77,9.72,11.31,30.8,,,2.24,-5.8,,No,No,No,N,0,2,0,0,2M,Simbad,137.701248,31.45743
I09126+2647,12.85,9.58,11.41,31.17,,3.4E-13,,-5.89,,,,No,N,0,1,1,0,2M,Simbad,138.16716,26.792418
I09167-2447,11.82,8.7,11.05,102.33,16.41,4.3E-13,0.44,-5.78,,No,,No,N,0,1,1,0,2M,Simbad,139.183212,-24.795219
I09193+3831S,14.04,9.92,11.34,25.04,10.39,1.8E-13,3.9,-5.83,No,No,No,No,N,1,1,1,0,2M,Simbad,139.828918,38.521114
I09193+6203,11.23,8.17,10.85,196.74,33.98,1.5E-12,2.01,-7.48,,No,,,L,1,1,1,1,2M,Simbad,139.845367,62.054741
I09248+3041,13.52,9.49,10.92,53.11,22.57,,5.16,-5.62,,No,,No,N,1,1,0,0,2M,Simbad,141.211655,30.693613
I09302+2630,13.02,8.87,11.83,41.77,10.42,5.7E-13,2.17,-6.02,,No,,No,N,1,1,1,1,2M,Simbad,142.560104,26.506861
I09313+7518,12.65,9.19,12.22,20.2,,3.7E-13,,-6.23,,,,,N,1,1,1,0,2M,Simbad,142.838943,75.314827
I09313+3902,13.35,9.77,12.39,10.83,,,0.83,-6.35,,No,,No,N,0,1,0,0,2M,Simbad,142.843735,39.044941
I09324+7650,13.88,9.79,11.4,28.0,11.48,1.3E-13,1.86,-5.89,,No,,,N,1,1,1,0,2M,Simbad,143.106644,76.845177
I09327+8208,12.75,9.27,12.12,21.64,5.16,2.8E-13,,-6.22,,,,,N,0,1,1,0,2M,Simbad,143.185806,82.139236
I09428+7002,11.19,7.33,12.46,97.45,19.49,,0.89,-6.34,,No,,,N,1,0,0,1,2M,Simbad,145.71582,70.039452
I09468+7328,12.4,9.91,7.51,780.1,1026.34,,-0.59,-7.48,,Yes,,,D,0,1,0,0,2M,Simbad,146.704987,73.470421
I09488+1538,13.24,9.3,11.9,25.81,11.3,6.8E-13,1.65,-6.05,,No,,,N,1,1,1,0,2M,Simbad,147.209183,15.645817
I09494+6508,13.7,9.98,11.05,30.13,18.79,,1.91,-5.69,No,No,No,,N,1,1,0,0,2M,Simbad,147.355957,65.139877
I09508-0907,13.26,9.26,10.6,92.83,21.58,7.4E-13,4.45,-5.54,,No,No,,N,0,1,1,0,2M,Simbad,147.701355,-9.119445
I09537+2239,13.55,9.81,12.38,10.5,,,,-6.3,,,,,N,0,1,0,0,2M,Simbad,148.443161,22.651749
I09557+3521,12.81,8.85,12.19,29.21,8.55,,1.63,-6.16,,No,,No,N,1,1,0,1,2M,Simbad,148.931641,35.361584
I09570+0251,12.96,9.58,11.44,32.36,20.99,,-0.23,-5.95,,No,,,N,0,1,0,0,2M,Simbad,149.260849,2.858173
I09593+4350W,13.89,9.68,11.04,39.77,5.55,1.5E-12,6.41,-7.48,,No,,,L,1,1,1,0,2M,Simbad,149.828308,43.840385
I10019+6651,12.29,9.07,10.69,99.17,23.04,8.1E-13,2.53,-5.59,,No,,,N,0,1,1,0,2M,Simbad,150.499771,66.857712
I10043+5023,11.9,8.08,11.19,159.72,43.32,4.8E-12,4.75,-5.79,,No,,,N,1,1,1,1,2M,Simbad,151.089462,50.387089
I10107-3046,13.48,9.48,13.23,6.81,,,,-6.72,,,,No,N,0,0,0,0,2M,Simbad,152.694977,-30.780373
I10143+2104,10.01,7.07,11.08,419.75,78.69,3.2E-12,1.08,-5.78,No,No,,No,N,1,1,1,1,2M,Simbad,153.579926,21.074898
I10164-0051,13.19,9.96,10.74,42.84,10.35,5.4E-13,1.82,-5.62,,No,No,,N,0,1,1,0,2M,Simbad,154.112228,-0.860921
I10184-3150,11.45,8.87,10.19,185.65,21.68,2.0E-12,1.54,-5.4,No,No,No,,N,0,1,1,0,2M,Simbad,154.619583,-31.834114
I10188+1118,13.29,9.62,12.66,9.35,,,-0.35,-6.45,,No,,,N,0,0,0,0,2M,Simbad,154.714432,11.308793
I10196+1952,9.64,5.45,11.22,1716.02,,2.5E-11,2.64,-7.48,,No,,,L,1,0,1,1,2M,Simbad,154.901169,19.870018
I10212-3705,13.49,9.39,13.32,7.0,,,,-6.76,,,,,N,0,0,0,0,2M,Simbad,155.300293,-37.095478
I10240+3639,13.54,9.43,12.61,11.95,6.97,,8.6,-6.35,,No,,No,N,0,1,0,0,2M,Simbad,156.021133,36.659
I10242+3902W,12.65,9.68,11.25,34.13,13.59,7.0E-13,,-5.9,,,,No,N,1,0,1,0,2M,Simbad,156.054886,39.041813
I10253+3217,13.09,9.76,11.25,30.15,4.81,,-2.38,-7.48,,Yes,,No,D,0,1,0,0,2M,Simbad,156.346832,32.299644
I10280+3029,13.03,9.42,12.39,15.14,,,,-6.35,,,,No,N,0,1,0,0,2M,Simbad,157.006042,30.483437
I10332+3409W,12.79,9.08,11.47,45.9,7.09,4.6E-13,1.65,-5.85,,No,,No,N,1,0,1,0,2M,Simbad,158.30687,34.153328
I10336-2900,12.98,9.16,12.56,17.32,,,,-6.44,,,,No,N,0,1,0,0,2M,Simbad,158.412827,-29.008751
I10351+3349,12.79,9.83,11.4,24.95,,2.5E-13,,-5.96,,,,No,N,0,1,1,0,2M,Simbad,158.785797,33.830555
I10357+0215,13.57,9.83,10.98,37.98,9.57,6.2E-13,2.94,-5.69,,No,No,,N,0,1,1,0,2M,Simbad,158.945511,2.266167
I10359+2853,13.16,9.24,12.14,22.58,9.72,4.2E-13,1.47,-6.19,,No,,No,N,0,1,1,0,2M,Simbad,158.988495,28.892101
I10376-2931,13.25,9.64,12.4,11.8,,,,-6.33,,,,No,N,0,0,0,0,2M,Simbad,159.423264,-29.517662
I10384+4831,13.44,9.49,11.34,38.92,7.57,3.6E-13,4.04,-5.86,,No,,,N,1,1,1,0,2M,Simbad,159.624146,48.529076
I10397-3755,11.06,7.21,11.59,235.1,51.51,3.1E-12,3.37,-5.92,,No,,No,N,0,1,1,0,2M,Simbad,159.934753,-37.92041
I10397-4430,11.77,8.0,12.45,52.78,73.98,,-0.13,-6.35,,No,,No,N,0,1,0,0,2M,Simbad,159.939163,-44.510258
I10431+2218,12.93,9.86,11.68,19.01,,,,-6.11,,,,No,N,0,0,0,0,2M,Simbad,160.782669,22.302032
I10548+1204,13.13,9.67,10.6,60.7,,7.4E-13,,-5.51,,,,,N,0,1,1,0,2M,Simbad,163.718826,12.077868
I10552-0335S,13.16,9.56,11.67,26.19,,,0.79,-7.48,,No,Yes,,D,0,1,0,0,2M,Simbad,163.816513,-3.593917
I10554-0249,13.78,9.68,13.05,6.31,7.36,,-0.22,-6.57,,No,,,N,0,1,0,0,2M,Simbad,163.860901,-2.828577
I10564-1816,13.78,9.9,12.72,7.35,,,,-6.48,,,,,N,0,1,0,0,2M,Simbad,164.108627,-18.269361
I10568-2317,13.43,9.51,11.83,24.43,,4.1E-13,,-6.07,,,,No,N,0,0,1,0,2M,Simbad,164.200638,-23.291407
I10571+0544,12.79,9.83,10.49,57.15,19.72,7.6E-13,2.23,-5.49,,No,,,N,0,1,1,0,2M,Simbad,164.29747,5.748539
I10572+4142,13.4,9.6,12.84,8.32,,,,-6.53,,,,No,N,1,0,0,0,2M,Simbad,164.311539,41.715252
I10581+5057,13.59,9.7,11.35,29.82,,3.4E-13,5.63,-5.82,,No,,,N,0,1,1,0,2M,Simbad,164.531311,50.950806
I11018-3442,11.1,8.22,7.06,6569.91,2549.28,6.5E-12,54.06,-7.48,,No,Yes,No,D,0,1,1,0,2M,Simbad,165.466278,-34.704762
I11037+3631,13.1,9.44,12.48,13.25,,,0.2,-6.36,,No,,No,N,0,1,0,0,2M,Simbad,165.92688,36.529827
I11070-7635,12.26,9.49,9.8,140.3,,,,-7.48,,,,,"N,R",0,1,0,0,2M,Simbad,166.765976,-76.595596
I11075+4345,13.86,9.94,12.92,5.59,,,1.39,-6.54,,No,,,N,0,1,0,0,2M,Simbad,166.883606,43.765659
I11092-3001,11.12,7.63,11.22,244.75,34.59,2.4E-12,1.63,-7.48,,No,No,Yes,D,0,1,1,0,2M,Simbad,167.307541,-30.027731
I11118+3332S,12.39,8.3,11.05,138.25,27.18,2.6E-12,3.44,-5.66,,No,,No,N,1,0,1,1,2M,Simbad,167.965485,33.536469
I11159+5519,11.47,8.09,10.6,261.72,27.74,2.3E-12,2.31,-5.52,,No,,,N,1,1,1,1,2M,Simbad,168.975174,55.330746
I11183+1347,13.08,9.09,11.85,32.79,7.32,6.3E-13,3.66,-6.02,,No,,,N,0,1,1,0,2M,Simbad,169.584595,13.794226
I11193-1900,13.48,9.93,11.78,15.58,6.27,2.9E-13,1.12,-6.01,,No,,,N,0,1,1,0,2M,Simbad,169.845016,-19.008236
I11201-1029,11.43,7.81,11.66,129.14,12.2,2.3E-12,0.89,-5.98,,No,No,,N,0,1,1,0,2M,Simbad,170.025436,-10.496345
I11201+0951,12.9,9.3,11.35,44.89,9.74,7.6E-13,2.02,-5.87,,No,No,,N,0,1,1,0,2M,Simbad,170.046768,9.850614
I11203-7828,10.79,8.38,10.25,260.31,37.47,1.9E-12,0.6,-5.42,,No,,,N,0,1,1,0,2M,Simbad,170.082779,-78.472534
I11208+5410,11.91,9.35,10.48,87.12,11.06,4.3E-13,1.02,-5.52,,No,,,N,0,1,1,0,2M,Simbad,170.210251,54.169113
I11220-2446,9.28,6.4,10.91,918.22,114.77,5.7E-12,-0.1,-7.48,No,No,,No,L,0,1,1,0,2M,Simbad,170.522034,-24.777655
I11233+4448,13.2,9.15,13.13,10.07,,,,-6.65,,,,,N,1,1,0,0,2M,Simbad,170.835892,44.810795
I11246+2330W,13.52,9.69,12.84,7.61,,,,-6.53,,,,No,N,1,1,0,0,2M,Simbad,171.165283,23.516644
I11298-2146,13.32,9.96,11.25,27.19,11.67,4.9E-13,,-5.85,,,,No,N,0,1,1,0,2M,Simbad,172.464188,-21.769955
I11298+3606,13.52,9.83,11.49,23.23,,3.8E-13,1.93,-5.89,,No,No,No,N,0,1,1,0,2M,Simbad,172.468048,36.111515
I11301-3042,13.34,9.31,12.98,10.21,,,,-6.6,,,,No,N,0,1,0,0,2M,Simbad,172.528839,-30.712265
I11314+1344,12.84,9.32,11.38,41.23,9.33,3.0E-13,2.4,-5.86,,No,,,N,0,1,1,0,2M,Simbad,172.853683,13.745464
I11317-4102,11.55,7.37,11.07,338.08,,4.2E-12,5.01,-5.7,,No,,No,N,0,0,1,0,2M,Simbad,172.943939,-41.046459
I11319-3436,11.39,7.67,11.08,270.28,63.38,4.4E-12,3.72,-7.48,,No,No,No,L,0,1,1,0,2M,Simbad,172.980286,-34.607601
I11323-4627,12.48,8.55,13.05,18.17,,,0.04,-6.62,,No,,No,N,0,1,0,0,2M,Simbad,173.09288,-46.46574
I11332+1344,12.25,9.59,10.35,81.09,14.9,6.4E-13,1.17,-7.48,,No,No,,L,0,1,1,0,2M,Simbad,173.317749,13.739805
I11336+1413,12.25,9.45,10.86,59.22,,,-0.51,-5.72,,No,,,N,0,1,0,0,2M,Simbad,173.404816,14.229685
I11341+5553,13.79,9.75,11.61,22.16,3.19,,1.51,-5.92,No,No,,,N,1,1,0,0,2M,Simbad,173.53627,55.888355
I11362-0526,12.08,9.3,10.49,96.78,,,-0.43,-5.54,,No,,,N,0,1,0,0,2M,Simbad,174.071106,-5.447142
I11372-0129,12.13,9.2,11.14,57.43,,,,-5.83,,,,,N,0,0,0,0,2M,Simbad,174.307938,-1.487782
I11374+4727,10.09,7.41,10.95,338.35,48.41,4.7E-12,0.52,-7.48,No,No,,,L,0,1,1,1,2M,Simbad,174.352402,47.462452
I11379+2951,13.73,9.51,13.15,7.08,,,,-6.63,,,,No,N,0,1,0,0,2M,Simbad,174.494247,29.85553
I11386+2343N,13.04,9.62,12.26,13.76,,,,-6.31,,,,No,N,1,1,0,0,2M,Simbad,174.668976,23.729967
I11404+7704,12.33,8.38,13.11,21.06,,,-0.66,-6.68,,No,,,N,1,0,0,1,2M,Simbad,175.123535,77.071869
I11417+3806,12.67,9.57,11.51,27.9,,,,-5.96,,,,No,N,0,1,0,0,2M,Simbad,175.443344,38.115845
I11428+0029,13.26,9.7,12.5,10.66,,,,-6.44,,,,,N,0,1,0,0,2M,Simbad,175.702805,0.490633
I11461+4001W,12.74,9.03,10.75,101.26,20.45,1.4E-12,1.91,-5.62,,No,No,No,N,0,1,1,0,2M,Simbad,176.532547,40.029671
I11468+0608,13.01,9.38,11.5,36.96,8.65,6.7E-13,1.28,-7.48,,No,Yes,,D,0,1,1,0,2M,Simbad,176.718704,6.149502
I11474+2339,13.53,9.88,12.59,8.14,,,-0.32,-6.44,,No,,No,N,1,0,0,0,2M,Simbad,176.873123,23.6513
I11485+0741,13.64,9.48,11.47,34.03,9.05,5.8E-13,7.21,-5.89,,No,,,N,1,1,1,0,2M,Simbad,177.147858,7.694584
I11505+2903S,13.71,9.73,10.06,99.75,,,-0.11,-7.48,Yes,Yes,,No,D,2,1,0,0,2M,Simbad,177.64299,29.061317
I11519+0731,12.42,8.81,10.59,147.65,34.07,1.9E-12,2.85,-5.58,,No,,,N,0,1,1,1,2M,Simbad,177.986725,7.52396
I11523+1640,13.54,9.73,12.2,12.93,,,-0.03,-6.18,,No,,,N,0,1,0,0,2M,Simbad,178.085541,16.671984
I11529+3554,13.93,9.96,10.78,39.68,10.41,3.2E-13,3.21,-5.57,,No,No,No,N,0,1,1,0,2M,Simbad,178.238144,35.912754
I11585+5933W,11.86,8.3,12.48,37.42,,,-0.49,-6.38,,No,,,N,1,1,0,1,2M,Simbad,179.645737,59.556202
I11591-7616,13.07,9.59,12.05,18.05,,,,-6.22,,,,,N,0,1,0,0,2M,Simbad,179.794266,-76.266891
I12002+7932,12.84,9.79,10.99,39.48,9.75,6.5E-13,,-5.75,,,,,N,0,1,1,0,2M,Simbad,180.05098,79.538857
I12023+2835,13.14,9.13,12.29,19.29,6.18,3.9E-13,0.84,-7.48,,No,Yes,No,D,1,1,1,0,2M,Simbad,180.575333,28.587269
I12040+6856,13.85,9.97,11.29,24.57,,1.7E-13,,-5.79,,,,,N,0,1,1,0,2M,Simbad,181.020706,68.945068
I12052-2533W,13.09,9.27,11.76,31.28,5.99,,,-6.03,,,,No,N,0,0,0,0,2M,Simbad,181.303528,-25.565004
I12118+1249,12.55,9.46,11.33,36.5,4.51,,0.19,-5.87,,No,,,N,0,1,0,0,2M,Simbad,182.971191,12.820428
I12121+1248,12.54,9.72,11.17,33.43,,,0.11,-5.85,,No,,,N,0,1,0,0,2M,Simbad,183.0354,12.801419
I12121+4849,12.91,9.26,12.52,15.71,,5.4E-13,,-6.41,,,,,N,1,1,1,0,2M,Simbad,183.047348,48.817654
I12153-0237,11.37,8.67,11.06,100.48,15.24,6.6E-13,0.8,-5.86,,No,No,,N,0,1,1,0,2M,Simbad,183.826614,-2.62454
I12155-3948,11.16,8.17,11.18,146.88,,,0.93,-7.48,,No,,Yes,D,0,0,0,0,2M,Simbad,183.877991,-39.811821
I12156+5239,12.56,8.59,11.05,109.0,23.6,1.8E-12,5.05,-5.68,,No,,,N,0,1,1,1,2M,Simbad,183.914047,52.65247
I12157+5231,13.23,9.98,5.26,6937.87,5709.06,2.8E-13,8.15,-7.48,,Yes,No,,D,0,1,1,0,2M,Simbad,183.933807,52.517048
I12159+0538N,10.59,7.26,11.33,275.3,3.68,,-0.57,-5.81,,No,,,N,1,1,0,1,2M,Simbad,183.993164,5.640362
I12160-5614,11.17,8.77,9.95,250.64,,1.9E-12,0.57,-5.3,,No,,,N,0,0,1,0,2M,Simbad,184.004807,-56.235287
I12168+0258N,13.18,9.23,9.47,251.92,,,-0.08,-7.48,,Yes,,,D,2,1,0,0,2M,Simbad,184.216125,2.968032
I12179+2751S,12.87,9.7,11.73,20.68,,,-0.18,-6.08,,No,,No,N,0,1,0,0,2M,Simbad,184.492401,27.857687
I12205+4219,12.26,9.82,10.52,58.83,9.25,5.3E-13,1.34,-5.63,No,No,,No,N,0,1,1,0,2M,Simbad,185.149811,42.321697
I12206+3139,13.45,9.63,12.65,9.86,,,,-6.45,,,,No,N,0,2,0,0,2M,Simbad,185.172058,31.65576
I12213+5745,12.98,9.46,12.16,17.92,6.48,,,-6.25,No,,,,N,0,1,0,0,2M,Simbad,185.339432,57.752476
I12214+3038E,14.09,9.99,12.05,12.39,7.68,,2.34,-6.13,No,No,No,No,N,1,1,0,0,2M,Simbad,185.362732,30.643269
I12218+0605,13.59,9.89,11.9,15.41,,,1.14,-6.09,No,No,,,N,0,1,0,0,2M,Simbad,185.462784,6.089055
I12234-2309,10.79,8.16,10.51,259.26,29.84,1.9E-12,0.43,-5.55,,No,No,No,N,0,0,1,0,2M,Simbad,185.867676,-23.161369
I12248+4043,12.34,9.14,11.35,50.69,7.39,1.4E-13,0.15,-7.48,,No,,Yes,D,1,1,1,0,2M,Simbad,186.201187,40.727062
I12265+3347,12.75,9.59,11.39,31.82,6.41,2.5E-13,0.25,-5.91,,No,,No,N,0,1,1,0,2M,Simbad,186.634445,33.788845
I12278+3338,12.54,9.44,11.38,35.48,,,,-5.89,,,,No,N,0,1,0,0,2M,Simbad,186.963333,33.64539
I12347-2111,11.46,9.04,10.61,104.28,9.34,8.2E-13,,-5.65,,,,No,N,0,1,1,0,2M,Simbad,188.698761,-21.190315
I12354+3827,13.09,9.51,12.34,14.28,,,,-6.32,,,,No,N,1,0,0,0,2M,Simbad,188.857697,38.456993
I12376+3450,12.12,9.32,10.83,66.81,6.32,3.9E-13,0.33,-5.68,No,No,,No,N,0,1,1,0,2M,Simbad,189.419983,34.848759
I12386-2703,12.53,8.73,11.72,54.25,14.21,8.7E-13,1.46,-6.02,,No,No,No,N,0,1,1,0,2M,Simbad,189.654678,-27.059721
I12390+4702,12.21,8.65,12.09,40.85,5.26,6.8E-13,0.97,-6.21,,No,No,,N,1,1,1,1,2M,Simbad,189.769577,47.039742
I12405+3922,13.88,9.94,13.0,5.3,,,,-6.58,,,,No,N,1,0,0,0,2M,Simbad,190.138229,39.376442
I12444+1532,13.86,9.99,11.98,12.7,,,1.21,-7.48,Yes,No,No,,D,0,1,0,0,2M,Simbad,191.104034,15.536803
I12477-2323,13.83,9.88,12.4,10.29,,,,-6.34,,,,No,N,0,1,0,0,2M,Simbad,191.946274,-23.394377
I12485+4933,12.51,8.68,11.23,90.81,18.42,2.3E-12,5.39,-5.82,No,No,,,N,0,1,1,1,2M,Simbad,192.143768,49.565018
I12490+6606,10.84,6.88,13.19,72.09,8.41,1.6E-12,1.47,-7.48,,No,,,L,1,0,1,1,2M,Simbad,192.261627,66.110199
I12520+0540,12.72,9.63,10.76,55.04,7.94,5.1E-13,1.84,-5.62,No,No,No,,N,0,1,1,0,2M,Simbad,193.024765,5.669535
I12522+2908,12.88,9.29,10.92,66.31,7.81,1.4E-12,2.51,-5.67,,No,No,No,N,1,1,1,0,2M,Simbad,193.053543,29.14909
I12568+2329E,13.16,9.86,10.92,36.05,12.72,,3.34,-5.61,No,No,No,No,N,0,0,0,0,2M,Simbad,194.219711,23.497406
I12576+3513E,10.57,7.4,11.13,305.78,58.34,6.0E-12,1.35,-5.8,,No,No,No,N,1,0,1,1,2M,Simbad,194.417801,35.225014
I13007+1222,9.79,6.44,11.32,634.45,143.84,1.3E-11,2.46,-5.86,,No,,,N,1,0,1,1,2M,Simbad,195.194183,12.375726
I13010+7235,13.89,9.92,13.1,4.82,,,,-6.62,,,,,N,1,1,0,0,2M,Simbad,195.260681,72.585846
I13020+1222,12.75,9.09,11.6,41.75,,1.0E-12,3.25,-7.48,,No,,,L,1,1,1,0,2M,Simbad,195.524414,12.37259
I13060-2143,12.91,9.26,12.64,13.89,,,,-6.48,,,,No,N,0,1,0,0,2M,Simbad,196.519394,-21.733154
I13115+1306,13.48,9.66,12.42,11.33,,,0.39,-6.3,,No,No,,N,0,1,0,0,2M,Simbad,197.894333,13.11282
I13121+3213,13.53,9.73,12.33,11.89,5.66,1.0E-13,,-7.48,,,,No,L,0,1,1,0,2M,Simbad,198.028793,32.221607
I13162-7308,13.26,9.25,12.94,10.5,,,,-6.54,,,,,N,0,0,0,0,2M,Simbad,199.068924,-73.142914
I13168-1019,13.93,9.97,11.31,24.68,15.63,4.9E-13,5.39,-5.82,,No,No,,N,0,1,1,0,2M,Simbad,199.205826,-10.321742
I13195-4245,12.05,8.62,11.09,104.97,18.49,1.7E-12,1.61,-5.76,No,No,,No,N,0,1,1,0,2M,Simbad,199.885666,-42.758358
I13201+8512,12.18,9.15,10.98,72.33,,,-0.14,-5.76,,No,,,N,1,0,0,0,2M,Simbad,200.044083,85.214577
I13248-1650,13.73,9.79,13.05,5.73,,,,-6.6,,,,,N,0,0,0,0,2M,Simbad,201.215302,-16.837162
I13254-4218,13.45,9.89,12.52,8.99,,,,-6.47,,,,,N,0,1,0,0,2M,Simbad,201.365402,-42.303593
I13261-1854,13.97,9.78,12.9,6.75,,,,-6.49,,,,,N,0,1,0,0,2M,Simbad,201.545135,-18.905247
I13268+4532,13.17,9.39,8.3,655.72,20.68,1.1E-12,2.51,-7.48,,Yes,No,Yes,D,1,1,1,0,2M,Simbad,201.721954,45.546299
I13271+0000,13.02,9.74,11.7,20.72,,,0.38,-6.04,,No,,,N,0,1,0,0,2M,Simbad,201.777847,0.013416
I13275-2139,13.65,9.66,13.04,6.8,,,0.07,-6.61,,No,,No,N,0,1,0,0,2M,Simbad,201.893661,-21.665945
I13285-3654,14.04,9.83,11.5,22.27,,2.9E-13,1.52,-5.84,,No,,No,N,0,1,1,0,2M,Simbad,202.137238,-36.906498
I13285-2305,12.97,8.91,12.81,14.91,,,-0.53,-6.4,,No,,No,N,0,1,0,0,2M,Simbad,202.137436,-23.098413
I13294-1422,13.13,9.06,11.83,35.28,9.89,6.6E-13,4.76,-6.04,,No,,,N,0,1,1,0,2M,Simbad,202.350403,-14.37009
I13344+6956,13.59,9.59,7.53,1133.89,447.13,5.1E-13,3.47,-7.48,,Yes,,,D,0,1,1,0,2M,Simbad,203.605087,69.940926
I13352+1714,13.19,9.87,9.23,180.45,62.78,1.3E-13,2.58,-7.48,Yes,Yes,No,,D,0,1,1,0,2M,Simbad,203.801956,17.235802
I13384-2516,12.42,8.66,10.59,163.08,40.37,1.3E-12,3.56,-5.54,No,No,No,,N,0,1,1,0,2M,Simbad,204.606689,-25.279636
I13407-3110,12.51,9.15,12.08,27.39,,,,-6.3,,,,No,N,0,1,0,0,2M,Simbad,205.189743,-31.170799
I13417+5815,12.64,8.73,12.18,34.36,8.52,5.1E-13,2.27,-7.48,,No,,,L,0,1,1,1,2M,Simbad,205.442993,58.255478
I13441-7706,13.12,9.6,12.34,13.64,,,,-6.36,,,,,N,0,0,0,0,2M,Simbad,206.046143,-77.101273
I13451+7859,13.87,9.65,11.53,27.04,3.31,1.7E-13,1.79,-5.9,,No,,,N,0,1,1,0,2M,Simbad,206.279282,78.993271
I13472+2345,13.74,9.93,12.85,6.08,,,,-6.54,,,,No,N,0,1,0,0,2M,Simbad,206.801208,23.751812
I13506-1816,13.08,9.65,12.01,17.63,,,,-6.21,,,,,N,0,1,0,0,2M,Simbad,207.661865,-18.269569
I13517+3142,13.4,9.59,12.9,7.97,,,,-6.56,,,,No,N,1,1,0,0,2M,Simbad,207.938049,31.716021
I13590-0109,13.86,9.76,11.29,29.46,5.53,3.0E-13,,-5.78,,,,,N,0,1,1,0,2M,Simbad,209.754883,-1.16003
I14003+1333,12.94,9.58,12.1,16.33,,,,-6.22,,,,,N,0,1,0,0,2M,Simbad,210.080307,13.560977
I14021-0355,12.76,8.94,11.24,66.05,12.76,8.0E-13,2.09,-5.77,,No,No,,N,0,1,1,0,2M,Simbad,210.543198,-3.91698
I14025+4620N,10.11,6.26,12.54,235.45,28.88,4.9E-13,-0.33,-6.36,No,No,,No,N,1,1,1,1,2M,Simbad,210.637543,46.340931
I14025+4620S,9.86,6.27,12.58,235.45,28.88,4.9E-13,-0.2,-6.49,,No,,No,N,1,1,1,1,2M,Simbad,210.638077,46.339897
I14027-2431,12.72,8.63,13.22,13.69,8.22,9.3E-13,0.21,-6.62,,No,,No,N,0,1,1,0,2M,Simbad,210.694611,-24.530628
I14072-6342,13.55,9.89,12.22,11.19,,,,-6.23,,,,,N,0,0,0,0,2M,Simbad,211.812271,-63.709236
I14102+3115,13.86,9.96,11.4,24.5,,,0.96,-7.48,,No,Yes,No,D,0,0,0,0,2M,Simbad,212.564423,31.260155
I14128-1629,13.36,9.51,11.37,36.39,13.23,5.3E-13,,-5.87,,,,,N,0,1,1,0,2M,Simbad,213.202637,-16.49896
I14138+2447,13.24,9.24,12.97,9.78,,,,-6.51,,,,No,N,1,0,0,0,2M,Simbad,213.471115,24.797594
I14143-1521,10.23,7.43,10.53,511.57,101.48,5.7E-12,0.9,-7.48,No,No,Yes,,D,0,1,1,0,2M,Simbad,213.589035,-15.356018
I14150+4248,12.22,9.74,10.22,74.81,12.23,4.3E-13,,-7.48,No,,,Yes,D,0,1,1,0,2M,Simbad,213.761978,42.81147
I14159-1102,12.35,9.0,11.59,48.36,,3.3E-13,1.28,-6.03,No,No,No,,N,0,1,1,0,2M,Simbad,213.975739,-11.045718
I14165-0725,13.76,9.81,10.27,74.95,13.28,1.1E-12,2.79,-7.48,,Yes,No,,D,0,1,1,0,2M,Simbad,214.138702,-7.427291
I14171+5000,13.21,9.59,10.8,53.37,12.06,6.1E-13,2.21,-5.57,,No,No,,N,0,1,1,0,2M,Simbad,214.284897,50.002266
I14175+0233,13.05,9.27,12.46,16.48,7.76,3.8E-13,1.19,-6.36,,No,No,,N,0,0,1,0,2M,Simbad,214.37587,2.562106
I14176-1958,13.01,9.89,11.3,26.45,,,,-5.88,,,,,N,0,1,0,0,2M,Simbad,214.413223,-19.980856
I14197+1244,13.1,9.58,11.99,18.97,,,1.31,-6.17,,No,No,,N,0,1,0,0,2M,Simbad,214.94104,12.741653
I14219+2516,13.06,9.73,11.9,16.92,,,,-6.12,,,,,N,0,1,0,0,2M,Simbad,215.475342,25.270098
I14254+6541N,13.25,9.25,13.25,8.2,,,,-6.72,,,,,N,1,1,0,0,2M,Simbad,216.369263,65.697701
I14259+1412,11.36,8.15,10.13,393.95,87.35,3.7E-12,3.01,-7.48,,No,No,,L,0,0,1,1,2M,Simbad,216.483063,14.202836
I14261+3827,13.39,9.93,11.82,15.67,5.89,,-0.47,-6.08,No,No,,No,N,1,1,0,0,2M,Simbad,216.52771,38.459343
I14276+2233,12.64,9.8,11.3,27.99,,,0.46,-5.94,,No,No,No,N,0,1,0,0,2M,Simbad,216.921448,22.564173
I14332-2212,13.85,9.68,12.93,7.4,,,,-6.53,,,,No,N,0,0,0,0,2M,Simbad,218.300888,-22.208494
I14335-1100W,13.66,9.72,11.4,27.92,,7.5E-13,,-5.83,,,,,N,0,1,1,0,2M,Simbad,218.376846,-11.005669
I14360-2212,12.69,9.38,11.97,23.72,,,,-6.22,,,,No,N,0,0,0,0,2M,Simbad,219.024323,-22.200294
I14368+5820,12.14,8.08,12.09,60.72,18.13,8.2E-13,1.49,-7.48,,No,,,L,1,0,1,1,2M,Simbad,219.220795,58.348679
I14374+4128,13.66,9.95,11.35,23.55,8.88,5.3E-13,4.44,-5.82,,No,No,No,N,0,1,1,0,2M,Simbad,219.372772,41.476402
I14386-0257,14.0,9.86,11.86,15.93,,2.7E-13,2.42,-6.01,,No,No,,N,0,1,1,0,2M,Simbad,219.663971,-2.956618
I14403-2752,13.62,9.57,13.26,5.7,,,,-6.67,,,,No,N,0,0,0,0,2M,Simbad,220.092209,-27.87841
I14419-1653,13.34,9.35,10.92,61.4,54.66,,-0.23,-7.48,,Yes,,,D,0,1,0,0,2M,Simbad,220.496216,-16.887001
I14436-0414,13.05,9.51,10.7,69.65,17.23,3.3E-13,2.67,-5.61,,No,No,,N,0,1,1,0,2M,Simbad,220.908493,-4.243192
I14444-0424W,13.78,9.73,10.34,75.81,19.25,4.7E-13,,-5.41,,,,,N,0,0,1,0,2M,Simbad,221.117111,-4.402205
I14511+3106,12.5,8.41,11.35,98.56,31.98,9.7E-13,3.92,-5.81,,No,,No,N,1,1,1,1,2M,Simbad,222.79332,31.111185
I14517-0530S,13.28,9.74,11.52,25.37,,1.7E-13,,-5.94,,,,,N,0,1,1,0,2M,Simbad,222.937378,-5.511312
I14519-2206,13.25,9.77,11.79,18.86,,,,-6.06,,,,No,N,0,1,0,0,2M,Simbad,222.983978,-22.11121
I14544+1606,10.11,6.63,12.0,284.36,55.16,3.0E-12,0.79,-7.48,No,No,,,L,1,1,1,1,2M,Simbad,223.62178,16.101078
I14556-0527,13.66,9.91,11.76,17.78,,,0.48,-6.05,,No,,,N,0,1,0,0,2M,Simbad,223.920395,-5.464248
I14568+1245,13.88,9.77,12.65,8.16,,,,-6.35,No,,,,N,1,1,0,0,2M,Simbad,224.209229,12.75168
I15016-5903,13.23,9.86,11.85,16.35,,,,-6.12,,,,,N,0,0,0,0,2M,Simbad,225.422195,-59.051395
I15050+2438,13.51,9.68,12.4,11.5,,3.4E-13,0.46,-6.29,,No,,No,N,0,1,1,0,2M,Simbad,226.254227,24.644232
I15063+6210,12.41,9.84,10.58,53.49,9.87,1.3E-13,,-5.61,,,,,N,0,1,1,0,2M,Simbad,226.578674,62.170685
I15063+0915N,13.57,9.99,12.0,12.48,,,,-6.14,,,,,N,0,1,0,0,2M,Simbad,226.588669,9.263077
I15073+4333,13.73,9.6,12.8,8.51,,7.4E-13,0.93,-7.48,,No,Yes,,D,0,0,1,0,2M,Simbad,226.849304,43.564762
I15086-1839,13.76,9.79,11.23,30.43,,,,-5.76,,,,,N,0,1,0,0,2M,Simbad,227.164566,-18.651495
I15088+4934S,12.76,9.15,11.04,67.46,20.17,1.0E-12,,-5.72,,,,,N,0,1,1,0,2M,Simbad,227.222168,49.568401
I15099-0226,13.73,9.8,11.34,28.61,14.5,8.1E-13,,-5.85,,,,,N,0,1,1,0,2M,Simbad,227.491638,-2.434041
I15104+1328,13.81,9.75,11.74,19.44,8.9,,3.25,-5.96,,No,No,,N,0,1,0,0,2M,Simbad,227.612701,13.467104
I15110+2712,13.13,9.53,12.56,11.32,,,,-6.42,,,,No,N,1,1,0,0,2M,Simbad,227.770096,27.212421
I15137+0754,12.81,9.21,11.05,63.98,9.51,5.5E-13,,-5.74,,,,,N,0,1,1,0,2M,Simbad,228.433701,7.903454
I15165+1257,13.05,9.25,12.7,13.37,6.4,2.8E-13,,-6.48,,,,,N,1,1,1,0,2M,Simbad,229.138626,12.956716
I15171-1652,13.2,9.66,11.49,28.25,,,,-5.94,,,,,N,0,1,0,0,2M,Simbad,229.288147,-16.868504
I15173-2759,11.08,8.23,11.23,126.17,18.36,7.3E-13,-0.24,-5.89,,No,,No,N,0,1,1,0,2M,Simbad,229.338287,-27.997154
I15204-3037,11.24,8.78,10.17,203.56,29.96,,0.82,-5.42,No,No,No,No,N,0,1,1,0,2M,Simbad,230.100601,-30.625483
I15218+2058,10.02,6.61,11.18,610.48,104.76,7.0E-12,2.9,-5.79,No,No,,No,N,1,1,1,1,2M,Simbad,230.470535,20.977737
I15236+3837,13.12,9.61,11.25,35.15,10.31,,1.44,-7.48,,No,Yes,No,D,0,0,0,0,2M,Simbad,230.902496,38.630257
I15238+5329,12.95,9.33,12.27,18.68,5.96,1.2E-13,,-6.31,,,,,N,1,1,1,0,2M,Simbad,230.953781,53.499744
I15238+5609,11.68,8.79,10.62,134.82,15.5,1.4E-12,2.78,-5.59,,No,,,N,0,1,1,1,2M,Simbad,230.974426,56.158894
I15311+3920,13.64,9.8,12.98,5.93,,,,-6.59,,,,No,N,1,1,0,0,2M,Simbad,232.791336,39.342438
I15316-2654,13.54,9.62,12.67,9.88,,,,-6.44,,,,,N,0,1,0,0,2M,Simbad,232.909439,-26.902006
I15354+6005,13.4,9.27,8.94,414.27,97.18,1.7E-12,5.7,-4.85,No,No,No,,N,1,1,1,0,2M,Simbad,233.856995,60.085445
I15360-1929W,13.76,9.9,11.83,15.43,,,3.0,-6.01,,No,No,,N,0,0,0,0,2M,Simbad,234.0121,-19.48443
I15413+1124,13.06,9.99,11.08,28.94,,,,-5.77,,,,,N,0,1,0,0,2M,Simbad,235.346085,11.406693
I15416+1828,12.39,8.96,11.31,64.93,8.89,1.1E-12,1.52,-5.88,,No,No,,N,0,1,1,1,2M,Simbad,235.405212,18.468983
I15437+4450,13.36,9.86,11.05,34.44,4.56,,,-5.72,,,No,,N,0,0,0,0,2M,Simbad,235.927979,44.847717
I15453+7514,13.05,9.72,12.12,14.29,,1.1E-13,,-6.26,,,,,N,0,1,1,0,2M,Simbad,236.348099,75.248558
I15455+7321,13.74,9.78,12.66,8.56,,,,-6.43,,,,,N,1,0,0,0,2M,Simbad,236.384399,73.361008
I15469-1931,13.25,9.35,10.95,62.01,,4.7E-13,3.32,-5.68,,No,,,N,0,0,1,0,2M,Simbad,236.736237,-19.525539
I15510+2000,13.16,9.44,10.47,85.52,9.18,2.9E-13,1.97,-5.46,,No,No,No,N,0,1,1,0,2M,Simbad,237.750031,20.010811
I15512+3040,12.64,8.97,12.59,18.48,,,0.14,-6.43,,No,,No,N,1,1,0,1,2M,Simbad,237.81189,30.67844
I15516+1840,13.01,9.8,11.15,34.57,4.06,,1.11,-5.84,,No,No,,N,0,0,0,0,2M,Simbad,237.91304,18.673208
I15545-1310,12.89,9.12,12.04,27.41,,,1.54,-6.14,,No,,,N,0,1,0,0,2M,Simbad,238.630112,-13.172159
I15550-0305,12.51,9.81,10.78,40.08,,,-1.59,-5.57,,No,,,N,0,0,0,0,2M,Simbad,238.771042,-3.096993
I15557-1020,13.62,9.39,10.55,85.47,28.22,7.7E-13,4.6,-5.5,,No,,,N,0,1,1,0,2M,Simbad,238.926453,-10.333774
I15557+6840,11.97,8.59,11.17,98.32,10.66,1.6E-12,1.79,-5.78,,No,,,N,0,1,1,1,2M,Simbad,238.946854,68.67054
I15569+3738,13.19,9.42,10.95,56.41,14.51,9.0E-13,2.16,-5.66,,No,No,No,N,0,1,1,0,2M,Simbad,239.242599,37.637173
I15579+6010,11.14,8.76,10.45,158.6,16.93,1.1E-12,0.68,-5.58,,No,,,N,0,1,1,1,2M,Simbad,239.47905,60.173985
I15581+4927,11.95,8.73,10.9,112.36,21.35,1.7E-12,3.5,-5.69,,No,,,N,1,1,1,1,2M,Simbad,239.542923,49.452335
I15583+3524,12.68,8.69,13.04,15.7,15.08,,0.04,-6.58,,No,,No,N,1,0,0,1,2M,Simbad,239.578369,35.406731
I15587+2351E,13.43,9.82,10.93,38.98,20.67,,5.95,-5.65,,No,No,No,N,0,1,0,0,2M,Simbad,239.687943,23.855162
I15597+4403,11.83,8.51,10.99,130.06,26.81,1.5E-12,2.69,-5.74,,No,,,N,0,1,1,1,2M,Simbad,239.947067,44.066536
I16002-0230,12.55,9.28,11.93,26.25,,,0.63,-6.19,,No,,,N,0,1,0,0,2M,Simbad,240.05011,-2.516518
I16022+4029,13.56,9.96,11.58,18.51,,,2.06,-5.91,,No,No,No,N,0,1,0,0,2M,Simbad,240.572845,40.496685
I16060+3316,13.01,9.71,12.04,15.14,,,,-6.2,,,,No,N,1,1,0,0,2M,Simbad,241.5065,33.269836
I16148+6038,13.71,9.82,11.84,16.34,,,0.26,-6.0,,No,,,N,1,0,0,0,2M,Simbad,243.720718,60.641151
I16159+3852,11.91,9.0,11.06,73.92,6.94,7.2E-13,0.11,-5.8,,No,,No,N,0,1,1,1,2M,Simbad,243.997543,38.869473
I16170+5516,9.95,6.6,10.7,945.33,131.34,7.0E-12,2.12,-7.48,,No,,No,L,1,1,1,1,2M,Simbad,244.272446,55.269245
I16180+0617,12.76,8.95,12.56,19.24,3.99,2.5E-13,1.26,-6.37,,No,No,,N,0,1,1,1,2M,Simbad,244.520538,6.286391
I16186+3127,13.15,9.92,11.74,17.16,,2.8E-13,,-6.09,,,,,N,0,1,1,0,2M,Simbad,244.658737,31.455166
I16196+7655,12.6,9.36,10.46,94.02,29.63,8.3E-13,2.76,-5.48,,No,,,N,0,1,1,0,2M,Simbad,244.911331,76.921257
I16210-1405,13.62,9.74,12.42,10.23,,,,-6.26,,,,,N,0,1,0,0,2M,Simbad,245.265823,-14.0983
I16220+2250,12.43,8.9,10.78,102.28,23.55,1.7E-12,1.81,-5.57,,No,No,No,N,0,1,1,1,2M,Simbad,245.504929,22.839382
I16243+7754,13.75,9.87,11.0,36.7,13.97,6.0E-13,,-5.71,,,,,N,1,1,1,0,2M,Simbad,246.077194,77.902428
I16243+1959W,13.29,9.32,11.16,50.94,15.71,1.2E-12,4.32,-5.74,,No,,,N,0,1,1,0,2M,Simbad,246.09465,19.989622
I16250-1215,12.92,9.19,12.62,15.61,,,,-6.48,,,,,N,0,0,0,0,2M,Simbad,246.25618,-12.257148
I16255+2601,12.54,8.4,13.24,17.77,,,0.08,-6.68,,No,,No,N,1,1,0,1,2M,Simbad,246.38475,26.027256
I16258-1359,12.53,9.86,10.72,42.5,,,-0.99,-5.6,,No,,,N,0,0,0,0,2M,Simbad,246.452942,-13.98661
I16276+3541,13.71,9.6,11.34,33.68,7.42,7.1E-13,3.76,-5.82,,No,No,No,N,0,1,1,0,2M,Simbad,246.90654,35.695263
I16327+1958,13.37,9.9,11.75,17.23,,,1.56,-6.04,,No,No,,N,1,1,0,0,2M,Simbad,248.195877,19.975208
I16352+3547,13.97,9.89,13.3,4.47,,,,-6.75,,,,No,N,1,1,0,0,2M,Simbad,248.808304,35.789104
I16363+1000,12.82,9.79,11.39,25.93,10.81,,,-5.92,,,,,N,1,1,0,0,2M,Simbad,249.08725,10.002104
I16366-2038,12.63,9.82,11.12,33.18,,,,-5.86,,,,,N,0,1,0,0,2M,Simbad,249.167587,-20.641373
I16412+5344,12.28,9.32,11.31,43.31,11.82,2.5E-13,1.32,-5.91,,No,,No,N,0,0,1,0,2M,Simbad,250.314346,53.73642
I16430-1754,12.57,9.44,10.68,73.64,,8.0E-13,,-5.62,,,,,N,0,1,1,0,2M,Simbad,250.755356,-17.907663
I16439-2508,11.2,8.28,10.96,161.18,,2.9E-12,2.15,-5.76,No,No,No,,N,0,0,1,0,2M,Simbad,250.987122,-25.143534
I16439-7530,11.76,8.43,8.83,995.37,231.38,1.9E-12,1.88,-7.48,,Yes,,,D,0,1,1,0,2M,Simbad,250.990479,-75.505844
I16458+0343,12.48,9.27,11.22,49.96,8.22,5.6E-13,1.38,-7.48,,No,No,,L,0,0,1,0,2M,Simbad,251.460922,3.717083
I16475+2519We,12.33,9.42,10.6,77.82,17.59,7.0E-13,,-5.58,,,,No,N,0,1,1,0,2M,Simbad,251.884354,25.327225
I16481-2023,13.09,9.99,11.66,17.19,,,,-6.08,,,,,N,0,0,0,0,2M,Simbad,252.04834,-20.399265
I16521+2021,12.75,9.45,11.19,43.24,14.7,5.5E-13,1.16,-5.79,,No,No,No,N,1,1,1,0,2M,Simbad,253.049683,20.362637
I16529+4005,13.39,9.39,13.06,8.52,,,,-6.62,,,,No,N,1,1,0,0,2M,Simbad,253.229172,40.08567
I16547+4232,13.45,9.9,11.02,34.42,7.3,4.9E-13,,-5.72,,,,No,N,0,1,1,0,2M,Simbad,253.687683,42.540943
I16597+3657,13.51,9.72,10.88,46.09,,7.5E-13,3.62,-5.64,,No,,No,N,0,1,1,0,2M,Simbad,254.948517,36.964863
I17019-4049,13.13,9.48,12.51,12.77,,,,-6.41,,,,,N,0,0,0,0,2M,Simbad,255.487595,-40.827179
I17022+5103,12.46,9.35,11.34,42.1,6.52,4.9E-13,1.51,-5.91,,No,,,N,0,1,1,0,2M,Simbad,255.550156,51.05793
I17033-4109,10.34,7.33,11.22,268.89,,,-1.46,-5.76,,No,,,N,0,0,0,0,2M,Simbad,255.828354,-41.164036
I17038+3211,12.05,7.89,11.69,112.77,24.06,1.4E-12,2.33,-7.48,Yes,No,,,D,1,1,1,1,2M,Simbad,255.970154,32.196053
I17076+4918,13.69,9.99,12.25,9.77,,,,-6.23,,,,,N,1,1,0,0,2M,Simbad,256.918121,49.309849
I17081+4829,13.86,9.74,11.55,23.09,8.89,2.1E-13,2.88,-5.86,,No,,No,N,0,1,1,0,2M,Simbad,257.029572,48.490826
I17106-5206,12.8,9.06,12.82,14.58,,,,-6.59,,,,,N,0,0,0,0,2M,Simbad,257.673187,-52.111275
I17130+7356,13.71,9.95,11.02,31.23,7.11,3.7E-13,,-5.65,,,,,N,0,0,1,0,2M,Simbad,258.253235,73.934753
I17131-1834,10.46,7.31,11.2,308.97,63.99,3.9E-12,0.05,-5.82,,No,,,N,0,1,1,0,2M,Simbad,258.298157,-18.573547
I17133-0005,12.29,9.65,9.61,152.94,,,-0.42,-7.48,,Yes,,,D,0,1,0,0,2M,Simbad,258.34079,-0.09395
I17149-0533,12.62,9.83,10.65,46.55,,,-1.45,-5.54,,No,,,N,0,1,0,0,2M,Simbad,258.738312,-5.557122
I17154+1328,13.12,9.67,12.02,16.41,,,1.24,-6.18,,No,No,,N,0,1,0,0,2M,Simbad,258.854675,13.476192
I17183+1808,13.07,9.05,13.03,11.34,,1.6E-13,,-6.56,,,,,N,1,1,1,0,2M,Simbad,259.593506,18.149
I17199+2630W,11.26,7.27,12.41,106.64,28.09,4.4E-12,12.28,-6.29,,No,,No,N,1,1,1,1,2M,Simbad,259.975861,26.500799
I17219+1811,13.31,9.78,12.45,10.31,,,,-6.42,,,,,N,0,1,0,0,2M,Simbad,260.492096,18.198729
I17246+6147,13.61,9.45,12.58,12.15,,2.2E-13,,-6.33,,,,,N,1,1,1,0,2M,Simbad,261.166443,61.797451
I17251-0633,12.47,9.26,11.05,59.05,8.62,9.6E-13,1.08,-5.74,,No,No,,N,0,0,1,0,2M,Simbad,261.289185,-6.564906
I17304+3344,13.51,9.46,12.18,18.11,,8.8E-14,1.63,-6.2,No,No,,,N,1,1,1,0,2M,Simbad,262.611298,33.747921
I17321+5024N,12.88,9.01,13.03,11.95,,,,-6.62,,,,,N,1,0,0,0,2M,Simbad,263.032623,50.413929
I17348+7844,12.81,9.49,10.68,69.32,12.33,8.0E-13,2.89,-5.59,,No,,,N,0,1,1,0,2M,Simbad,263.715546,78.738533
I17349+3852,13.13,9.61,7.68,967.86,200.58,,,-4.33,,,,,N,0,1,0,0,2M,Simbad,263.746918,38.87883
I17369+4859,13.23,9.54,11.31,38.6,10.97,7.1E-13,,-5.87,,,,,N,0,1,1,0,2M,Simbad,264.246918,48.996113
I17380+3329,11.54,8.52,11.63,67.07,7.79,3.7E-13,-0.13,-7.48,,No,Yes,No,D,0,1,1,1,2M,Simbad,264.503174,33.496223
I17385-5832,12.46,8.48,12.06,46.52,12.8,2.8E-12,3.22,-6.1,,No,,,N,0,0,1,0,2M,Simbad,264.635468,-58.542881
I17395+5650,13.51,9.94,11.85,14.92,,1.9E-13,,-6.06,,,,No,N,0,1,1,0,2M,Simbad,264.890259,56.837326
I17518+0714,13.57,9.46,10.42,87.86,20.68,8.4E-13,3.12,-5.43,,No,No,,N,0,1,1,0,2M,Simbad,267.959351,7.246468
I17520-2357,12.7,9.28,11.38,45.87,,2.5E-13,,-7.48,,,,,"N,R",0,0,1,0,2M,Simbad,268.007233,-23.965908
I17520+5636,13.32,9.23,11.21,53.2,10.79,5.6E-13,,-5.76,,,,No,N,0,1,1,0,2M,Simbad,268.012268,56.607719
I17530+1655,12.78,8.7,11.52,63.46,,,-0.06,-7.48,,Yes,,,D,1,0,0,1,2M,Simbad,268.252594,16.917488
I17541-7514,11.82,8.68,6.02,9346.07,,,-1.55,-7.48,,Yes,,,D,0,0,0,0,2M,Simbad,268.525116,-75.236198
I17545+3653,11.87,8.88,11.43,56.78,,3.2E-13,0.33,-5.94,No,No,,,N,0,1,1,1,2M,Simbad,268.640472,36.89843
I17566-4444,12.28,8.98,11.48,50.37,,,0.86,-5.93,,No,,,N,0,0,0,0,2M,Simbad,269.158356,-44.735519
I18043-8007,13.4,9.86,12.42,9.65,,,,-6.38,,,,,N,0,0,0,0,2M,Simbad,271.089874,-80.120377
I18067+6822,13.21,9.69,11.67,22.69,8.91,1.8E-13,,-5.99,,,,,N,0,1,1,0,2M,Simbad,271.682007,68.367569
I18133+0751,13.25,9.36,12.02,22.45,,2.5E-13,1.5,-6.12,,No,No,,N,0,0,1,0,2M,Simbad,273.334534,7.864905
I18135+0532,13.8,9.7,13.06,6.33,,,-0.19,-6.6,,No,,,N,1,0,0,0,2M,Simbad,273.388153,5.536662
I18205+1927,12.71,9.57,11.82,22.46,,,,-6.17,,,,,N,0,0,0,0,2M,Simbad,275.149261,19.465466
I18292-1543,13.2,9.82,11.72,19.68,,,,-6.07,,,,,N,0,0,0,0,2M,Simbad,277.31546,-15.730864
I18317-7652,13.23,9.45,12.5,12.98,,,,-6.35,,,,,N,0,0,0,0,2M,Simbad,277.92746,-76.88002
I18353-3123W,12.45,8.65,10.86,123.87,,4.4E-12,7.98,-5.63,,No,No,,N,0,0,1,0,2M,Simbad,278.839752,-31.393934
I18363+1336S,12.32,8.19,12.26,51.19,,6.7E-13,0.76,-6.18,,No,,,N,1,1,1,1,2M,Simbad,279.080139,13.607338
I18396+1623,12.4,9.35,10.61,81.09,14.66,7.3E-13,1.36,-7.48,,No,,,L,0,1,1,0,2M,Simbad,279.909973,16.387083
I18399+3324,13.33,9.13,12.17,24.46,,,,-6.17,,,,,N,1,0,0,0,2M,Simbad,279.999634,33.415092
I18441+4814,13.92,9.86,13.31,4.37,,2.2E-13,,-6.73,,,,No,N,0,0,1,0,2M,Simbad,281.047485,48.236691
I18458+5047,13.63,9.91,11.25,26.48,10.0,2.9E-13,3.82,-5.77,,No,,No,N,0,0,1,0,2M,Simbad,281.464417,50.798813
I18498-2350,10.37,6.22,12.49,261.2,71.54,5.7E-12,1.52,-6.31,,No,No,,N,0,1,1,0,2M,Simbad,282.455566,-23.836205
I18507-3147,11.19,8.31,10.58,219.94,,2.3E-12,1.38,-5.57,No,No,No,,"N,Y",0,0,1,0,2M,Simbad,282.685333,-31.796501
I19034+4832,13.06,9.64,12.08,16.49,,,,-6.24,,,,No,N,0,1,0,0,2M,Simbad,285.873566,48.547798
I19053-5434,13.3,9.41,11.41,37.81,,,2.79,-5.87,,No,,,N,0,1,0,0,2M,Simbad,286.334625,-54.578552
I19062+1741,12.81,9.57,10.95,49.18,16.9,6.1E-13,2.27,-5.7,,No,No,,N,0,0,1,0,2M,Simbad,286.56308,17.697052
I19163+1539,12.76,9.85,10.57,53.38,,,-0.39,-5.55,,No,,,N,0,0,0,0,2M,Simbad,289.098175,15.662133
I19241-0931,13.96,9.83,12.47,10.06,,,1.04,-6.34,,No,No,,N,0,1,0,0,2M,Simbad,291.045593,-9.526146
I19266-2132,13.51,9.97,12.12,11.47,,,,-6.22,,,,No,N,0,0,0,0,2M,Simbad,291.673218,-21.539093
I19287+5401,13.05,9.77,11.03,39.15,,,0.23,-5.75,,No,,No,N,1,0,0,0,2M,Simbad,292.187988,54.025921
I19428-4406,13.35,9.43,11.18,45.09,8.95,7.0E-13,2.31,-7.48,,No,,No,L,0,1,1,0,2M,Simbad,295.721893,-44.10775
I19442-5146,12.87,9.93,11.19,28.7,,,-0.44,-5.88,,No,,,N,0,0,0,0,2M,Simbad,296.050812,-51.782547
I19472+6402,12.43,9.25,11.58,35.49,,5.3E-13,2.06,-5.99,,No,,,N,0,1,1,0,2M,Simbad,296.809998,64.043831
I19515-4025,13.54,9.58,12.76,9.4,,,,-6.48,,,,,N,0,1,0,0,2M,Simbad,297.899872,-40.422489
I19542+5346,13.87,9.94,12.83,6.17,,,,-6.5,,,,No,N,1,0,0,0,2M,Simbad,298.571899,53.778431
I19560-3207,11.59,8.71,11.25,83.67,18.07,,0.69,-7.48,,No,,No,"N,R",0,1,0,0,2M,Simbad,299.018219,-32.127144
I20011-6022,13.09,9.55,10.81,58.28,15.25,7.3E-13,3.01,-5.64,,No,,,N,0,1,1,0,2M,Simbad,300.275177,-60.373402
I20037+6425,11.42,8.27,11.14,128.59,21.5,4.8E-13,-0.1,-5.75,,No,,,N,0,1,1,1,2M,Simbad,300.949219,64.429741
I20047+5113,13.57,9.49,13.14,7.44,,,,-6.66,,,,No,N,1,0,0,0,2M,Simbad,301.197662,51.221371
I20070+6709,13.61,9.51,13.36,5.79,,,,-6.75,,,,,N,1,0,0,0,2M,Simbad,301.758057,67.164322
I20077-3145,12.19,8.27,12.03,61.52,16.73,1.5E-12,-0.29,-6.14,,No,,,N,0,1,1,0,2M,Simbad,301.937378,-31.753885
I20094-2313,11.59,8.89,10.38,146.73,14.09,8.3E-13,0.87,-5.46,,No,No,No,N,0,1,1,0,2M,Simbad,302.351929,-23.221821
I20108-3844,13.65,9.55,12.95,7.66,,,,-6.5,,,,,N,0,0,0,0,2M,Simbad,302.710602,-38.742397
I20187+1550,12.13,8.17,13.02,25.43,,9.1E-14,-0.01,-6.56,,No,,,N,1,0,0,1,2M,Simbad,304.685699,15.846189
I20228+0825,13.47,9.89,12.24,10.14,,,,-6.2,,,,,N,1,1,0,0,2M,Simbad,305.703186,8.4224
I20244+2307,13.6,9.62,11.94,19.59,,,,-6.11,,,,,N,0,0,0,0,2M,Simbad,306.105042,23.12813
I20263+0431,12.37,9.91,10.5,49.12,4.65,4.0E-13,-0.01,-5.51,,No,,,N,0,0,1,0,2M,Simbad,306.583466,4.526257
I20287-1128,12.43,8.39,11.14,127.93,34.15,1.2E-12,4.09,-5.77,,No,No,,N,0,0,1,0,2M,Simbad,307.181763,-11.475225
I20301+7950,12.3,8.48,11.22,105.39,,3.1E-12,3.92,-5.78,,No,,,N,0,0,1,1,2M,Simbad,307.529663,79.846329
I20324+2608,13.9,9.83,12.6,7.66,,,,-6.28,,,,No,N,0,0,0,0,2M,Simbad,308.120819,26.14341
I20348+3157,12.87,9.72,11.67,21.09,,,,-6.04,,,,,N,0,0,0,0,2M,Simbad,308.709534,31.963232
I20396+0458E,9.63,5.51,11.56,1095.72,24.8,3.7E-13,-0.75,-5.84,,No,,,N,1,1,1,1,2M,Simbad,309.907318,4.971921
I20423+5311,12.82,9.62,11.21,37.03,,1.2E-13,,-5.83,,,,No,N,0,0,1,0,2M,Simbad,310.591797,53.192577
I20435+2407,11.95,8.24,10.96,164.95,,2.9E-12,3.16,-5.67,No,No,No,No,N,0,0,1,1,2M,Simbad,310.89386,24.127996
I20451-3120,8.81,5.44,11.09,2062.18,384.92,4.7E-11,1.97,-5.79,,No,,No,"N,Y",0,1,1,0,2M,Simbad,311.289673,-31.340851
I20469-0259,12.04,9.12,10.86,81.16,15.07,6.0E-13,1.39,-5.71,,No,No,,"N,Y",0,1,1,0,2M,Simbad,311.741516,-2.992277
I20504+4144,13.27,9.61,11.62,25.49,,1.2E-13,0.32,-5.96,,No,,No,N,0,0,1,0,2M,Simbad,312.624542,41.741318
I20514+3104,12.13,9.21,11.29,51.81,,,-0.34,-5.95,No,No,,,N,1,0,0,0,2M,Simbad,312.870453,31.072861
I20532-0221,12.98,9.33,11.81,28.79,,4.4E-13,2.06,-7.48,,No,No,,L,0,0,1,0,2M,Simbad,313.311096,-2.356066
I20549+6735,12.46,8.75,11.91,43.05,8.57,,-0.18,-6.08,,No,,,N,1,1,0,1,2M,Simbad,313.72699,67.585594
I20568-0450,11.87,7.82,12.28,66.34,24.87,2.2E-12,1.45,-7.48,,No,No,,L,0,0,1,0,2M,Simbad,314.202087,-4.846942
I21000+4004W,10.12,6.67,11.59,374.46,,7.2E-12,2.51,-7.48,,No,,,L,1,0,1,1,2M,Simbad,315.022156,40.070316
I21010+2615,13.18,9.66,11.49,27.62,,8.0E-13,0.75,-5.93,No,No,No,No,N,0,0,1,0,2M,Simbad,315.257629,26.261053
I21012+3314,12.25,8.44,11.72,65.77,,2.4E-13,0.49,-5.96,No,No,,No,N,1,1,1,1,2M,Simbad,315.317108,33.242439
I21047+0732,13.66,9.56,12.89,8.2,,,,-6.49,,,,,N,1,1,0,0,2M,Simbad,316.19751,7.546468
I21061+5359,13.39,9.8,12.56,9.2,,,,-6.47,,,,No,N,1,0,0,0,2M,Simbad,316.536713,53.989304
I21065-8054,14.0,9.92,12.69,7.28,,,,-6.42,,,,,N,0,1,0,0,2M,Simbad,316.640961,-80.900894
I21076-1304,12.65,8.73,11.04,101.21,28.54,1.3E-12,3.32,-5.73,,No,No,,N,0,1,1,0,2M,Simbad,316.903259,-13.082834
I21114-2958,14.07,9.85,13.51,3.78,,,,-6.82,,,,No,N,0,1,0,0,2M,Simbad,317.859192,-29.970537
I21121+0235,13.05,9.9,10.25,71.1,,,,-5.42,,,,,N,0,1,0,0,2M,Simbad,318.025787,2.592998
I21145+2905,13.68,9.68,11.95,18.24,,,0.13,-6.1,No,No,,,N,0,1,0,0,2M,Simbad,318.628204,29.091791
I21176-0854Wn,12.13,8.47,11.54,78.87,8.59,3.9E-13,0.56,-5.93,,No,No,,N,0,1,1,0,2M,Simbad,319.400604,-8.903144
I21185+3014,11.87,8.64,11.14,97.8,,8.7E-13,2.12,-5.79,No,No,,No,N,0,0,1,1,2M,Simbad,319.640625,30.242956
I21221+2255,10.55,7.4,11.66,180.56,,,-0.37,-7.48,Yes,No,,No,D,1,1,0,1,2M,Simbad,320.526184,22.931429
I21254-8138,11.97,8.24,10.87,189.26,37.29,5.2E-12,3.74,-5.67,,No,,,N,0,1,1,0,2M,Simbad,321.364502,-81.641022
I21255+0253,13.7,9.93,11.38,23.85,,,2.21,-5.85,,No,No,,N,0,1,0,0,2M,Simbad,321.377686,2.894254
I21281+6321,13.85,9.99,11.78,15.24,,7.9E-14,,-6.0,No,,,,N,1,0,1,0,2M,Simbad,322.039185,63.350391
I21287-4715,12.13,9.14,10.97,71.44,17.49,1.2E-12,1.17,-7.48,,No,,,"N,R",0,1,1,0,2M,Simbad,322.18512,-47.261696
I21323+2433,12.49,8.48,12.59,30.84,9.24,9.5E-13,3.22,-6.4,,No,,No,N,1,1,1,1,2M,Simbad,323.091736,24.561621
I21334+2212,13.4,9.53,12.33,13.79,,,,-6.24,,,,No,N,1,1,0,0,2M,Simbad,323.370422,22.210419
I21337-7353,12.52,9.4,11.53,33.96,18.64,,-0.48,-6.02,,No,,,N,0,1,0,0,2M,Simbad,323.43045,-73.894379
I21385+1114,13.4,9.65,12.76,8.77,,,,-6.53,,,,,N,1,1,0,0,2M,Simbad,324.640411,11.247461
I21410+3504,9.51,6.8,10.05,1275.41,8.98,,-0.87,-7.48,No,Yes,,No,D,0,1,0,1,2M,Simbad,325.258148,35.07909
I21410+1935,13.82,9.73,11.17,32.74,,3.9E-13,8.07,-5.69,,No,No,,N,0,0,1,0,2M,Simbad,325.269226,19.593163
I21411-1011,12.06,9.33,10.78,73.75,10.84,8.0E-13,,-5.72,,,,,N,0,1,1,0,2M,Simbad,325.298401,-10.18338
I21414+2043,13.43,9.43,11.54,31.55,11.55,5.6E-13,3.57,-5.88,No,No,No,No,N,0,1,1,0,2M,Simbad,325.360931,20.719654
I21421-1209S,12.71,8.92,12.56,21.27,12.58,6.3E-13,-0.06,-6.43,,No,,,N,0,1,1,0,2M,Simbad,325.531097,-12.163272
I21432-0147,14.02,9.88,12.0,14.33,,,,-6.11,,,,,N,0,1,0,0,2M,Simbad,325.807617,-1.789689
I21442+0638,12.06,8.27,12.33,44.6,,3.0E-13,0.62,-6.26,,No,No,,N,1,0,1,1,2M,Simbad,326.054169,6.641485
I21450-2429,11.82,9.22,10.42,107.31,15.32,8.2E-13,,-7.48,,,,No,"N,R",0,1,1,0,2M,Simbad,326.259155,-24.48601
I21490-7206,9.53,6.54,11.34,580.44,108.41,6.4E-12,1.22,-5.97,,No,,,N,0,1,1,0,2M,Simbad,327.2742,-72.102448
I21492+5922,13.69,9.72,11.97,17.02,,3.7E-13,,-6.11,,,,No,N,0,0,1,0,2M,Simbad,327.322449,59.380875
I21521+0537,12.13,8.25,11.02,157.18,36.61,2.1E-12,3.97,-5.7,,No,No,,"N,Y",1,1,1,1,2M,Simbad,328.043396,5.626641
I21521+2725,14.06,9.98,11.76,14.09,,,-0.51,-7.48,No,Yes,,No,D,1,0,0,0,2M,Simbad,328.049103,27.41678
I21552+3307,13.68,9.85,10.76,45.92,14.57,3.6E-13,2.42,-5.6,,No,No,No,N,0,1,1,0,2M,Simbad,328.800751,33.13131
I21558+6914,13.38,9.98,11.82,14.93,,,,-6.08,,,,,N,0,1,0,0,2M,Simbad,328.969452,69.248695
I21570+3826,12.99,9.9,11.33,23.53,10.18,2.6E-13,0.17,-5.84,No,No,,No,N,1,1,1,0,2M,Simbad,329.258759,38.442101
I21570-5606,12.07,9.79,10.05,85.18,,8.8E-13,0.44,-7.48,,No,,,"L,R",0,0,1,0,2M,Simbad,329.266785,-56.100498
I21576-5100E,10.56,6.75,10.57,954.28,177.46,7.9E-12,4.46,-7.48,,No,,,L,0,0,1,0,2M,Simbad,329.421692,-51.006111
I22006+2715,11.37,8.56,10.31,222.43,,1.6E-12,1.26,-7.48,Yes,No,No,No,D,0,0,1,1,2M,Simbad,330.173309,27.253777
I22030-3035,13.62,9.78,12.25,11.55,,,,-6.18,,,,No,N,0,0,0,0,2M,Simbad,330.754669,-30.58547
I22078-3704,13.2,9.27,11.07,57.8,18.17,9.4E-13,3.05,-5.7,,No,No,No,N,0,1,1,0,2M,Simbad,331.974365,-37.07333
I22090+7019,12.22,8.94,11.06,77.93,,,,-5.73,,,,,N,0,0,0,1,2M,Simbad,332.273804,70.331245
I22135+2558,13.68,9.51,12.55,11.9,,3.9E-13,,-6.33,,,,No,N,1,0,1,0,2M,Simbad,333.398743,25.969601
I22142+1712,11.33,8.75,8.8,717.58,68.47,,-0.49,-7.48,,Yes,,,D,0,1,0,1,2M,Simbad,333.553467,17.207129
I22146-2141,10.42,7.54,11.09,271.68,46.03,1.8E-12,1.12,-7.48,,No,No,Yes,D,0,1,1,0,2M,Simbad,333.659882,-21.698139
I22169+1823,12.01,9.07,11.32,52.07,9.7,2.6E-13,0.25,-5.89,,No,,,N,0,1,1,0,2M,Simbad,334.247589,18.399092
I22187+3321,12.95,9.33,11.77,29.86,,3.6E-13,1.57,-7.48,No,No,No,No,L,0,1,1,0,2M,Simbad,334.677734,33.353806
I22204-0727,13.39,9.8,11.08,35.71,,4.0E-13,2.29,-5.75,,No,No,,N,0,0,1,0,2M,Simbad,335.1008,-7.459494
I22234+3227,10.76,6.9,7.38,15415.87,,9.1E-12,5.08,-7.48,Yes,Yes,,No,D,1,1,1,1,2M,Simbad,335.871185,32.459461
I22257+6905,14.08,9.86,11.47,23.6,,1.0E-12,4.68,-5.87,,No,,,N,0,0,1,0,2M,Simbad,336.4263,69.091667
I22268+5328,13.33,9.86,11.94,14.57,,,,-6.11,,,,,N,1,0,0,0,2M,Simbad,336.716675,53.476551
I22274-3500,13.84,9.77,12.82,7.54,2.72,,,-6.5,,,,No,N,0,1,0,0,2M,Simbad,336.863037,-35.014069
I22278-0113,13.45,9.47,11.05,51.13,,6.3E-13,4.6,-5.73,,No,No,,N,0,0,1,0,2M,Simbad,336.953491,-1.231325
I22280-0411,13.84,9.82,13.19,4.85,,,,-6.64,,,,,N,0,1,0,0,2M,Simbad,337.004974,-4.199656
I22312+1709,13.15,9.52,12.12,17.47,,,,-6.2,,,,,N,1,1,0,0,2M,Simbad,337.813782,17.162382
I22328+4810,13.54,9.51,11.61,27.49,,2.3E-13,1.89,-5.9,No,No,No,No,N,1,0,1,0,2M,Simbad,338.207214,48.17881
I22333-0936,12.37,8.53,11.3,93.24,31.84,2.4E-12,4.32,-7.48,,No,No,,L,0,1,1,0,2M,Simbad,338.344421,-9.614936
I22342+3128,13.55,9.74,11.25,32.72,6.59,5.0E-13,2.83,-5.81,No,No,No,No,N,0,1,1,0,2M,Simbad,338.568665,31.479923
I22384-6522,11.46,7.27,11.29,296.49,93.74,2.9E-12,3.02,-7.48,,No,,,L,0,1,1,0,2M,Simbad,339.623688,-65.378479
I22387-2037,9.38,5.67,11.42,1179.31,226.59,2.7E-11,1.22,-7.48,,No,No,No,L,0,1,1,0,2M,Simbad,339.689819,-20.621122
I22399+3218,14.02,9.97,11.42,19.67,,,-0.79,-7.48,No,Yes,,No,D,0,0,0,0,2M,Simbad,339.995209,32.306477
I22400+6423,13.33,9.63,11.27,34.67,,4.1E-13,1.59,-5.8,,No,,,N,1,0,1,0,2M,Simbad,340.001617,64.386955
I22415+2602,12.99,9.04,11.46,49.08,9.58,3.0E-13,2.04,-5.86,No,No,No,No,N,0,1,1,0,2M,Simbad,340.399078,26.036932
I22428-7142,10.42,7.79,10.66,345.98,54.73,5.2E-12,0.79,-5.69,,No,,,"N,Y",0,0,1,0,2M,Simbad,340.703857,-71.705894
I22430-2007,13.76,9.7,12.65,9.06,,,,-6.39,,,,,N,0,0,0,0,2M,Simbad,340.75824,-20.121731
I22437+1916,13.14,9.24,12.07,23.24,,,1.16,-6.13,No,No,No,,N,0,1,0,0,2M,Simbad,340.932404,19.281734
I22486-3108,12.37,8.41,12.9,25.34,18.53,,-0.27,-6.58,,No,,No,N,0,1,0,0,2M,Simbad,342.159973,-31.144773
I22492+0908W,13.8,9.84,12.94,6.56,,,,-6.61,,,,,N,0,1,0,0,2M,Simbad,342.307739,9.147794
I22494-2608,12.39,9.19,10.17,142.81,26.73,5.0E-13,,-5.36,,,,No,N,0,1,1,0,2M,Simbad,342.370544,-26.139679
I22499+1744E,12.78,9.71,10.38,68.6,9.15,2.4E-13,2.04,-5.4,No,No,,,N,0,0,1,0,2M,Simbad,342.484283,17.744831
I22503+1944,13.78,9.96,12.51,8.12,,,0.22,-6.36,,No,,,N,1,0,0,0,2M,Simbad,342.579498,19.749229
I22518+3145,11.66,7.7,11.3,194.49,47.57,3.5E-12,4.3,-5.78,No,No,,No,N,1,0,1,1,2M,Simbad,342.972992,31.754221
I22561-0009,12.4,9.48,6.12,4680.43,4713.08,4.7E-13,2.97,-7.48,,Yes,,,D,0,1,1,0,2M,Simbad,344.034088,-0.166616
I22582-1104,12.96,9.07,11.97,30.03,3.07,7.5E-13,2.17,-6.09,,No,,,N,0,1,1,0,2M,Simbad,344.568512,-11.071409
I23006-2604,13.05,9.54,11.31,34.29,,,-0.23,-5.79,,No,,No,N,0,1,0,0,2M,Simbad,345.152863,-26.08214
I23030+3706,13.86,9.98,10.76,39.0,7.84,9.5E-13,4.13,-7.48,No,No,No,Yes,D,0,0,1,0,2M,Simbad,345.767395,37.103878
I23045+4014,13.13,9.85,11.21,29.6,,3.7E-13,1.33,-5.81,No,No,No,No,N,0,1,1,0,2M,Simbad,346.141907,40.243835
I23060+6355,10.87,7.82,10.89,258.89,,3.7E-12,2.05,-5.69,,No,,,"N,Y",1,0,1,1,2M,Simbad,346.520111,63.92622
I23063+1236,11.44,8.38,11.03,134.83,24.71,1.8E-12,1.6,-7.48,No,No,,,L,1,1,1,1,2M,Simbad,346.599304,12.607404
I23064-0029E,12.74,9.08,11.53,48.48,,,0.26,-5.98,,No,,,N,0,1,0,0,2M,Simbad,346.615814,-0.493717
I23083-1524,11.03,7.98,10.68,277.19,37.8,3.0E-12,0.79,-5.61,,No,No,,N,0,1,1,0,2M,Simbad,347.081451,-15.409946
I23106-6108,13.34,9.99,10.54,51.06,9.19,,3.8,-5.56,,No,,,N,0,0,0,0,2M,Simbad,347.662781,-61.134113
I23119-1701,13.28,9.57,10.76,59.85,17.01,,5.18,-5.6,,No,No,,N,0,0,0,0,2M,Simbad,347.990814,-17.033007
I23133+5937,13.18,9.22,11.5,43.29,,8.4E-13,,-5.93,No,,,,N,0,0,1,0,2M,Simbad,348.348175,59.618885
I23157-1221,12.82,9.26,10.95,66.8,19.67,1.5E-12,5.13,-5.69,,No,,,N,0,1,1,0,2M,Simbad,348.932281,-12.363498
I23174+1936,12.0,8.02,11.5,123.3,36.12,2.0E-12,3.88,-7.48,No,No,,,L,1,1,1,1,2M,Simbad,349.367218,19.612974
I23195-3939,12.25,9.07,11.87,32.61,,,,-6.16,,,,No,N,0,1,0,0,2M,Simbad,349.887756,-39.656597
I23209-0147,13.56,9.36,10.99,58.48,11.3,7.4E-13,,-7.48,,,,,L,0,0,1,0,2M,Simbad,350.240326,-1.79369
I23221-0301,11.38,8.73,10.55,148.49,20.37,1.1E-12,0.52,-5.55,,No,,,N,0,1,1,0,2M,Simbad,350.54538,-3.028284
I23238+5325,13.46,9.69,12.18,14.23,,,,-6.22,,,,No,N,0,0,0,0,2M,Simbad,350.951019,53.433247
I23261-7323,11.87,8.84,10.82,113.52,35.72,1.6E-12,1.51,-5.7,,No,,,"N,Y",0,1,1,0,2M,Simbad,351.544617,-73.397209
I23283+0028,13.3,9.37,12.52,13.88,3.37,3.1E-13,,-6.36,,,,,N,1,1,1,0,2M,Simbad,352.09375,0.477644
I23293+4128,11.77,7.92,11.16,185.39,34.44,5.3E-12,5.44,-5.76,No,No,,No,N,1,1,1,1,2M,Simbad,352.347778,41.468575
I23300+1643,12.5,9.13,11.67,38.92,6.0,,2.27,-6.05,No,No,No,,N,0,1,0,0,2M,Simbad,352.506012,16.720037
I23302-2023,11.11,7.2,11.69,225.36,,3.7E-12,3.35,-7.48,,No,No,No,L,0,0,1,0,2M,Simbad,352.555939,-20.390942
I23318+1956Wn,10.05,6.16,11.06,1011.26,295.01,,4.32,-7.48,Yes,No,No,,D,1,1,0,1,2M,Simbad,352.967316,19.937267
I23325-1215,10.59,7.45,11.36,244.04,46.24,4.8E-12,1.02,-5.94,,No,No,,"N,Y",0,1,1,0,2M,Simbad,353.128601,-12.264285
I23333+2714,12.89,9.35,12.36,16.41,,4.3E-13,,-6.35,,,,No,N,1,1,1,0,2M,Simbad,353.327759,27.239452
I23334+7620,13.8,9.88,9.26,172.24,,,,-4.95,,,,,N,0,0,0,0,2M,Simbad,353.36676,76.336708
I23341-1531,12.19,8.91,10.75,113.02,,9.0E-13,1.48,-5.64,,No,No,,N,0,1,1,0,2M,Simbad,353.545837,-15.516992
I23343+2739,13.13,9.75,11.09,36.41,13.27,7.6E-13,1.88,-5.75,No,No,No,No,N,0,0,1,0,2M,Simbad,353.594818,27.665422
I23382-4131,11.95,8.36,12.52,35.8,12.71,,0.54,-6.44,,No,,No,N,0,0,0,0,2M,Simbad,354.57254,-41.517677
I23391-2557,13.8,9.71,13.19,5.64,,,,-6.67,,,,No,N,0,1,0,0,2M,Simbad,354.780121,-25.965681
I23425+6010,13.17,9.79,11.53,21.23,,,-0.55,-5.86,No,No,,,N,1,0,0,0,2M,Simbad,355.629272,60.181664
I23439+6444,11.3,8.15,10.95,179.03,,2.1E-12,2.26,-7.48,,No,,,L,1,0,1,1,2M,Simbad,355.997711,64.741356
I23450+1458,12.64,9.41,11.54,33.09,4.99,2.2E-13,0.83,-7.48,No,No,Yes,,D,1,1,1,0,2M,Simbad,356.27002,14.982594
I23451+3003,13.93,9.84,12.32,10.91,5.21,,1.2,-6.24,No,No,No,No,N,0,1,0,0,2M,Simbad,356.286163,30.055134
I23476-2316,13.82,9.79,12.51,9.64,,,1.76,-6.34,,No,No,No,N,0,1,0,0,2M,Simbad,356.90744,-23.268345
I23479+2544,13.61,9.91,12.29,10.83,3.96,,0.29,-6.3,No,No,,No,N,1,1,0,0,2M,Simbad,356.981598,25.738239
I23486-2739,12.4,8.58,11.61,66.11,,1.2E-12,1.74,-7.48,,No,,No,L,0,0,1,0,2M,Simbad,357.150452,-27.660719
I23490-0824,13.67,9.5,12.92,8.43,,,,-6.49,,,,,N,0,1,0,0,2M,Simbad,357.259705,-8.408591
I23492+1005,13.65,9.46,12.08,18.11,,1.9E-13,1.84,-6.07,No,No,No,,N,1,1,1,0,2M,Simbad,357.312592,10.094108
I23494+1859E,12.06,9.17,11.29,51.83,8.58,,0.29,-5.93,No,No,,,N,0,1,0,0,2M,Simbad,357.359161,18.986839
I23498+3956,12.36,9.28,10.52,94.38,15.35,2.1E-13,1.15,-7.48,No,No,No,Yes,D,0,1,1,0,2M,Simbad,357.462769,39.938721
I23498+2427,13.98,9.9,11.35,24.86,9.0,5.2E-13,4.02,-7.48,No,No,No,No,L,0,1,1,0,2M,Simbad,357.473633,24.463707
I23498+2721,14.04,9.89,11.91,14.86,6.51,6.2E-13,2.6,-6.04,No,No,No,No,N,1,1,1,0,2M,Simbad,357.474304,27.361256
I23515+3127,13.6,9.82,11.01,37.19,,6.6E-13,2.75,-7.48,No,No,No,No,L,0,1,1,0,2M,Simbad,357.89032,31.456356
I23535+1206S,12.3,8.67,10.55,159.61,28.37,7.9E-13,2.41,-5.49,No,No,No,,N,0,1,1,1,2M,Simbad,358.398468,12.104627
I23536-3559,13.47,9.41,11.96,22.65,11.26,,-0.19,-7.48,,Yes,,,D,0,1,0,0,2M,Simbad,358.420654,-35.984943
I23548+8436,12.72,9.78,11.33,28.9,,2.2E-13,,-5.95,,,,,N,0,0,1,0,2M,Simbad,358.71759,84.609253
I23559-1321,13.38,9.26,11.69,32.44,11.07,3.9E-13,3.72,-5.94,,No,,,N,0,1,1,0,2M,Simbad,358.979828,-13.356616
I23563-0429,13.76,9.64,12.3,13.47,,,1.48,-6.24,,No,No,,N,0,1,0,0,2M,Simbad,359.085022,-4.492122
I23578+3837,12.62,8.69,11.46,67.79,,2.0E-12,4.16,-7.48,Yes,No,,No,D,1,0,1,1,2M,Simbad,359.457825,38.629635
I23582-1724,11.97,8.31,10.81,183.17,42.64,2.1E-12,3.42,-5.63,,No,,,N,0,0,1,0,2M,Simbad,359.557007,-17.409384
I23583+2115,13.27,9.92,11.91,14.88,,,0.11,-6.17,No,No,,No,N,1,1,0,0,2M,Simbad,359.594513,21.266293
I23590+2051,13.19,9.07,13.01,11.97,6.55,,,-6.57,,,,No,N,1,1,0,0,2M,Simbad,359.75174,20.860765
