_RAJ2000,_DEJ2000,recno,2MASS,f_2MASS,OSpT,OGrav,IRSpT,IGrav,f_IRSpT,Jmag,e_Jmag,Hmag,e_Hmag,Ksmag,e_Ksmag,W1mag,e_W1mag,W2mag,e_W2mag,W3mag,e_W3mag,W4mag,e_W4mag,Ref,Nm,Nrv,Nir,Npm,Np,pmRA,e_pmRA,pmDE,e_pmDE,Plx,e_Plx,Dist,e_Dist,RV,e_RV,E_RV,u_RV,Ref2,l_PBII,PBII,l_CBII,CBII,GBII,PL,GL,PC,GC,PBI,GBI,Mm,MCat,2M,SimbadName,_RA,_DE
0.3006872,15.5932067,1,00011217+1535355,,,-,L4,beta,,15.522,0.061,14.505,0.052,13.71,0.043,12.938,0.023,12.517,0.026,11.498,0.177,8.953,,5,,0,0,0,0,0.1352,0.0107,-0.1696,0.0137,,,,,,,,,10,,97.4,,1.1,AB DOR,35.12,AB DOR,43.1,AB DOR,99.04,AB DOR,AM,0,2M,2MASS J00011217+1535355,0.30069,15.59321
1.0120042,-64.1766139,2,00040288-6410358,,L1,gamma,L1,gamma,a,15.786,0.071,14.831,0.073,14.01,0.045,13.37,0.025,12.937,0.027,12.178,0.244,9.161,,"15, 27",*,0,1,1,0,0.064,0.012,-0.047,0.012,,,17,1,6.07,2.89,,:,1,,99.6,,0.0,TUC-HOR,38.76,TUC-HOR,100.0,TUC-HOR,100.0,TUC-HOR,HLM,1,2M,2MASS J00040288-6410358,1.012,-64.17661
4.6180383,-67.0536097,3,00182834-6703130,,,-,L0,gamma,,15.457,0.057,14.48,0.061,13.711,0.039,13.171,0.025,12.768,0.026,12.763,0.445,9.046,,5,,0,0,0,0,0.066,0.004,-0.0523,0.0126,,,,,,,,,"1,10",,99.9,<,0.1,TUC-HOR,48.71,TUC-HOR,76.7,TUC-HOR,99.83,TUC-HOR,AM,0,2M,2MASS J00182834-6703130,4.61804,-67.05361
4.8038461,-62.4334319,4,00191296-6226005,,,-,L1,gamma,,15.64,0.06,14.618,0.054,13.957,0.051,13.351,0.025,12.883,0.026,12.378,0.262,9.114,,5,*,0,0,0,0,0.0541,0.0047,-0.0345,0.0121,,,21,6,6.7,2.5,,:,"1,10",,99.7,<,0.1,TUC-HOR,0.0,NONE,99.7,TUC-HOR,89.44,TUC-HOR,HLM,0,2M,2MASS J00191296-6226005,4.80385,-62.43343
4.8594472,46.2354964,5,00192626+4614078,,M8,-,M8,beta,,12.603,0.017,11.94,0.021,11.502,0.011,11.26,0.023,11.001,0.02,10.857,0.07,9.401,,"7, 5",*,0,0,0,0,0.14,0.06,-0.1,0.05,,,31,3,-19.5,2.0,,,"2,4",,72.0,,13.3,AB DOR,66.42,AB DOR,99.0,AB DOR,99.0,AB DOR,HLM,1,2M,2MASS J00192626+4614078,4.85945,46.2355
6.9249206,5.0615808,6,00274197+0503417,,M9.5,beta,L0,beta,a,16.189,0.092,15.288,0.099,14.96,0.115,14.619,0.036,14.135,0.054,12.239,,8.89,,"6, 27, 36",*,0,1,0,0,0.0105,4.0E-4,-8.0E-4,3.0E-4,13.8,1.6,,,,,,,3,,0.0,,100.0,ARGUS,0.0,NONE,100.0,CHA-NEAR,100.0,OLD,AM,1,2M,2MASS J00274197+0503417,6.92492,5.06158
7.6255417,-14.8426111,7,00303013-1450333,,L7,-,L4-L6,beta,,16.278,0.111,15.273,0.1,14.481,0.1,13.657,0.028,13.263,0.034,12.275,,9.149,,"18, 5",*,0,0,0,0,0.2497,0.0141,-0.0053,0.015,37.42,4.5,,,,,,,"10, 11",,26.5,,2.6,ARGUS,29.65,AB DOR,98.1,CHA-NEAR,97.87,ARGUS,AM,0,2M,2MASS J00303013-1450333,7.62554,-14.84261
8.2326972,-44.0849319,8,00325584-4405058,,L0,gamma,L0,beta,,14.776,0.032,13.857,0.032,13.27,0.035,12.82,0.025,12.49,0.025,11.726,0.187,9.289,,"2, 6, 27",*,1,0,0,0,0.1283,0.0034,-0.0934,0.003,21.6,7.2,,,12.95,1.92,,,"1, 5",,67.3,,1.0,TUC-HOR,91.3,AB DOR,96.0,AB DOR,100.0,AB DOR,HLM,1,2M,2MASS J00325584-4405058,8.2327,-44.08493
8.3494669,-15.3585742,9,003323.86-152130.9,,L4,beta,L1,,,15.286,0.056,14.208,0.051,13.41,0.039,12.801,0.025,12.479,0.027,11.888,0.247,8.879,,"2, 6, 27",*,0,0,0,0,0.3095,0.0104,0.0289,0.0183,24.8,2.5,,,-6.37,0.4,,,"1, 6",,0.0,,99.8,COLUMBA,0.0,NONE,60.0,CHA-NEAR,100.0,OLD,NM,1,2M,DENIS J003323.8-152130,8.34947,-15.35857
8.6791558,-41.0407261,10,00344300-4102266,,,-,L1,beta,,15.707,0.066,14.807,0.064,14.084,0.056,13.498,0.026,13.098,0.03,12.596,0.394,9.285,,5,,0,0,0,0,0.0939,0.0079,-0.0412,0.0108,,,,,,,,,10,,98.7,<,0.1,TUC-HOR,41.91,TUC-HOR,70.1,TWHYA,70.48,TUC-HOR,AM,0,2M,2MASS J00344300-4102266,8.67916,-41.04073
9.4294047,-58.7730094,11,00374306-5846229,,L0,gamma,,-,,15.374,0.05,14.259,0.051,13.59,0.044,13.125,0.026,12.738,0.027,12.557,0.38,9.324,,2,,2,0,1,0,0.057,0.01,0.017,0.005,,,,,6.62,0.07,,,1,,0.0,,99.3,BETA PIC,0.0,NONE,71.0,CHA-NEAR,100.0,OLD,NM,1,2M,2MASS J00374306-5846229,9.4294,-58.77301
9.5620844,-64.0646919,12,00381489-6403529,,,-,M9.5,beta,,14.523,0.03,13.867,0.045,13.395,0.033,12.904,0.024,12.539,0.024,11.746,0.175,9.374,,5,*,0,0,0,0,0.0871,0.0038,-0.0353,0.0105,,,23,5,7.27,2.81,,:,"1, 10",,99.9,<,0.1,TUC-HOR,62.83,TUC-HOR,58.0,TUC-HOR,95.91,TUC-HOR,HLM,0,2M,2MASS J00381489-6403529,9.56208,-64.06469
10.7468375,11.7029456,13,00425923+1142104,,,-,M9,beta,,14.754,0.036,14.074,0.042,13.514,0.027,13.237,0.026,12.918,0.03,12.175,,9.151,,5,,0,0,0,0,0.0929,0.017,-0.0758,0.0152,,,,,,,,,10,,19.6,,53.1,AB DOR,0.0,NONE,64.9,AB DOR,83.02,BETA PIC,AM,0,2M,2MASS J00425923+1142104,10.74684,11.70295
11.3392308,16.5790942,14,00452143+1634446,,L2,beta,L2,gamma,a,13.059,0.018,12.059,0.034,11.37,0.019,10.768,0.023,10.393,0.019,9.735,0.04,8.424,0.261,"2, 6, 27",*,1,1,0,1,0.355,0.01,-0.04,0.01,62.5,3.7,,,3.16,0.83,,,1,,99.9,,0.1,ARGUS,99.42,ARGUS,37.0,CHA-NEAR,100.0,ARGUS,BM,1,2M,2MASS J00452143+1634446,11.33923,16.57909
11.7017378,7.2549325,15,00464841+0715177,,M9,beta,L0,delta,,13.885,0.026,13.178,0.034,12.55,0.025,12.07,0.026,11.638,0.022,11.139,0.181,9.024,,"1, 5, 27",,1,0,0,0,0.098,0.022,-0.051,0.01,,,,,-2.75,0.27,,,"1, 2",,31.3,,48.8,COLUMBA,24.44,AB DOR,99.0,TWHYA,99.0,COLUMBA,AM,0,2M,2MASS J00464841+0715177,11.70174,7.25493
11.7516125,68.0651028,16,00470038+6803543,,L7,gamma?,L6-L8,gamma,,15.604,0.068,13.968,0.041,13.053,0.029,11.876,0.023,11.268,0.02,10.327,0.072,9.095,0.453,"34, 35",*,0,0,0,0,0.387,0.004,-0.197,0.004,82.0,3.0,,,-20.0,1.4,,,7,,100.0,,0.1,AB DOR,99.95,AB DOR,56.0,AB DOR,100.0,AB DOR,BM,1,2M,2MASS J00470038+6803543,11.75161,68.0651
13.7735333,1.5768167,17,00550564+0134365,,L2,gamma,L2,gamma,a,16.436,0.114,15.27,0.074,14.44,0.068,13.682,0.027,13.204,0.033,11.988,,8.477,,"27, 36",,1,1,0,0,0.044,0.024,-0.082,0.024,,,,,-1.21,0.38,,,"1, 2",,9.2,,48.3,BETA PIC,0.0,NONE,68.0,AB DOR,100.0,OLD,NM,0,2M,2MASS J00550564+0134365,13.77353,1.57682
14.6772833,-6.8566744,18,00584253-0651239,,L0,-,L1,beta,,14.311,0.023,13.444,0.028,12.904,0.032,12.562,0.025,12.248,0.027,11.692,0.411,8.739,,"18, 5",*,0,0,0,0,0.1367,0.002,-0.1226,0.0018,33.8,4.0,,,,,,,5,,96.5,,0.3,AB DOR,52.5,AB DOR,14.3,COLUMBA,91.65,BETA PIC,AM,0,2M,2MASS J00584253-0651239,14.67728,-6.85667
15.8835,19.5933889,19,01033203+1935361,,L6,beta,L6,beta,,16.288,0.079,14.897,0.055,14.149,0.058,13.178,0.024,12.696,0.027,12.234,0.325,8.29,,"8, 5",*,0,0,0,0,0.293,0.0046,0.0277,0.0047,46.9,7.6,,,,,,,8,,51.2,,15.7,ARGUS,36.95,Hyades,16.0,CHA-NEAR,96.0,OLD,AM,1,2M,2MASS J01033203+1935361,15.8835,19.59339
19.4478886,-34.0571722,20,01174748-3403258,,L1,beta,L1,beta,a,15.178,0.034,14.209,0.038,13.49,0.036,13.028,0.025,12.623,0.026,11.802,0.186,9.215,,"7, 6, 27",*,0,2,1,0,0.084,0.015,-0.045,0.008,,,20,3,3.96,2.09,,:,1,,98.4,,0.0,TUC-HOR,30.63,TUC-HOR,100.0,TUC-HOR,91.0,TUC-HOR,HLM,1,2M,2MASS J01174748-3403258,19.44789,-34.05717
20.2131219,-52.0097047,21,01205114-5200349,,,-,L1,gamma,,15.642,0.071,14.66,0.072,13.752,0.053,13.23,0.026,12.778,0.026,11.847,0.168,8.949,,5,*,0,0,0,0,0.0921,0.0058,-0.0404,0.0102,,,24,4,7.22,2.5,,:,"1, 10",>,99.9,<,0.1,TUC-HOR,64.54,TUC-HOR,100.0,TUC-HOR,95.18,TUC-HOR,HLM,0,2M,2MASS J01205114-5200349,20.21312,-52.0097
20.7969822,-69.3605558,22,01231125-6921379,,M7.5,gamma,,-,,12.32,0.019,11.711,0.024,11.323,0.024,11.06,0.023,10.818,0.021,10.595,0.062,9.426,,4,*,0,0,0,0,0.08278,0.00174,-0.02646,0.00139,21.6,3.3,,,10.9,3.0,,,"4, 9",,100.0,,0.0,TUC-HOR,99.97,TUC-HOR,100.0,TUCHOR,100.0,TUCHOR,BM,1,2M,2MASS J01231125-6921379,20.79698,-69.36056
21.1919794,-57.7603739,23,01244599-5745379,,L0,gamma,L0,gamma,a,16.308,0.104,15.059,0.088,14.32,0.088,13.773,0.026,13.342,0.032,12.449,0.313,8.908,,"2, 27",,0,1,0,0,-0.003,0.01,0.018,0.019,,,,,,,,,2,,0.0,,99.3,COLUMBA,0.0,NONE,0.0,NONE,100.0,OLD,NM,1,2M,2MASS J01244599-5745379,21.19198,-57.76037
21.5879,14.4682639,24,01262109+1428057,,L4,gamma,L2,gamma,,17.108,0.214,16.172,0.218,15.28,0.145,14.237,0.029,13.702,0.037,12.379,,9.127,,"21, 6",,0,0,1,0,0.07,0.012,-0.008,0.012,,,,,,,,,1,,0.0,,99.9,BETA PIC,0.0,NONE,99.0,CHA-NEAR,100.0,OLD,AM,1,2M,2MASS J01262109+1428057,21.5879,14.46826
22.4273917,-8.3994886,25,01294256-0823580,,M5,-,M7,beta,,10.655,0.021,10.085,0.023,9.771,0.023,9.545,0.022,9.327,0.02,9.206,0.032,8.891,0.458,"17, 5",,0,0,0,0,0.1007,0.0084,-0.0564,0.009,,,,,,,,,10,,95.9,,18.9,BETA PIC,0.0,NONE,100.0,COLUMBA,72.46,COLUMBA,AM,0,2M,2MASS J01294256-0823580,22.42739,-8.39949
25.4926442,-46.5659297,26,01415823-4633574,,L0,gamma,L0,gamma,,14.832,0.041,13.875,0.024,13.1,0.03,12.551,0.024,12.17,0.022,11.921,0.212,9.243,,"2, 6, 28",*,1,0,1,0,0.105,0.01,-0.049,0.01,,,25,3,6.409,1.56,,,1,,100.0,,0.0,TUC-HOR,99.84,TUC-HOR,83.5,TUC-HOR,100.0,TUC-HOR,HLM,1,2M,2MASS J01415823-4633574,25.49264,-46.56593
28.3109583,-67.7383889,27,01531463-6744181,,L2,-,L3,beta,,16.412,0.134,15.109,0.086,14.424,0.103,13.713,0.026,13.216,0.028,12.514,0.28,9.335,,"1, 5",*,0,0,0,0,0.071,0.0037,-0.0166,0.0127,,,21,7,10.41,2.71,,:,"1, 10",>,99.9,<,0.1,TUC-HOR,33.25,TUC-HOR,98.8,TUC-HOR,99.49,TUC-HOR,HLM,0,2M,2MASS J01531463-6744181,28.31096,-67.73839
32.6607056,-30.2587036,28,02103857-3015313,,L0,gamma,L0,gamma,a,15.066,0.047,14.161,0.044,13.5,0.042,13.003,0.026,12.652,0.026,11.934,0.195,9.355,,"5, 27",*,3,2,1,0,0.145,0.036,-0.04,0.007,,,32,8,7.82,0.274,,,1,,99.4,,0.0,TUC-HOR,96.34,TUC-HOR,56.0,TUC-HOR,100.0,TUC-HOR,HLM,0,2M,2MASS J02103857-3015313,32.66071,-30.2587
35.3691583,-68.5278028,29,02212859-6831400,,M8,beta,,-,,13.965,0.033,13.275,0.032,12.806,0.037,12.471,0.024,12.192,0.023,11.604,0.107,9.614,,27,*,0,0,0,0,0.0539,0.0044,0.0137,0.0045,25.4,3.6,,,,,,,8,,0.8,,99.4,AB DOR,0.0,NONE,84.0,CHA-NEAR,62.0,AB DOR,AM,1,2M,2MASS J02212859-6831400,35.36916,-68.5278
35.4790539,-54.2015147,30,02215494-5412054,,M9,beta,,-,,13.902,0.031,13.221,0.031,12.67,0.03,12.325,0.024,11.963,0.022,11.44,0.122,9.481,,"1, 13, 27",*,1,0,0,0,0.136,0.01,-0.01,0.017,,,31,5,10.18,0.097,,,"1, 2",,99.8,,0.0,TUC-HOR,99.91,TUC-HOR,61.0,TUC-HOR,100.0,TUC-HOR,HLM,1,2M,2MASS J02215494-5412054,35.47905,-54.20151
35.9777331,-58.2518383,31,02235464-5815067,,L0,gamma,,-,,15.07,0.048,14.003,0.036,13.42,0.042,12.819,0.024,12.431,0.024,11.644,0.154,9.466,,2,*,2,0,0,1,0.0986,8.0E-4,-0.0182,9.0E-4,27.4,2.6,,,10.36,0.23,,,1,,100.0,,0.0,TUC-HOR,99.98,TUC-HOR,95.0,TUCHOR,100.0,TUCHOR,BM,1,2M,2MASS J02235464-5815067,35.97773,-58.25184
36.3311567,-58.6248864,32,02251947-5837295,,M9,beta,M9,gamma,a,13.738,0.025,13.058,0.025,12.56,0.026,12.234,0.024,11.926,0.023,11.994,0.19,9.218,,"27, 36",,0,1,0,0,0.085,0.01,-0.03,0.018,,,,,,,,,2,,57.5,,1.2,BETA PIC,40.52,AB DOR,68.0,TUC-HOR,57.0,TUC-HOR,AM,1,2M,2MASS J02251947-5837295,36.33116,-58.62489
36.7358233,-53.4508681,33,02265658-5327032,,,-,L0,delta,,15.403,0.044,14.346,0.05,13.752,0.045,13.219,0.025,12.783,0.026,11.58,0.14,8.64,0.256,5,,0,0,0,0,0.0936,0.0053,-0.0028,0.0107,,,,,,,,,"1, 10",>,99.9,<,0.1,TUC-HOR,65.9,TUC-HOR,43.0,TUC-HOR,77.57,TUC-HOR,AM,0,2M,2MASS J02265658-5327032,36.73582,-53.45087
37.3664542,-0.8911861,34,02292794-0053282,,,-,L0,gamma,,16.49,0.099,15.746,0.099,15.182,0.138,14.72,0.032,14.328,0.045,12.679,,8.724,,6,,0,0,0,0,-0.009,0.098,-0.054,0.202,,,,,,,,,1,,79.8,,1.3,BETA PIC,81.02,AB DOR,96.0,AB DOR,100.0,OLD,AM,1,2M,2MASS J02292794-0053282,37.36645,-0.89119
38.5038986,-64.7019514,35,02340093-6442068,,L0,gamma,L0,beta gamma,a,15.325,0.062,14.442,0.055,13.85,0.069,13.247,0.025,12.905,0.026,12.619,0.279,9.494,,"15, 27",*,2,1,1,0,0.088,0.012,-0.015,0.012,,,21,5,11.762,0.721,,,1,,100.0,,0.0,TUC-HOR,99.56,TUC-HOR,80.0,TUC-HOR,100.0,TUC-HOR,HLM,1,2M,2MASS J02340093-6442068,38.5039,-64.70195
40.2735567,-55.1962872,36,02410564-5511466,,,-,L1,gamma,,15.387,0.057,14.326,0.052,13.739,0.038,13.185,0.023,12.809,0.026,12.249,0.242,9.349,,5,*,0,0,0,0,0.0965,0.0052,-0.0123,0.0106,,,24,4,11.73,2.44,,:,"1, 10",>,99.9,<,0.1,TUC-HOR,71.24,TUC-HOR,99.9,TUC-HOR,95.36,TUC-HOR,HLM,0,2M,2MASS J02410564-5511466,40.27356,-55.19629
40.298,-3.4496667,37,02411151-0326587,,L0,gamma,L1,gamma,,15.799,0.064,14.811,0.053,14.04,0.049,13.638,0.025,13.256,0.029,12.766,0.415,9.0,,"14, 6",*,1,0,0,1,0.0737,0.001,-0.0242,0.0019,21.4,2.6,,,6.34,7.98,,,1,,48.5,,0.0,TUC-HOR,0.0,NONE,35.0,CHA-NEAR,90.0,OLD,AM,1,2M,2MASS J02411151-0326587,40.298,-3.44967
42.5486422,-1.8582333,38,02501167-0151295,f,,-,M7,beta,,12.886,0.026,12.278,0.021,11.909,0.017,11.691,0.023,11.451,0.022,11.035,0.158,8.827,,5,*,0,0,0,0,0.0627,0.0087,-0.0306,0.009,30.2,4.5,,,,,,,"25, 10",,92.9,,1.1,BETA PIC,0.0,NONE,98.8,TUC-HOR,67.1,OLD,AM,0,2M,2MASS J02501167-0151295,42.54864,-1.85823
43.2537139,16.8812894,39,02530084+1652532,d,M6.5,-,M7,beta,d,8.394,0.021,7.883,0.037,7.585,0.043,7.322,0.027,7.057,0.02,6.897,0.017,6.718,0.076,"20, 25, 5",*,0,0,0,0,1.5124,0.0406,0.4305,0.0447,260.63,2.69,,,,,,,24,,,,,FIELD,0.0,NONE,0.0,NONE,100.0,OLD,NM,1,2M,2MASS J02530084+1652532,43.25371,16.88129
43.4992389,32.1103108,40,02535980+3206373,,M7,beta,M6,beta,,13.616,0.021,12.931,0.02,12.55,0.023,12.324,0.025,12.127,0.024,11.808,0.25,8.509,,"27, 36",*,0,0,0,1,0.087,0.01,-0.096,0.01,17.7,2.5,,,,,,,1,,57.8,,26.5,BETA PIC,20.61,AB DOR,100.0,BETA PIC,97.0,BETA PIC,AM,1,2M,2MASS J02535980+3206373,43.49924,32.11031
44.6301542,-15.348225,41,02583123-1520536,,,-,L3,beta,,15.908,0.072,14.866,0.06,14.192,0.055,13.623,0.025,13.194,0.028,12.578,0.305,9.542,,5,,0,0,0,0,0.0625,0.0098,-0.0581,0.0097,,,,,,,,,"1, 10",,88.9,<,0.1,TUC-HOR,0.0,NONE,77.4,AB DOR,49.82,BETA PIC,AM,0,2M,2MASS J02583123-1520536,44.63015,-15.34822
45.8351042,-73.2083361,42,03032042-7312300,,L2,gamma,,-,,16.137,0.107,15.096,0.085,14.32,0.084,13.777,0.025,13.35,0.026,12.288,0.167,9.344,0.341,15,,0,0,1,0,0.043,0.012,0.003,0.012,,,,,,,,,1,,40.7,,0.0,TUC-HOR,31.44,TUC-HOR,98.0,TUC-HOR,87.0,OLD,AM,1,2M,2MASS J03032042-7312300,45.8351,-73.20834
49.1880922,-28.8144914,43,03164512-2848521,,L0,-,L1,beta,,14.578,0.039,13.772,0.035,13.114,0.035,12.649,0.023,12.312,0.023,11.743,0.125,9.364,,"7, 5",,0,0,0,0,0.0952,0.0082,-0.081,0.0094,,,,,,,,,10,,96.9,,3.2,AB DOR,50.99,TUC-HOR,99.8,AB DOR,99.25,AB DOR,AM,0,2M,2MASS J03164512-2848521,49.18809,-28.81449
50.7917125,-46.5232131,44,03231002-4631237,,L0,gamma,L0,gamma,a,15.389,0.069,14.321,0.061,13.7,0.05,13.075,0.024,12.665,0.024,11.939,0.16,9.18,,"2, 27",*,2,1,1,0,0.066,0.008,0.001,0.016,,,17,3,13.001,0.045,,,1,,99.7,,0.0,TUC-HOR,73.08,TUC-HOR,92.0,TUC-HOR,100.0,TUC-HOR,HLM,1,2M,2MASS J03231002-4631237,50.79171,-46.52321
51.6760708,-21.0349361,45,03264225-2102057,,L5,beta,L5,beta gamma,a,16.134,0.093,14.793,0.075,13.92,0.065,12.95,0.024,12.435,0.023,12.173,0.203,9.663,,"5, 27",*,0,1,0,0,0.108,0.014,-0.146,0.015,,,41,1,22.91,2.07,,:,"1, 2",,99.4,,1.0,AB DOR,44.89,AB DOR,66.0,AB DOR,99.0,AB DOR,HLM,1,2M,2MASS J03264225-2102057,51.67607,-21.03494
53.7587167,23.7098375,46,03350208+2342356,g,M8.5,-,M7.5,beta,,12.25,0.017,11.655,0.02,11.261,0.014,11.044,0.023,10.767,0.02,10.762,0.13,8.932,,"12, 6",*,0,0,0,0,0.054,0.01,-0.056,0.01,23.6,1.3,,,15.5,1.7,,,12,,76.2,,4.9,BETA PIC,32.48,ARGUS,98.0,COLUMBA,79.0,OLD,AM,1,2M,2MASS J03350208+2342356,53.75872,23.70984
54.8968856,-35.4287856,47,03393521-3525440,,M9,beta,L0,beta,,10.725,0.018,10.017,0.02,9.55,0.021,9.133,0.022,8.808,0.019,8.272,0.017,7.997,0.11,"12, 6, 27",*,1,0,0,0,0.3058,4.0E-4,0.270548,4.0E-4,155.89,1.03,,,6.92,1.05,,,"1, 13",,40.2,,0.2,ARGUS,43.82,COMA BER,0.0,NONE,100.0,OLD,AM,1,2M,2MASS J03393521-3525440,54.89689,-35.42879
55.5387917,-29.0754778,48,03420931-2904317,,,-,L0,beta,,15.918,0.085,15.353,0.106,14.378,0.085,13.969,0.027,13.54,0.032,12.673,,9.237,,5,,0,0,0,0,0.0671,0.01,-0.0207,0.0122,,,,,,,,,"1, 10",,99.7,<,0.1,TUC-HOR,27.86,TUC-HOR,96.5,TUC-HOR,51.92,COLUMBA,AM,0,2M,2MASS J03420931-2904317,55.53879,-29.07548
55.56755,-68.2922528,49,03421621-6817321,,L4,gamma,,-,,16.854,0.138,15.386,0.086,14.541,0.089,13.955,0.025,13.482,0.025,12.994,0.405,9.723,,5,*,0,0,0,0,0.0653,0.0028,0.0185,0.0091,,,21,9,13.87,2.62,,:,1,,99.8,<,0.1,TUC-HOR,28.33,TUC-HOR,99.7,TUC-HOR,98.71,TUC-HOR,HLM,1,2M,2MASS J03421621-6817321,55.56755,-68.29225
58.7698936,-10.5448856,50,03550477-1032415,,M8.5,-,M8.5,beta,,13.08,0.025,12.462,0.024,11.975,0.023,11.712,0.024,11.425,0.022,10.865,0.095,8.627,0.309,"5, 36",,0,0,0,0,0.0464,0.0072,-0.0265,0.0065,,,,,,,,,10,,93.8,<,0.1,TUC-HOR,0.0,NONE,99.9,TWHYA,93.24,COLUMBA,AM,0,2M,2MASS J03550477-1032415,58.76989,-10.54489
58.847405,11.5621658,51,03552337+1133437,,L5,gamma,L3-L6,gamma,,14.05,0.02,12.53,0.029,11.53,0.019,10.528,0.023,9.943,0.021,9.294,0.038,8.317,,"2, 5, 21",*,0,0,0,0,0.225,0.0132,-0.63,0.015,110.8,4.3,,,11.92,0.22,,,"6, 14",,99.6,,1.1,AB DOR,100.0,AB DOR,18.0,AB DOR,100.0,AB DOR,BM,1,2M,2MASS J03552337+1133437,58.8474,11.56217
59.3623419,-44.2918056,52,03572695-4417305,z,L0,beta,L0,beta,,14.367,0.029,13.531,0.025,12.91,0.026,12.475,0.023,12.086,0.021,11.6,0.084,9.318,,"14, 27",,1,0,0,0,0.064,0.013,-0.02,0.019,,,,,10.73,4.6,,,"1, 2",,99.2,,0.0,TUC-HOR,54.84,TUC-HOR,62.0,TUC-HOR,53.0,TUC-HOR,AM,1,2M,2MASS J03572695-4417305,59.36234,-44.29181
61.6115542,-38.2028472,53,04062677-3812102,,L0,gamma,L1,gamma,,16.768,0.126,15.711,0.101,15.11,0.116,14.449,0.03,14.1,0.041,12.52,,9.097,,"15, 6",,0,0,1,0,0.009,0.012,0.029,0.012,,,,,,,,,1,,0.3,,79.6,COLUMBA,41.07,Octans,75.0,CHA-NEAR,100.0,OLD,AM,1,2M,2MASS J04062677-3812102,61.61155,-38.20285
64.744975,-45.12815,54,04185879-4507413,,,-,L3,gamma,,16.163,0.084,15.046,0.074,14.595,0.088,13.864,0.027,13.455,0.03,12.783,,9.642,,5,,0,0,0,0,0.0533,0.0084,-0.0082,0.0126,,,,,,,,,10,,92.7,<,0.1,TUC-HOR,28.97,AB DOR,91.6,AB DOR,64.9,AB DOR,AM,0,2M,2MASS J04185879-4507413,64.74497,-45.12815
65.2799375,-63.100625,55,04210718-6306022,,L5,beta,L5,gamma,a,15.565,0.048,14.284,0.04,13.45,0.042,12.558,0.022,12.135,0.021,11.598,0.095,9.245,,"2, 27",,2,1,0,0,0.146,0.008,0.191,0.018,,,,,14.7,0.33,,,"1, 2",,99.5,,2.4,BETA PIC,52.74,TUC-HOR,96.0,BETA PIC,99.0,BETA PIC,AM,1,2M,2MASS J04210718-6306022,65.27994,-63.10062
68.8106581,-14.2462922,56,04351455-1414468,,M8,gamma,M7,gamma,a,11.879,0.029,10.622,0.027,9.951,0.021,9.711,0.024,9.268,0.021,9.136,0.034,8.514,0.31,"27, 36",,1,1,0,0,0.009,0.014,0.016,0.014,,,,,16.16,1.76,,,"1, 2",,0.5,,93.8,BETA PIC,0.0,NONE,89.0,CHA-NEAR,100.0,OLD,NM,1,2M,2MASS J04351455-1414468,68.81066,-14.24629
69.1161972,-41.2462372,57,04362788-4114465,,M8,beta,M9,gamma,,13.097,0.023,12.43,0.02,12.05,0.024,11.74,0.023,11.46,0.021,11.111,0.082,9.184,,"13, 6, 27",*,1,0,0,0,0.073,0.012,0.013,0.016,,,23,6,14.972,1.446,,,"1, 2",,99.0,,0.0,TUC-HOR,87.97,TUC-HOR,87.0,TUC-HOR,100.0,TUC-HOR,HLM,1,2M,2MASS J04362788-4114465,69.1162,-41.24624
70.0409381,-51.4483878,58,04400972-5126544,,,-,L0,gamma,,15.685,0.069,14.779,0.056,14.171,0.06,13.585,0.024,13.193,0.026,12.371,0.211,8.929,,5,,0,0,0,0,0.0458,0.0062,0.0078,0.0105,,,,,,,,,10,,86.7,<,0.1,TUC-HOR,27.19,AB DOR,99.8,AB DOR,72.25,AB DOR,AM,0,2M,2MASS J04400972-5126544,70.04094,-51.44839
70.9067033,0.0347525,59,04433761+0002051,z,M9,gamma,M9,gamma,,12.507,0.023,11.804,0.022,11.22,0.019,10.826,0.024,10.476,0.021,10.031,0.054,8.423,,"3, 6",,1,0,0,0,0.028,0.014,-0.099,0.014,,,,,16.97,0.76,,,"1, 2",,99.7,,3.4,BETA PIC,59.73,AB DOR,96.0,AB DOR,79.0,BETA PIC,AM,1,2M,2MASS J04433761+0002051,70.9067,0.03475
72.3870525,16.1228889,60,04493288+1607226,,,-,M9,gamma,,14.272,0.026,13.49,0.03,13.077,0.029,12.73,0.025,12.423,0.027,11.507,0.216,8.871,,5,,0,0,0,0,0.0196,0.0094,-0.038,0.0092,,,,,,,,,10,,1.6,,98.2,BETA PIC,0.0,NONE,99.9,TWHYA,82.24,BETA PIC,AM,0,2M,2MASS J04493288+1607226,72.38705,16.12289
75.3502917,-0.1792389,61,05012406-0010452,,L4,gamma,L3,gamma,a,14.982,0.036,13.713,0.033,12.96,0.034,12.05,0.024,11.518,0.022,10.952,0.107,9.165,,"2, 6, 27",*,2,1,0,0,0.1903,0.0095,-0.1428,0.0125,51.0,3.7,,,21.77,0.66,,,"1, 6",,20.8,,0.4,COLUMBA,82.87,AB DOR,99.0,TUC-HOR,100.0,OLD,AM,1,2M,2MASS J05012406-0010452,75.35029,-0.17924
77.7065875,-18.7318944,62,05104958-1843548,,,-,L2,beta,,15.352,0.056,14.341,0.053,13.813,0.055,13.256,0.025,12.94,0.029,12.68,,9.188,,5,,0,0,0,0,0.0882,0.0095,-0.0399,0.0106,,,,,,,,,10,,68.6,,6.6,COLUMBA,23.73,TUC-HOR,89.6,TWHYA,87.1,COLUMBA,AM,0,2M,2MASS J05104958-1843548,77.70659,-18.73189
78.0265292,-29.8316694,63,05120636-2949540,,L5,gamma,L5,beta,a,15.463,0.055,14.156,0.047,13.29,0.041,12.378,0.023,11.921,0.023,11.329,0.105,9.103,,"14, 5, 27",,0,2,1,0,-0.01,0.013,0.08,0.015,,,,,,,,,1,,53.1,,1.0,BETA PIC,0.0,NONE,6.0,CHA-NEAR,88.0,OLD,AM,1,2M,2MASS J05120636-2949540,78.02653,-29.83167
79.5471867,-31.0313583,64,05181131-3101529,,M6.5,-,M7,beta,,11.878,0.026,11.234,0.022,10.9,0.019,10.641,0.023,10.403,0.019,10.111,0.043,9.127,0.457,"26, 5",,0,0,0,0,0.0416,0.0068,8.0E-4,0.0081,,,,,,,,,10,,96.2,,8.8,COLUMBA,0.0,NONE,90.4,COLUMBA,91.23,COLUMBA,AM,0,2M,2MASS J05181131-3101529,79.54719,-31.03136
79.6923628,-27.9460311,65,05184616-2756457,,L1,gamma,L1,gamma,,15.262,0.041,14.295,0.045,13.62,0.039,13.045,0.024,12.661,0.026,12.581,0.349,9.219,,"3, 6",*,2,0,0,0,0.0286,0.0042,-0.016,0.004,21.4,6.9,,,24.35,0.19,,,"1, 8",,99.4,,0.1,COLUMBA,74.91,COLUMBA,13.0,COLUMBA,87.0,COLUMBA,BM,1,2M,2MASS J05184616-2756457,79.69236,-27.94603
81.6798614,-18.4087478,66,05264316-1824315,,,-,M7,beta,,12.358,0.019,11.836,0.022,11.448,0.021,11.201,0.023,10.944,0.021,10.79,0.081,8.984,,5,,0,0,0,0,0.0247,0.0093,-0.0227,0.0095,,,,,,,,,10,,93.5,,12.8,COLUMBA,0.0,NONE,83.1,COLUMBA,88.66,COLUMBA,AM,0,2M,2MASS J05264316-1824315,81.67986,-18.40875
83.5664575,-6.5277206,67,05341594-0631397,,M8,gamma,M8,gamma,,16.054,0.076,15.369,0.096,14.94,0.097,14.785,0.036,14.256,0.056,11.59,,8.265,0.295,"27, 36",,0,0,1,0,0.002,0.012,-0.007,0.012,,,,,,,,,1,,0.0,,99.8,COLUMBA,0.0,NONE,100.0,BETA PIC,99.0,OLD,AM,1,2M,2MASS J05341594-0631397,83.56646,-6.52772
84.0834,-19.3444814,68,05361998-1920396,,L2,gamma,L2,gamma,a,15.768,0.073,14.693,0.07,13.85,0.061,13.262,0.026,12.789,0.027,12.551,0.395,9.242,,"3, 6, 27",*,1,1,0,0,0.0246,0.0053,-0.0306,0.005,25.6,9.4,,,22.065,0.695,,,"1, 8",,99.2,,0.1,COLUMBA,35.23,COLUMBA,78.0,BETA PIC,57.0,BETA PIC,AM,1,2M,2MASS J05361998-1920396,84.0834,-19.34448
85.0970722,-9.1092042,69,05402325-0906326,,,-,M9,beta,,14.586,0.037,13.849,0.035,13.33,0.047,13.03,0.025,12.744,0.028,11.967,0.267,8.938,,5,,0,0,0,0,0.0376,0.0098,-0.0292,0.0097,,,,,,,,,10,,72.0,,16.1,COLUMBA,0.0,NONE,95.0,TUC-HOR,87.3,COLUMBA,AM,0,2M,2MASS J05402325-0906326,85.09707,-9.1092
89.4623597,-13.9973081,70,05575096-1359503,,M7,-,M7,gamma,,12.871,0.019,12.145,0.026,11.732,0.021,11.336,0.023,10.803,0.02,7.889,0.017,5.02,0.025,"27, 36",*,0,0,0,0,0.0,0.005,0.0,0.005,1.9,1.0,,,30.3,2.8,,,12,,36.4,,0.0,TWHYA,0.0,NONE,99.0,TWHYA,76.0,TWHYA,AM,2,2M,2MASS J05575096-1359503,89.46236,-13.99731
90.6269483,39.1829406,71,06023045+3910592,,L1,-,L1,beta,,12.3,0.018,11.451,0.019,10.865,0.018,10.435,0.022,10.124,0.022,9.591,0.04,8.428,,"24, 6",*,0,0,0,1,0.157,0.01,-0.504,0.01,88.5,1.6,,,,,,,1,,2.4,,0.8,AB DOR,46.33,AB DOR,37.0,COLUMBA,98.0,OLD,AM,0,2M,2MASS J06023045+3910592,90.62695,39.18294
92.2201397,-27.8995331,72,06085283-2753583,,M8.5,gamma,L0,gamma,,13.595,0.026,12.897,0.024,12.37,0.024,11.976,0.024,11.623,0.021,11.314,0.113,9.093,,"14, 6",*,2,0,0,0,0.0089,0.0035,0.0107,0.0035,32.0,3.6,,,26.35,0.07,,,"1, 8",,0.0,,100.0,BETA PIC,0.0,NONE,94.0,CHA-NEAR,49.0,BETA PIC,AM,2,2M,2MASS J06085283-2753583,92.22014,-27.89953
96.8400542,-53.1452417,73,06272161-5308428,,,-,L0,beta gamma,,16.385,0.113,15.234,0.091,14.69,0.087,13.883,0.026,13.502,0.029,13.392,0.504,9.74,,5,,0,0,0,0,0.0104,0.0066,0.0651,0.0123,,,,,,,,,10,,87.2,,9.1,CARINA,37.72,AB DOR,90.5,CHA-NEAR,84.7,COLUMBA,AM,0,2M,2MASS J06272161-5308428,96.84005,-53.14524
98.1000978,-50.1763794,74,06322402-5010349,,L3,beta,L4,gamma,,15.024,0.041,14.031,0.038,13.337,0.029,12.61,0.023,12.169,0.022,11.729,0.146,8.919,,5,,0,0,0,0,-0.1002,0.0052,-0.0046,0.0088,,,,,,,,,"1, 10",,29.5,,76.7,AB DOR,41.77,AB DOR,,NONE,94.89,NONE,AM,1,2M,2MASS J06322402-5010349,98.1001,-50.17638
103.2021875,-57.6936247,75,06524851-5741376,,M8,beta,,-,,13.632,0.025,12.965,0.022,12.45,0.021,12.153,0.023,11.857,0.021,11.041,0.053,9.6,0.373,"1, 13",*,0,0,0,0,0.001,0.0034,0.0292,0.0033,31.3,3.2,,,,,,,8,,2.9,,85.4,AB DOR,0.0,NONE,98.0,CHA-NEAR,98.0,AB DOR,AM,1,2M,2MASS J06524851-5741376,103.20219,-57.69362
108.1577472,-61.9313083,76,07123786-6155528,,L1,beta,L1,gamma,a,15.296,0.062,14.392,0.042,13.67,0.048,12.991,0.024,12.626,0.022,11.478,0.095,9.512,,"2, 27",*,0,1,0,0,-0.0357,0.0049,0.0791,0.0048,22.9,9.1,,,,,,,8,,78.7,,37.6,BETA PIC,39.12,AB DOR,78.0,BETA PIC,58.0,BETA PIC,AM,1,2M,2MASS J07123786-6155528,108.15775,-61.93131
108.5164258,37.0461181,77,07140394+3702459,,M8,-,M7.5,beta,,11.976,0.019,11.252,0.028,10.838,0.017,10.566,0.024,10.346,0.02,10.202,0.057,8.798,,"4,1,13, 27",*,0,0,0,0,-0.0984,0.0069,-0.171,0.0089,80.1,4.8,,,,,,,26,,88.9,,0.5,ARGUS,0.0,NONE,10.9,CHA-NEAR,87.35,ARGUS,AM,0,2M,2MASS J07140394+3702459,108.51643,37.04612
122.4959917,44.5726694,78,08095903+4434216,,,-,L6p,,,16.437,0.114,15.184,0.097,14.417,0.058,13.344,0.026,12.81,0.028,11.785,0.206,9.055,,5,,0,0,0,0,-0.1833,0.0081,-0.2019,0.013,,,,,,,,,10,,80.7,,27.4,ARGUS,21.49,AB DOR,15.7,CHA-NEAR,92.79,ARGUS,AM,1,2M,2MASS J08095903+4434216,122.49599,44.57267
134.0576628,-13.7067464,79,08561384-1342242,,,-,M8,gamma,,13.602,0.023,12.976,0.028,12.489,0.023,12.154,0.023,11.62,0.022,9.882,0.046,8.376,0.271,5,,0,0,0,0,-0.0576,0.0078,-0.0194,0.0081,,,,,,,,,10,,4.9,<,0.1,TWHYA,0.0,NONE,78.8,TWHYA,95.92,OLD,AM,0,2M,2MASS J08561384-1342242,134.05766,-13.70675
134.4936717,57.1476333,80,08575849+5708514,,L8,-,L8,-,,15.038,0.038,13.79,0.041,12.962,0.028,12.019,0.024,11.415,0.021,10.376,0.058,8.569,0.27,"14, 5",,0,0,0,0,-0.4181,0.0044,-0.3706,0.0113,,,,,,,,,10,,,,,FIELD,30.21,HER-LYRr,4.7,CHA-NEAR,93.98,ARGUS,AM,0,2M,2MASS J08575849+5708514,134.49367,57.14763
146.3103439,-77.8875486,81,09451445-7753150,,,-,M9,beta,,13.893,0.028,13.232,0.029,12.787,0.029,12.512,0.022,12.279,0.022,12.216,,9.343,,5,,0,0,0,0,-0.0345,0.0016,0.0436,0.0119,,,,,,,,,10,,90.4,,2.8,CARINA,41.86,Octans,88.3,CHA-NEAR,67.56,OLD,AM,0,2M,2MASS J09451445-7753150,146.31034,-77.88755
148.3386392,-10.239075,82,09532126-1014205,,M9,gamma,M9,beta,a,13.469,0.026,12.644,0.026,12.14,0.021,11.757,0.023,11.404,0.021,10.761,0.1,8.719,,"3, 5, 27",,0,1,1,0,-0.07,0.007,-0.06,0.009,,,,,,,,,1,,28.7,,0.0,TWHYA,87.4,COMA BER,69.0,TUC-HOR,76.0,OLD,AM,0,2M,2MASS J09532126-1014205,148.33864,-10.23907
149.886525,45.3919361,83,09593276+4523309,,,-,L3,gamma,,15.88,0.07,14.759,0.068,13.673,0.044,12.86,0.025,12.363,0.025,11.654,0.17,9.044,,27,,0,1,1,0,-0.087,0.009,-0.126,0.012,,,,,2.7,0.7,,,1,,2.1,,0.3,TWHYA,0.0,NONE,92.0,AB DOR,69.0,OLD,NM,0,2M,2MASS J09593276+4523309,149.88652,45.39194
151.0859956,50.3831803,84,G196-3B,,L3,beta,L3,gamma,,14.831,0.045,13.648,0.042,12.778,0.033,,,,,,,,,"14, 5",*,0,0,0,0,-0.1323,0.0107,-0.2021,0.0137,41.0,4.1,,,,,,,6,,41.0,,23.3,AB DOR,20.19,AB DOR,42.0,COLUMBA,95.0,AB DOR,AM,1,2M,G196-3B,151.086,50.38318
155.3571125,-28.5118778,85,10212570-2830427,,,-,L4,beta gamma,,16.914,0.154,15.851,0.112,14.981,0.124,14.158,0.03,13.677,0.038,12.431,,9.247,,5,,0,0,0,0,-0.0526,0.0131,-0.0375,0.0163,,,,,,,,,10,,92.4,<,0.1,TWHYA,0.0,NONE,97.2,AB DOR,99.3,TWHYA,AM,0,2M,2MASS J10212570-2830427,155.35711,-28.51188
155.5203736,2.01328,86,10220489+0200477,,M9,beta,M9,beta,,14.1,0.029,13.398,0.03,12.9,0.03,12.612,0.025,12.34,0.029,11.965,0.411,8.531,,"1, 8, 6",*,0,0,0,0,-0.1562,0.0066,-0.429,0.0068,26.4,11.5,,,-7.9,4.8,,,8,,2.6,,6.1,AB DOR,0.0,NONE,0.0,NONE,100.0,OLD,NM,1,2M,2MASS J10220489+0200477,155.52037,2.01328
155.7009261,58.4292764,87,10224821+5825453,,L1,beta,L1,beta,,13.499,0.023,12.642,0.031,12.16,0.023,11.762,0.023,11.496,0.021,11.2,0.109,9.133,,"14, 6",*,0,0,0,1,-0.807,0.01,-0.73,0.01,54.3,2.5,,,19.29,0.11,,,1,,0.0,,99.9,AB DOR,0.0,NONE,14.0,AB DOR,100.0,OLD,NM,1,2M,2MASS J10224821+5825453,155.70093,58.42928
165.5409886,-34.5098814,88,TWA28,,M8.5,gamma,M9,gamma,a,13.034,0.021,12.356,0.02,11.89,0.023,11.435,0.024,10.793,0.021,9.385,0.033,8.021,0.186,"23, 6, 27",*,0,0,1,0,-0.0672,6.0E-4,-0.014,6.0E-4,18.1,0.5,,,13.3,1.8,,:,18,,99.9,,0.0,TWHYA,100.0,TWHYA,97.0,TWHYA,100.0,TWHYA,HLM,0,2M,TWA 28,165.54099,-34.50988
166.6858597,-37.2532019,89,11064461-3715115,,,-,M9,gamma,,14.487,0.028,13.845,0.026,13.339,0.038,13.072,0.025,12.753,0.027,12.19,,9.049,,5,,0,0,0,0,-0.0408,0.0076,-0.0066,0.0102,,,,,,,,,10,,94.6,<,0.1,TWHYA,0.0,NONE,99.5,COLUMBA,99.85,TWHYA,AM,0,2M,2MASS J11064461-3715115,166.68586,-37.2532
167.1282289,68.5046419,90,11083081+6830169,,L1,gamma,L1,gamma,,13.123,0.02,12.235,0.019,11.583,0.017,11.103,0.024,10.754,0.021,10.205,0.043,9.494,,5,,0,0,0,0,-0.2389,0.0026,-0.1922,0.0092,,,,,,,,,10,,6.0,,89.9,CARINA,25.05,AB DOR,77.6,COLUMBA,96.63,AB DOR,AM,0,2M,2MASS J11083081+6830169,167.12823,68.50464
169.8855958,-11.6296389,91,11193254-1137466,c,,-,L7,gamma,,17.474,0.058,15.788,0.034,14.751,0.012,13.548,0.026,12.883,0.027,12.244,0.411,8.94,,"32, 33",*,0,0,0,0,-0.1451,0.0149,-0.0724,0.016,,,35,5,8.5,3.3,,,27,,92.0,,5.0E-4,TWHYA,16.0,TWHYA,90.4,TWHYA,95.87,TWHYA,HLM,0,2M,2MASS J11193254-1137466,169.8856,-11.62964
171.8075833,-37.58545,92,11271382-3735076,,,-,L0,delta,,16.469,0.097,15.568,0.107,15.229,0.155,14.462,0.032,14.103,0.047,11.804,0.185,9.229,,5,,0,0,0,0,-0.0613,0.0138,0.0132,0.0208,,,,,,,,,10,,92.5,<,0.1,TWHYA,0.0,NONE,99.7,CHA-NEAR,99.39,TWHYA,AM,0,2M,2MASS J11271382-3735076,171.80758,-37.58545
174.9630981,-31.9892981,93,TWA26,,M9,gamma,M9,gamma,,12.686,0.026,11.996,0.022,11.503,0.023,11.155,0.023,10.793,0.02,10.626,0.075,8.479,,"1, 6, 5",*,0,0,0,0,-0.0812,0.0039,-0.0277,0.0021,23.82,2.58,,,11.6,2.0,,,"15,16",,100.0,,0.0,TWHYA,100.0,TWHYA,98.0,TWHYA,100.0,TWHYA,BM,2,2M,TWA26,174.9631,-31.9893
176.8508917,-20.6723444,94,114724.10-204021.3,c,,-,L7,gamma,,17.637,0.058,15.764,0.112,14.872,0.011,13.718,0.026,13.09,0.03,12.155,,8.913,,31,*,0,0,0,0,-0.1221,0.012,-0.0745,0.0113,,,32,4,9.61,,,:,28,,91.2,<,0.1,TWHYA,19.0,TWHYA,90.0,TWHYA,98.0,TWHYA,HLM,0,2M,WISEA J114724.10-204021.3,176.85089,-20.67234
177.0040042,-28.6135833,95,11480096-2836488,,,-,L1,beta,,16.113,0.079,15.186,0.081,14.563,0.084,14.139,0.029,13.774,0.039,12.229,,9.24,,5,,0,0,0,0,-0.0743,0.0135,-0.0194,0.0161,,,,,,,,,10,,68.9,<,0.1,TWHYA,91.53,TWHYA,91.0,TWHYA,99.93,TWHYA,AM,0,2M,2MASS J11480096-2836488,177.004,-28.61358
178.6759253,-34.0108386,96,11544223-3400390,,L0,beta,L1,beta,a,14.195,0.031,13.331,0.027,12.85,0.032,12.35,0.023,12.037,0.023,11.369,0.106,9.548,,"14, 5, 27",,0,1,1,0,-0.161,0.008,0.012,0.007,,,,,,,,,1,,91.0,,0.6,ARGUS,76.31,TWHYA,99.0,CHA-NEAR,98.0,ARGUS,AM,1,2M,2MASS J11544223-3400390,178.67593,-34.01084
181.8894458,-39.5483333,97,TWA27A,,M8,gamma,M8,gamma,,13.0,0.03,12.39,0.03,11.95,0.03,11.556,0.023,11.009,0.02,9.456,0.027,8.029,0.133,"10, 6, 27",*,0,0,0,0,-0.063,0.002,-0.023,0.003,19.1,0.4,,,11.2,2.0,,,"16,19",,100.0,,0.0,TWHYA,100.0,TWHYA,97.0,TWHYA,100.0,TWHYA,BM,1,2M,TWA27,181.88945,-39.54833
181.9514603,-39.0012483,98,12074836-3900043,,L0,gamma,L1,gamma,,15.494,0.058,14.608,0.049,14.04,0.06,13.634,0.025,13.215,0.028,13.202,0.53,9.196,,19,*,0,0,0,0,-0.0572,0.0079,-0.0248,0.0105,,,15,3,9.48,1.91,,:,17,,99.6,,0.0,TWHYA,99.72,TWHYA,92.0,TWHYA,100.0,TWHYA,HLM,0,2M,2MASS J12074836-3900043,181.95146,-39.00125
186.8143708,-6.6128108,99,12271545-0636458,,M9,-,M8.5,beta,,14.195,0.025,13.389,0.032,12.884,0.034,12.516,0.03,12.259,0.027,11.851,0.279,9.036,,"7, 5",,0,0,0,0,-0.1141,0.0111,-0.0646,0.0109,,,,,,,,,10,,1.5,,0.6,TWHYA,0.0,NONE,100.0,COLUMBA,72.62,TWHYA,AM,0,2M,2MASS J12271545-0636458,186.81437,-6.61281
191.3090039,-44.4854825,100,TWA29,,M9.5,gamma,L0,gamma,,14.518,0.032,13.8,0.033,13.369,0.036,12.994,0.023,12.623,0.023,12.562,,9.093,,"11, 6, 27",*,0,0,0,0,-0.0403,0.0117,-0.0203,0.017,12.66,2.07,,,7.74,2.04,,:,15,,91.6,,0.0,TWHYA,76.86,TWHYA,99.0,TWHYA,95.0,TWHYA,HLM,1,2M,TWA29,191.309,-44.48548
191.9345267,-38.2795594,101,12474428-3816464,,,-,M9,gamma,,14.785,0.033,14.096,0.036,13.573,0.039,13.108,0.024,12.523,0.025,10.953,0.077,8.841,0.293,19,,0,0,0,0,-0.0332,0.0071,-0.0166,0.0095,,,,,,,,,17,,36.4,,0.0,TWHYA,0.0,NONE,99.0,TWHYA,76.0,TWHYA,AM,0,2M,2MASS J12474428-3816464,191.93453,-38.27956
193.4597528,-42.1894053,102,12535039-4211215,,,-,M9.5,gamma,,16.002,0.104,15.3,0.104,14.739,0.106,14.279,0.027,13.92,0.036,12.591,,9.66,,5,,0,0,0,0,-0.0388,0.009,-0.0121,0.0132,,,,,,,,,10,,59.3,,0.0,TWHYA,0.0,NONE,97.2,COLUMBA,86.18,TWHYA,AM,0,2M,2MASS J12535039-4211215,193.45975,-42.18941
194.1650458,-27.3126611,103,12563961-2718455,,,-,L4,beta,a,16.416,0.128,15.374,0.122,14.709,0.093,14.088,0.027,13.695,0.034,12.474,0.313,9.452,,"5, 27",,0,1,0,0,-0.0674,0.0102,-0.0565,0.0127,,,,,,,,,10,,15.9,<,0.1,TWHYA,58.05,TWHYA,75.8,AB DOR,99.14,TWHYA,AM,0,2M,2MASS J12563961-2718455,194.16505,-27.31266
212.8387761,-21.3306758,104,14112131-2119503,,M9,beta,M8,beta,a,12.437,0.018,11.826,0.026,11.33,0.019,11.077,0.023,10.815,0.022,10.648,0.065,8.812,,"7, 5, 27",,0,1,1,0,-0.078,0.009,-0.073,0.011,,,,,-0.9,2.5,,,1,,0.1,,27.8,TWHYA,65.16,TWHYA,86.0,BETA PIC,83.0,TWHYA,AM,1,2M,2MASS J14112131-2119503,212.83878,-21.33068
216.3665958,-36.8397919,105,14252798-3650229,,L3,-,L4,gamma,,13.747,0.028,12.575,0.022,11.805,0.027,10.998,0.022,10.576,0.02,10.01,0.042,9.566,,"1, 5",*,0,0,0,0,-0.28489,0.0014,-0.46308,0.001,86.45,0.83,,,5.37,0.25,,,"13,14",,99.9,,0.1,AB DOR,99.99,AB DOR,39.0,AB DOR,100.0,AB DOR,BM,0,2M,2MASS J14252798-3650229,216.3666,-36.83979
227.6994053,-28.3048706,106,15104786-2818174,,M9,-,M9,beta,,12.838,0.028,12.11,0.032,11.687,0.03,11.315,0.025,11.012,0.024,11.078,0.196,8.25,,"1, 5",,0,0,0,0,-0.1092,0.0081,-0.0399,0.0098,,,,,,,,,10,,59.1,,60.2,ARGUS,0.0,NONE,99.1,CHA-NEAR,90.45,ARGUS,AM,0,2M,2MASS J15104786-2818174,227.69941,-28.30487
232.2924192,63.2150272,107,15291017+6312539,,,-,M8,beta,,11.643,0.021,10.937,0.028,10.554,0.023,10.29,0.023,10.058,0.021,9.719,0.027,9.241,0.331,5,,0,0,0,0,-0.1132,0.0033,0.0447,0.0091,,,,,,,,,10,,24.6,,79.2,AB DOR,0.0,NONE,81.4,AB DOR,93.16,AB DOR,AM,0,2M,2MASS J15291017+6312539,232.29242,63.21503
234.6007167,-19.8865611,108,15382417-1953116,,L4,gamma,L4,gamma,a,15.934,0.063,14.852,0.06,14.0,0.048,13.172,0.027,12.721,0.029,11.369,0.177,8.808,,"27, 36",,0,2,1,0,0.026,0.007,-0.045,0.007,,,,,,,,,1,,0.0,,100.0,BETA PIC,0.0,NONE,0.0,NONE,100.0,OLD,NM,0,2M,2MASS J15382417-1953116,234.60072,-19.88656
236.77324,-16.4417761,109,15470557-1626303A,,,-,M9,beta,,13.864,0.029,13.243,0.029,12.735,0.027,12.437,0.024,12.144,0.026,11.715,,8.549,,5,,0,0,0,0,-0.0539,0.0087,-0.1253,0.009,,,,,,,,,10,,10.6,,63.4,AB DOR,0.0,NONE,97.1,AB DOR,78.03,AB DOR,AM,0,2M,2MASS J15470557-1626303,236.77324,-16.44178
236.9466225,-24.3971031,110,15474719-2423493,,M9,gamma,L0,beta,,13.97,0.026,13.271,0.032,12.74,0.023,12.407,0.025,12.105,0.032,12.111,,8.739,,1,,1,0,1,0,-0.135,0.009,-0.127,0.008,,,,,-6.52,0.35,,,1,,0.0,,98.8,BETA PIC,34.23,AB DOR,17.0,TUC-HOR,97.0,OLD,NM,1,2M,2MASS J15474719-2423493,236.94662,-24.3971
237.9682458,9.6874694,111,15515237+0941148,,L4,gamma,>L5,gamma,a,16.319,0.11,15.114,0.071,14.31,0.057,13.6,0.025,13.121,0.03,12.677,0.478,9.156,,"1, 27",,0,1,0,0,-0.07,0.022,-0.05,0.022,,,,,,,,,2,,0.1,,99.1,AB DOR,94.65,COMA BER,100.0,BETA PIC,93.0,OLD,AM,1,2M,2MASS J15515237+0941148,237.96825,9.68747
238.2460922,29.8134933,112,15525906+2948485,,L0,beta,L0,beta,,13.478,0.023,12.606,0.024,12.02,0.026,11.544,0.023,11.207,0.02,10.664,0.049,9.003,,"2, 6",*,1,0,0,1,-0.162,0.01,-0.06,0.01,48.8,2.7,,,-18.43,0.11,,,"1, 14",,0.0,,92.7,AB DOR,21.95,HER-LYRr,19.0,TUC-HOR,80.0,OLD,AM,1,2M,2MASS J15525906+2948485,238.24609,29.81349
239.4588083,-29.8786389,113,15575011-2952431,,M9,delta,L1,gamma,a,16.316,0.119,15.45,0.104,14.85,0.111,14.435,0.037,14.066,0.058,12.154,0.344,8.668,,"15, 6, 27",,0,1,1,0,-0.01,0.012,-0.028,0.012,,,,,,,,,1,,0.0,,100.0,BETA PIC,0.0,NONE,100.0,AB DOR,100.0,OLD,NM,1,2M,2MASS J15575011-2952431,239.45881,-29.87864
243.9273,49.8892139,114,16154255+4953211,,L4,gamma,L3-L6,gamma,,16.789,0.137,15.332,0.098,14.31,0.069,13.202,0.024,12.621,0.022,12.131,0.13,9.305,,"3, 6",,1,0,1,0,-0.08,0.012,0.018,0.012,,,,,-25.59,3.18,,,1,,13.7,,69.0,AB DOR,31.82,AB DOR,92.0,COLUMBA,63.0,AB DOR,AM,1,2M,2MASS J16154255+4953211,243.9273,49.88921
257.8063392,23.4425669,115,17111353+2326333,,L0,gamma,L1,beta,a,14.499,0.024,13.668,0.03,13.06,0.026,12.581,0.024,12.226,0.024,11.662,0.152,9.334,,"3, 6, 27",,1,1,1,0,-0.063,0.015,-0.035,0.012,,,,,-20.69,0.75,,,1,,0.0,,100.0,BETA PIC,0.0,NONE,94.0,BETA PIC,96.0,BETA PIC,NM,1,2M,2MASS J17111353+2326333,257.80634,23.44257
261.5003333,15.6386111,116,17260007+1538190,,L3.5,gamma,L3,gamma,a,15.669,0.063,14.465,0.045,13.66,0.049,13.071,0.025,12.694,0.026,11.556,0.157,9.309,,"5, 27",*,1,1,0,0,-0.0431,0.0071,-0.0557,0.0052,28.6,2.9,,,-20.54,0.84,,,"1, 6",,0.0,,99.8,AB DOR,0.0,NONE,65.0,BETA PIC,80.0,OLD,NM,1,2M,2MASS J17260007+1538190,261.50033,15.63861
265.2616958,-46.7060694,117,17410280-4642218,,,-,L6-L8,gamma,a,15.786,0.075,14.534,0.054,13.438,0.035,12.301,0.025,11.675,0.023,11.432,0.19,8.541,,"5, 27",,0,1,0,0,-0.0204,0.0092,-0.343,0.0137,,,,,-5.7,5.1,,,20,,99.7,,1.8,BETA PIC,78.78,ARGUS,94.0,BETA PIC,100.0,BETA PIC,AM,0,2M,2MASS J17410280-4642218,265.2617,-46.70607
275.3673242,14.2335686,118,18212815+1414010,,L4.5,-,L4 pec,,a,13.431,0.021,12.396,0.017,11.65,0.019,10.853,0.023,10.475,0.02,9.928,0.052,9.067,0.534,"27, 29, 30",*,1,1,1,0,0.23027,1.6E-4,-0.24149,1.2E-4,106.65,0.23,,,9.08,0.17,,,"1, 22",,0.0,,100.0,NONE,0.0,NONE,0.0,NONE,100.0,OLD,NM,1,2M,2MASS J18212815+1414010,275.36732,14.23357
293.7907,-62.0131444,119,19350976-6200473,,,-,L1,gamma,,16.254,0.105,15.293,0.094,14.724,0.098,14.059,0.029,13.65,0.039,12.881,,8.559,,5,,1,0,0,0,-0.0043,0.0063,-0.0533,0.0162,,,,,,,,,10,,20.8,,0.2,TUC-HOR,0.0,NONE,100.0,TUC-HOR,97.32,TUC-HOR,AM,0,2M,2MASS J19350976-6200473,293.7907,-62.01314
293.9831828,-28.7762275,120,19355595-2846343,,M9,gamma,M9,gamma,a,13.953,0.024,13.18,0.02,12.71,0.028,12.347,0.026,11.91,0.025,10.519,0.076,8.636,,"27, 36",,0,1,1,0,0.034,0.012,-0.058,0.012,,,,,,,,,1,,25.3,,12.6,ARGUS,0.0,NONE,100.0,CHA-NEAR,93.0,OLD,AM,1,2M,2MASS J19355595-2846343,293.98318,-28.77623
299.1958417,-75.7075111,121,19564700-7542270,,L0,gamma,L2,gamma,a,16.154,0.102,15.036,0.096,14.23,0.066,13.693,0.027,13.249,0.031,12.678,,9.171,,"2, 27",,0,1,1,0,0.009,0.012,-0.059,0.012,,,,,,,,,1,,53.3,,0.0,TUC-HOR,26.8,TUC-HOR,97.0,COLUMBA,97.0,TUC-HOR,AM,1,2M,2MASS J19564700-7542270,299.19584,-75.70751
300.2017297,-75.3852422,122,20004841-7523070,,M9,gamma,M9,gamma,a,12.734,0.023,11.967,0.026,11.51,0.024,11.108,0.023,10.797,0.02,10.55,0.069,8.548,,"4, 5, 27",*,1,1,1,0,0.069,0.012,-0.11,0.004,,,31,1,4.397,2.842,,,1,,99.4,,3.5,BETA PIC,84.05,TUC-HOR,71.0,BETA PIC,100.0,BETA PIC,HLM,1,2M,2MASS J20004841-7523070,300.20173,-75.38524
300.7112978,-5.3646061,123,20025073-0521524,,L5,beta,L5-L7,gamma,a,15.316,0.049,14.278,0.05,13.42,0.035,12.532,0.023,12.09,0.026,11.441,0.209,8.818,,"3, 5, 27",,0,1,1,0,-0.098,0.005,-0.11,0.008,,,,,,,,,1,,0.0,,47.8,BETA PIC,0.0,NONE,0.0,NONE,100.0,OLD,NM,0,2M,2MASS J20025073-0521524,300.7113,-5.36461
302.8831792,-50.8031111,124,20113196-5048112,,,-,L3,gamma,,16.423,0.109,15.257,0.081,14.577,0.082,14.009,0.031,13.668,0.038,12.431,,9.084,,5,,0,0,0,0,0.0213,0.0081,-0.0713,0.0145,,,,,,,,,10,,42.6,<,0.1,TUC-HOR,0.0,NONE,96.5,COLUMBA,66.53,TUC-HOR,AM,0,2M,2MASS J20113196-5048112,302.88318,-50.80311
303.4647139,-28.1006094,125,20135152-2806020,,M9,gamma,L0,gamma,a,14.242,0.028,13.461,0.027,12.94,0.026,12.525,0.028,12.163,0.027,11.877,0.276,8.663,,"1, 6, 27",,1,2,1,0,0.043,0.012,-0.068,0.012,,,,,-6.53,0.24,,,1,,77.6,,39.5,BETA PIC,28.94,BETA PIC,100.0,BETA PIC,100.0,BETA PIC,AM,1,2M,2MASS J20135152-2806020,303.46471,-28.10061
307.0917925,-56.6173478,126,20282203-5637024,,,-,M8.5,gamma,,13.837,0.021,13.243,0.027,12.71,0.027,12.472,0.022,12.173,0.024,12.298,0.315,8.669,,5,,0,0,0,0,0.0233,0.0053,-0.0604,0.0106,,,,,,,,,10,,44.3,<,0.1,TUC-HOR,0.0,NONE,94.6,AB DOR,69.85,TUC-HOR,AM,0,2M,2MASS J20282203-5637024,307.09179,-56.61735
308.4364125,-56.5927361,127,20334473-5635338,,,-,L0,gamma,,15.718,0.088,15.137,0.109,14.244,0.081,13.817,0.027,13.415,0.034,12.376,,9.27,,5,,0,0,0,0,0.016,0.0061,-0.0731,0.0125,,,,,,,,,10,,93.4,<,0.1,TUC-HOR,0.0,NONE,81.7,TUC-HOR,99.85,TUC-HOR,AM,0,2M,2MASS J20334473-5635338,308.43641,-56.59274
309.8047383,-11.4481472,128,20391314-1126531,,M8,-,M7,beta,,13.792,0.024,13.129,0.038,12.68,0.028,12.465,0.023,12.166,0.024,12.596,0.538,9.04,,"7, 5",,0,0,0,0,0.0485,0.009,-0.0898,0.009,,,,,,,,,10,,2.2,,46.6,AB DOR,0.0,NONE,100.0,COLUMBA,71.24,AB DOR,AM,0,2M,2MASS J20391314-1126531,309.80474,-11.44815
314.4753897,-2.8750694,129,20575409-0252302,,L1.5,-,L2,beta,,13.121,0.021,12.268,0.022,11.724,0.023,11.261,0.022,10.981,0.02,10.431,0.079,8.906,,"7, 25, 27",*,0,0,0,0,0.0016,0.0038,-0.0863,0.0039,70.1,3.7,,,-24.68,0.61,,,8,,0.0,,100.0,TUC-HOR,0.0,NONE,0.0,NONE,100.0,OLD,NM,1,2M,2MASS J20575409-0252302,314.47539,-2.87507
318.5334417,-22.8599556,130,21140802-2251358,"b,c",,-,L6-L8,gamma,a,17.294,0.08,15.624,0.04,14.435,0.04,13.216,0.026,12.461,0.031,11.838,0.358,8.581,,"9, 27",*,0,1,0,0,0.1373,0.0013,-0.1387,0.0014,40.7,2.4,,,-6.0,1.1,0.8,,"21, 23",,99.7,,0.1,BETA PIC,60.77,ARGUS,99.0,BETA PIC,100.0,BETA PIC,BM,1,2M,2MASS J21140802-2251358,318.53344,-22.85996
321.7099075,-81.6747669,131,21265040-8140293,e,L3,gamma,L3,gamma,a,15.542,0.055,14.405,0.053,13.55,0.041,12.91,0.024,12.472,0.023,11.885,0.161,9.357,,"2, 27",*,1,2,0,1,0.0556,0.0014,-0.1018,0.003,31.3,2.6,,,10.03,0.49,,,1,,9.3,,1.4,BETA PIC,76.51,BETA PIC,26.0,CHA-NEAR,94.0,TUC-HOR,AM,1,2M,2MASS J21265040-8140293,321.70991,-81.67477
323.1681667,10.4970833,132,21324036+1029494,,,-,L4,beta,,16.594,0.138,15.366,0.113,14.634,0.1,14.03,0.033,13.578,0.042,12.383,0.379,8.512,,5,,0,0,0,0,0.1078,0.0164,0.0297,0.0181,,,,,,,,,10,,30.8,,61.6,ARGUS,0.0,NONE,92.8,CHA-NEAR,53.44,ARGUS,AM,0,2M,2MASS J21324036+1029494,323.16817,10.49708
328.6439292,-10.9252333,133,21543454-1055308,,L4,beta,L5,gamma,a,16.44,0.121,15.069,0.082,14.2,0.068,13.367,0.026,12.917,0.029,12.054,0.316,8.426,,"22, 27",,0,1,1,0,0.175,0.012,0.009,0.012,,,,,,,,,1,,16.3,,5.6,ARGUS,0.0,NONE,29.0,CHA-NEAR,70.0,ARGUS,AM,0,2M,2MASS J21543454-1055308,328.64393,-10.92523
328.7025969,-74.9870911,134,21544859-7459134,,,-,M9.5,beta,,14.288,0.029,13.568,0.042,13.084,0.032,12.708,0.025,12.376,0.025,11.991,0.211,8.913,,5,*,0,0,0,0,0.0407,0.0022,-0.0796,0.0122,,,21,7,6.21,3.1,,:,"1, 10",,99.4,<,0.1,TUC-HOR,44.34,TUC-HOR,100.0,TUC-HOR,99.94,TUC-HOR,HLM,0,2M,2MASS J21544859-7459134,328.7026,-74.98709
329.3362494,83.6826606,135,21572060+8340575,,L0,-,M9,gamma,,13.972,0.026,13.066,0.033,12.584,0.025,12.088,0.023,11.681,0.021,11.007,0.079,8.762,,5,,0,0,0,0,0.1248,8.0E-4,0.0441,0.0154,,,,,,,,,10,,30.8,,62.9,AB DOR,0.0,NONE,63.3,AB DOR,84.0,AB DOR,AM,0,2M,2MASS J21572060+8340575,329.33625,83.68266
330.7414631,-56.0857622,136,22025794-5605087,,,-,M9,gamma,,14.356,0.034,13.616,0.035,13.16,0.036,12.809,0.025,12.555,0.025,11.728,0.18,9.322,,5,,0,0,0,0,0.0496,0.0052,-0.0696,0.0103,,,,,,,,,10,,98.4,<,0.1,TUC-HOR,32.49,TUC-HOR,41.7,TUC-HOR,98.75,TUC-HOR,AM,0,2M,2MASS J22025794-5605087,330.74146,-56.08576
331.6874917,-42.2892128,137,22064498-4217208,,L4,gamma,L4,gamma,a,15.555,0.065,14.447,0.061,13.61,0.055,12.823,0.024,12.376,0.025,11.887,0.222,9.259,,"5, 27",*,0,3,1,0,0.128,0.013,-0.181,0.008,,,35,2,7.6,2.0,,:,1,,99.1,,1.4,AB DOR,41.75,AB DOR,89.0,AB DOR,96.0,AB DOR,HLM,1,2M,2MASS J22064498-4217208,331.68749,-42.28921
332.0567917,29.3559722,138,22081363+2921215,,L3,gamma,L3,gamma,,15.797,0.084,14.793,0.07,14.15,0.073,13.354,0.027,12.888,0.027,12.584,0.391,9.298,,"14, 5",*,1,0,0,0,0.0907,0.003,-0.0162,0.0037,21.2,0.7,,,-15.59,1.93,,,"1, 6",,0.2,,91.2,BETA PIC,0.0,NONE,99.0,TWHYA,66.0,BETA PIC,NM,1,2M,2MASS J22081363+2921215,332.05679,29.35597
333.4371478,-21.6022903,139,22134491-2136079,,L0,gamma,L0,gamma,,15.376,0.032,14.404,0.055,13.76,0.038,13.229,0.027,12.832,0.029,11.552,0.203,9.07,,"14, 6",,1,0,0,0,0.06,0.011,-0.063,0.017,,,,,-4.92,4.18,,,"1, 2",,35.4,,45.8,BETA PIC,0.0,NONE,100.0,COLUMBA,72.0,BETA PIC,AM,1,2M,2MASS J22134491-2136079,333.43715,-21.60229
338.8191064,-38.7376308,140,22351658-3844154,,,-,L1.5,gamma,,15.183,0.051,14.272,0.046,13.631,0.044,13.007,0.024,12.647,0.027,12.535,0.436,8.773,,5,*,0,0,0,0,0.0505,0.0078,-0.0757,0.0109,,,22,2,-4.9,3.1,,:,10,,96.2,<,0.1,TUC-HOR,20.7,TUC-HOR,93.6,TUC-HOR,94.01,TUC-HOR,HLM,0,2M,2MASS J22351658-3844154,338.81911,-38.73763
338.8983858,-59.1085031,141,22353560-5906306,,,-,M8.5,beta,,14.281,0.029,13.592,0.037,13.168,0.032,12.691,0.024,12.363,0.026,12.08,0.309,9.094,,5,*,0,0,0,0,0.0556,0.0051,-0.081,0.0108,,,23,5,1.71,3.14,,:,"1, 10",,99.8,<,0.1,TUC-HOR,50.74,TUC-HOR,99.7,TUC-HOR,99.95,TUC-HOR,HLM,0,2M,2MASS J22353560-5906306,338.89839,-59.1085
341.131975,20.7286944,142,22443167+2043433,,L6.5p,-,L6-L8,gamma,a,16.476,0.14,14.999,0.065,14.022,0.073,12.777,0.024,12.108,0.024,11.136,0.115,9.301,,"14, 6, 27",*,0,1,0,0,0.252,0.014,-0.214,0.011,,,54,4,-15.5,1.7,,:,"1, 2",,99.4,,0.5,AB DOR,38.38,AB DOR,69.0,AB DOR,99.0,AB DOR,HLM,1,2M,2MASS J22443167+2043433,341.13197,20.72869
342.47275,0.7346389,143,22495345+0044046,,L4,gamma,L3,beta,a,16.587,0.124,15.421,0.109,14.36,0.07,13.576,0.027,13.144,0.05,11.284,,7.687,,"14, 6, 27",,1,1,0,0,0.075,0.018,0.026,0.018,,,,,-3.26,0.9,,,"1, 2",,0.2,,96.1,ARGUS,0.0,NONE,61.0,CHA-NEAR,100.0,OLD,NM,1,2M,2MASS J22495345+0044046,342.47275,0.73464
348.8806583,6.2873972,144,23153135+0617146,,L0,gamma,L0,gamma,a,15.861,0.082,14.757,0.069,14.07,0.063,13.552,0.026,13.095,0.031,11.671,0.23,8.592,,"27, 36",,1,2,1,0,0.056,0.012,-0.039,0.012,,,,,-14.69,0.52,,,1,,0.0,,99.6,COLUMBA,0.0,NONE,92.0,COLUMBA,100.0,OLD,NM,0,2M,2MASS J23153135+0617146,348.88066,6.2874
350.6951153,-31.5565247,145,23224684-3133231,,L0,beta,L2,beta,,13.577,0.027,12.789,0.023,12.324,0.024,11.974,0.023,11.707,0.023,11.253,0.128,9.153,,"1, 6",*,1,0,0,0,-0.1948,0.0074,-0.5273,0.0075,58.6,5.6,,,33.86,1.11,,,"1, 8",,0.0,,54.5,AB DOR,0.0,NONE,0.0,NONE,100.0,OLD,NM,1,2M,2MASS J23224684-3133231,350.69512,-31.55652
350.7208603,-61.8576386,146,23225299-6151275,,L2,gamma,L3,gamma,a,15.545,0.061,14.535,0.062,13.86,0.042,13.243,0.026,12.841,0.029,12.679,0.391,9.378,,"2, 5, 27",*,2,0,1,0,0.062,0.01,-0.085,0.009,,,22,1,6.747,0.75,,,1,,99.9,,0.0,TUC-HOR,98.88,TUC-HOR,34.0,TUC-HOR,100.0,TUC-HOR,HLM,1,2M,2MASS J23225299-6151275,350.72086,-61.85764
350.8061881,-2.7433375,147,23231347-0244360,,M8.5,-,M8,beta,,13.58,0.023,12.925,0.03,12.481,0.026,12.237,0.025,11.954,0.024,12.228,0.391,8.512,,"3, 5",,0,0,0,0,0.0859,0.0097,-0.0435,0.0106,,,,,,,,,10,,30.6,,54.4,BETA PIC,0.0,NONE,99.9,TWHYA,55.28,OLD,AM,0,2M,2MASS J23231347-0244360,350.80619,-2.74334
351.4835208,-2.9974667,148,23255604-0259508,,L3,-,L1,gamma,,15.961,0.077,14.935,0.069,14.115,0.056,13.695,0.027,13.348,0.034,11.883,,8.677,,"16, 5",,0,0,0,0,0.0783,0.0127,-0.0958,0.011,,,,,,,,,10,,73.4,,12.3,AB DOR,21.28,AB DOR,91.2,AB DOR,98.5,AB DOR,AM,0,2M,2MASS J23255604-0259508,351.48352,-2.99747
354.0305903,-35.6969314,149,23360735-3541489,,,-,M9,beta,,14.651,0.025,13.809,0.025,13.385,0.041,13.002,0.024,12.647,0.026,12.518,0.418,9.177,,5,,0,0,0,0,0.0696,0.0082,-0.0807,0.0099,,,,,,,,,10,,50.8,,30.3,AB DOR,30.17,TUC-HOR,74.5,AB DOR,60.89,TUC-HOR,AM,0,2M,2MASS J23360735-3541489,354.03059,-35.69693
355.8946083,-36.7672778,150,23433470-3646021,,,-,L3-L6,gamma,,16.568,0.13,15.011,0.063,14.194,0.064,13.121,0.024,12.612,0.027,11.698,0.188,9.138,,5,,0,0,0,0,0.087,0.0083,-0.0987,0.0125,,,,,,,,,10,,68.9,,4.8,AB DOR,38.46,TUC-HOR,65.9,AB DOR,56.17,TUC-HOR,AM,0,2M,2MASS J23433470-3646021,355.89461,-36.76728
356.4126314,0.9204803,151,23453903+0055137,,M9,-,M9,beta,,13.771,0.027,13.117,0.026,12.581,0.028,12.212,0.025,11.879,0.023,11.465,0.203,8.941,,"1, 5",,0,0,0,0,0.0841,0.0134,-0.0461,0.0117,,,,,,,,,10,,,,,FIELD,0.0,NONE,99.6,BETA PIC,40.39,COLUMBA,AM,0,2M,2MASS J23453903+0055137,356.41263,0.92048
358.0211433,-11.0122192,152,23520507-1100435,,M7,-,M8,beta,,12.84,0.018,12.166,0.02,11.742,0.018,11.44,0.025,11.146,0.022,10.849,0.109,8.877,,"3, 5",,0,0,0,0,0.0881,0.009,-0.1145,0.0085,,,,,,,,,10,,90.6,,4.0,AB DOR,27.22,AB DOR,57.2,AB DOR,97.85,AB DOR,AM,0,2M,2MASS J23520507-1100435,358.02114,-11.01222
