recno,ori,Name,CNS3,RAJ2000,DEJ2000,Fbol,e_Fbol,Teff,e_Teff,R,e_R,M,e_M,[Fe/H],e_[Fe/H],SpT,SpTnum,Bmag,e_Bmag,Vmag,e_Vmag,Rmag,e_Rmag,Imag,e_Imag,gmag,e_gmag,rmag,e_rmag,imag,e_imag,zmag,e_zmag,Jmag,e_Jmag,Hmag,e_Hmag,Ksmag,e_Ksmag,Gmag,e_Gmag,BPmag,e_BPmag,RPmag,e_RPmag,Fbol0,e_Fbol0,Teff0,e_Teff0,R0,e_R0,M0,e_M0,Age0,e_Age0,chi2,SimbadName
161,0,LSPM J2106+3844S,Gl 820B,316.73013,38.74202,22.25,0.19,4021,74,0.602,0.023,0.641,0.064,-0.22,0.08,K7.3,-1.0,7.445,0.02,6.066,0.016,5.219,0.012,4.434,0.02,6.84,0.02,5.508,0.011,4.981,0.012,4.689,0.013,3.533,0.017,2.939,0.017,2.777,0.02,5.705,0.014,6.458,0.014,4.608,0.014,22.25,0.3,4126,36,0.574,0.01,0.6,0.014,9.43,0.52,3.81,LSPM J2106+3844S
127,0,LSPM J1725+0206,Gl 673,261.43847,2.11142,5.927,0.045,4124,60,0.649,0.02,0.706,0.071,0.19,0.08,K7.4,-1.0,8.906,0.02,7.51,0.016,6.68,0.012,5.913,0.02,8.306,0.02,6.956,0.011,6.456,0.012,6.158,0.013,4.961,0.017,4.315,0.017,4.183,0.02,7.167,0.014,7.907,0.014,6.082,0.014,5.927,0.063,4170,36,0.636,0.01,0.678,0.014,9.46,0.49,1.139,LSPM J1725+0206
173,0,PM I23099+1425W,,347.47873,14.42639,0.5017,0.0052,4013,62,0.643,0.022,0.68,0.068,-0.05,0.08,K7.4,-1.0,11.623,0.02,10.239,0.016,9.374,0.013,8.588,0.02,11.001,0.021,9.664,0.011,9.134,0.012,8.826,0.013,7.653,0.017,7.019,0.017,6.845,0.02,9.861,0.014,10.624,0.014,8.756,0.014,0.5017,0.008,4148,43,0.602,0.012,0.637,0.016,9.45,0.5,8.521,LSPM J2309+1425
77,0,PM I10113+4927,Gl 380,152.84254,49.45431,14.95,0.12,4131,60,0.651,0.019,0.707,0.071,0.24,0.08,K7.6,0.0,7.939,0.02,6.538,0.015,5.684,0.012,4.883,0.02,7.325,0.02,5.975,0.011,5.436,0.013,5.123,0.013,3.981,0.017,3.325,0.017,3.187,0.02,6.167,0.014,6.932,0.014,5.059,0.014,14.95,0.17,4162,33,0.642,0.01,0.687,0.013,9.43,0.49,0.631,Gl 380
9,0,PM I01186-0052S,Gl 56.3 B,19.6675,-0.87432,0.3579,0.0042,3935,64,0.604,0.026,0.645,0.064,0.01,0.08,K7.7,0.0,12.065,0.021,10.699,0.016,9.8,0.013,8.942,0.02,11.455,0.021,10.11,0.011,9.51,0.013,9.16,0.013,8.032,0.017,7.385,0.017,7.156,0.02,10.271,0.014,11.076,0.014,9.126,0.014,0.3579,0.0065,4012,51,0.579,0.015,0.611,0.018,9.53,0.53,2.593,Gl 56.3 B
37,0,PM I04290+2155,Gl 169,67.25041,21.9225,3.028,0.032,4124,62,0.687,0.023,0.744,0.074,0.39,0.08,K7.7,0.0,9.68,0.02,8.335,0.016,7.462,0.013,6.631,0.02,9.07,0.02,7.762,0.011,7.187,0.012,6.871,0.013,5.698,0.017,5.044,0.017,4.853,0.02,7.934,0.014,8.711,0.014,6.812,0.014,3.028,0.057,4197,40,0.661,0.011,0.711,0.014,9.46,0.49,2.899,Gl 169
38,0,PM I04376+5253,Gl 172,69.42048,52.89368,2.48,0.021,3929,60,0.608,0.02,0.651,0.065,-0.11,0.08,K7.7,0.0,10.028,0.02,8.627,0.016,7.73,0.012,6.881,0.02,9.395,0.02,8.037,0.011,7.444,0.012,7.119,0.013,5.908,0.017,5.214,0.017,5.031,0.02,8.207,0.014,9.01,0.014,7.066,0.014,2.48,0.034,4054,38,0.571,0.011,0.602,0.016,9.45,0.51,7.993,Gl 172
105,0,PM I13450+1747,Gl 525,206.2711,17.78569,0.86,0.011,3828,60,0.494,0.017,0.526,0.053,-0.54,0.08,K7.7,0.0,11.194,0.02,9.81,0.016,8.902,0.012,8.026,0.02,10.586,0.021,9.216,0.011,8.603,0.013,8.226,0.013,7.02,0.017,6.426,0.017,6.209,0.02,9.369,0.014,10.189,0.014,8.208,0.014,0.86,0.02,3896,37,0.476,0.015,0.5,0.014,9.45,0.53,4.02,Gl 525
71,0,PM I09143+5241,Gl 338A,138.595,52.68639,6.087,0.057,3920,60,0.55,0.026,0.607,0.061,-0.01,0.08,K7.8,0.0,9.054,0.02,7.645,0.016,6.756,0.012,5.896,0.02,8.419,0.02,7.066,0.011,6.46,0.013,6.13,0.013,4.928,0.017,4.253,0.017,4.032,0.02,7.228,0.014,8.035,0.014,6.083,0.014,6.087,0.085,3930,52,0.548,0.018,0.58,0.019,9.41,0.55,0.155,Gl 338A
45,0,PM I05365+1119,Gl 208,84.12914,11.32787,2.04,0.02,3966,60,0.601,0.02,0.646,0.065,0.05,0.08,K7.9,0.0,10.264,0.02,8.865,0.016,7.962,0.012,7.087,0.02,9.632,0.021,8.276,0.011,7.656,0.012,7.309,0.013,6.103,0.017,5.423,0.017,5.285,0.02,8.43,0.014,9.248,0.014,7.275,0.014,2.04,0.029,4020,41,0.585,0.012,0.62,0.015,9.43,0.52,1.536,Gl 208
100,0,PM I12507-0046,Gl 488,192.68153,-0.76808,2.721,0.021,3989,60,0.646,0.02,0.698,0.07,0.24,0.08,K7.9,0.0,9.912,0.02,8.494,0.016,7.614,0.012,6.785,0.02,9.277,0.02,7.909,0.011,7.347,0.013,7.015,0.013,5.796,0.017,5.13,0.017,4.908,0.02,8.094,0.014,8.881,0.014,6.965,0.014,2.721,0.031,4067,36,0.622,0.011,0.663,0.013,9.42,0.51,3.132,Gl 488
119,0,PM I16542+1154,Gl 642,253.5502,11.91464,0.3703,0.0033,3834,61,0.475,0.026,0.503,0.05,-0.48,0.08,M0.0,0.0,12.196,0.021,10.755,0.016,9.834,0.013,8.911,0.02,11.555,0.021,10.165,0.011,9.499,0.013,9.107,0.013,7.914,0.017,7.327,0.017,7.157,0.02,10.293,0.014,11.15,0.014,9.105,0.014,0.3703,0.0065,3868,53,0.464,0.02,0.488,0.018,9.4,0.53,0.903,Gl 642
15,0,PM I01528-2226,Gl 79,28.20476,-22.43486,2.117,0.02,3900,60,0.62,0.021,0.654,0.065,0.14,0.08,M0.2,0.0,10.33,0.02,8.929,0.016,7.976,0.012,7.015,0.02,9.697,0.02,8.318,0.011,7.611,0.013,7.218,0.013,6.055,0.017,5.415,0.017,5.202,0.02,8.426,0.014,9.306,0.014,7.22,0.014,2.117,0.03,3987,39,0.593,0.012,0.629,0.015,9.49,0.5,3.9,Gl 79
55,0,PM I06371+1733,Gl 239,99.29508,17.56476,1.135,0.014,3801,60,0.423,0.015,0.471,0.047,-0.34,0.08,M0.2,0.0,11.074,0.02,9.611,0.016,8.688,0.012,7.745,0.02,10.41,0.02,9.02,0.011,8.339,0.012,7.938,0.013,6.699,0.017,6.078,0.017,5.815,0.02,9.141,0.014,10.01,0.014,7.945,0.014,1.135,0.022,3758,37,0.434,0.011,0.461,0.012,9.39,0.57,1.098,Gl 239
169,0,PM I22503-0705,Gl 875,342.58096,-7.09012,0.8949,0.0081,3740,61,0.563,0.024,0.578,0.058,0.02,0.08,M0.2,0.0,11.311,0.02,9.866,0.016,8.931,0.012,7.989,0.02,10.66,0.02,9.263,0.011,8.58,0.012,8.181,0.013,6.958,0.017,6.343,0.017,6.102,0.02,9.386,0.014,10.257,0.014,8.187,0.014,0.895,0.012,3836,46,0.529,0.015,0.562,0.016,9.44,0.53,4.737,Gl 875
65,0,PM I07393+0211,Gl 281,114.84602,2.1837,1.0739,0.0094,3771,60,0.626,0.025,0.633,0.063,0.12,0.08,M0.3,0.5,11.046,0.02,9.638,0.016,8.718,0.012,7.795,0.02,10.414,0.02,9.045,0.011,8.377,0.013,7.999,0.013,6.789,0.017,6.11,0.017,5.911,0.02,9.174,0.014,10.025,0.014,7.991,0.014,1.074,0.014,3922,46,0.574,0.013,0.608,0.016,9.48,0.5,10.95,Gl 281
98,0,PM I12312+0848,Gl 471,187.81593,8.81068,1.0428,0.0089,3726,61,0.591,0.022,0.603,0.06,-0.04,0.08,M0.3,0.5,11.155,0.02,9.704,0.016,8.771,0.012,7.824,0.02,10.509,0.02,9.105,0.011,8.417,0.012,8.024,0.013,6.821,0.017,6.157,0.017,5.906,0.02,9.226,0.014,10.1,0.014,8.025,0.014,1.043,0.014,3896,42,0.541,0.014,0.572,0.016,9.46,0.52,13.365,Gl 471
96,0,PM I12151+4843,Gl 458.2,183.7869,48.73263,0.4818,0.0044,3900,61,0.669,0.038,0.701,0.07,0.14,0.08,M0.4,0.5,11.947,0.02,10.546,0.016,9.615,0.012,8.676,0.02,11.319,0.021,9.947,0.011,9.262,0.013,8.871,0.013,7.649,0.017,6.979,0.017,6.754,0.02,10.066,0.014,10.928,0.014,8.873,0.014,0.4818,0.0066,4037,72,0.605,0.021,0.643,0.023,9.45,0.52,8.55,Gl 458.2
167,0,PM I22290+0139,,337.27441,1.66341,0.4854,0.0046,3903,60,0.575,0.03,0.62,0.062,0.13,0.08,M0.4,0.5,11.9,0.02,10.528,0.016,9.601,0.012,8.655,0.02,11.286,0.021,9.934,0.011,9.245,0.013,8.849,0.013,7.625,0.017,6.98,0.017,6.796,0.02,10.047,0.014,10.905,0.014,8.854,0.014,0.4854,0.007,3924,56,0.569,0.019,0.604,0.021,9.41,0.53,0.27,LSPM J2229+0139
12,0,PM I01432+2750,GJ 3108,25.81647,27.84211,0.5536,0.0051,3852,60,0.626,0.032,0.653,0.065,0.25,0.08,M0.5,0.5,11.828,0.02,10.402,0.016,9.473,0.013,8.519,0.02,11.192,0.02,9.807,0.011,9.113,0.012,8.724,0.013,7.493,0.017,6.8,0.017,6.628,0.02,9.923,0.014,10.792,0.014,8.724,0.014,0.5536,0.0073,3935,58,0.592,0.018,0.628,0.019,9.46,0.5,3.17,GJ 3108
128,0,PM I17303+0532,Gl 678.1A,262.5947,5.54855,1.557,0.014,3675,60,0.543,0.019,0.549,0.055,-0.09,0.08,M0.5,0.0,10.784,0.02,9.334,0.016,8.373,0.013,7.383,0.02,10.138,0.021,8.722,0.011,7.99,0.013,7.58,0.013,6.307,0.017,5.704,0.017,5.486,0.02,8.819,0.014,9.724,0.014,7.595,0.014,1.557,0.022,3811,36,0.504,0.011,0.534,0.014,9.46,0.54,9.74,Gl 678.1A
163,0,PM I21518+4220E,Gl 838.3 B,327.97454,42.34425,0.2096,0.0039,3771,61,0.557,0.023,0.579,0.058,-0.07,0.08,M0.5,0.5,12.95,0.02,11.482,0.016,10.53,0.013,9.56,0.02,12.299,0.021,10.873,0.011,10.158,0.013,9.763,0.013,8.539,0.017,7.879,0.017,7.68,0.02,10.982,0.014,11.878,0.014,9.767,0.014,0.2096,0.0059,3871,43,0.525,0.014,0.556,0.017,9.41,0.57,4.88,Gl 838.3 B
72,0,PM I09319+3619,Gl 353,142.98476,36.3203,0.7419,0.0068,3692,60,0.518,0.021,0.532,0.053,-0.2,0.08,M0.6,0.5,11.688,0.02,10.221,0.016,9.251,0.012,8.237,0.02,11.03,0.02,9.607,0.011,8.85,0.012,8.399,0.013,7.131,0.017,6.494,0.017,6.285,0.02,9.687,0.014,10.615,0.014,8.443,0.014,0.7419,0.0099,3806,37,0.483,0.013,0.51,0.015,9.42,0.54,6.4,Gl 353
97,0,PM I12194+2822,Gl 459.3,184.85048,28.38235,0.4705,0.0044,3993,60,0.643,0.037,0.703,0.07,0.46,0.08,M0.6,0.5,12.082,0.02,10.643,0.016,9.68,0.012,8.675,0.02,11.437,0.021,10.033,0.011,9.286,0.013,8.855,0.013,7.66,0.017,7.005,0.017,6.787,0.02,10.117,0.014,11.03,0.014,8.886,0.014,0.4705,0.0072,4027,69,0.63,0.016,0.672,0.018,9.46,0.48,0.696,Gl 459.3
138,0,PM I18165+4533,Gl 709,274.12955,45.55781,0.6393,0.0071,3785,60,0.557,0.021,0.583,0.058,-0.07,0.08,M0.6,0.5,11.72,0.02,10.296,0.016,9.34,0.013,8.348,0.02,11.086,0.02,9.691,0.011,8.953,0.012,8.542,0.013,7.321,0.017,6.664,0.017,6.471,0.02,9.782,0.014,10.682,0.014,8.56,0.014,0.639,0.011,3881,40,0.528,0.012,0.558,0.015,9.46,0.55,4.866,Gl 709
164,0,PM I22021+0124,Gl 846,330.54288,1.40027,1.791,0.015,3848,60,0.546,0.019,0.59,0.059,0.02,0.08,M0.6,0.5,10.623,0.02,9.179,0.016,8.226,0.012,7.238,0.02,9.982,0.02,8.576,0.011,7.841,0.012,7.437,0.013,6.207,0.017,5.53,0.017,5.347,0.02,8.671,0.014,9.573,0.014,7.449,0.014,1.791,0.022,3875,40,0.538,0.012,0.571,0.015,9.43,0.54,0.444,Gl 846
168,0,PM I22361-0050,Gl 864,339.04034,-0.84159,0.8303,0.0072,3916,61,0.6,0.026,0.644,0.064,0.07,0.08,M0.6,0.5,11.43,0.02,10.002,0.016,9.041,0.012,8.061,0.02,10.807,0.02,9.386,0.011,8.663,0.012,8.254,0.013,7.037,0.017,6.41,0.017,6.209,0.02,9.488,0.014,10.387,0.014,8.267,0.014,0.83,0.011,3976,52,0.577,0.017,0.612,0.018,9.46,0.52,1.934,Gl 864
22,0,PM I02222+4752,Gl 96,35.56097,47.88002,1.49,0.016,3785,62,0.599,0.021,0.614,0.061,0.14,0.08,M0.7,0.5,10.848,0.021,9.413,0.016,8.446,0.013,7.427,0.02,10.196,0.021,8.806,0.011,8.036,0.013,7.611,0.013,6.392,0.017,5.738,0.017,5.563,0.02,8.878,0.014,9.802,0.014,7.64,0.014,1.49,0.023,3892,38,0.566,0.012,0.6,0.013,9.48,0.54,5.412,Gl 96
101,0,PM I13168+1700,Gl 505 B,199.21475,17.01664,1.293,0.022,3709,60,0.539,0.019,0.541,0.054,-0.12,0.03,M0.7,0.5,10.881,0.02,9.522,0.016,8.572,0.012,7.554,0.02,10.259,0.021,8.926,0.011,8.169,0.013,7.738,0.013,6.546,0.017,5.95,0.017,5.748,0.02,8.996,0.014,9.893,0.014,7.771,0.014,1.293,0.033,3840,21,0.502,0.006,0.531,0.008,9.48,0.55,8.883,Gl 505 B
146,0,PM I18580+0554,Gl 740,284.50058,5.90829,1.698,0.015,3834,60,0.57,0.02,0.604,0.06,0.14,0.08,M0.7,0.5,10.667,0.02,9.247,0.016,8.29,0.012,7.288,0.02,10.036,0.02,8.642,0.011,7.897,0.013,7.464,0.013,6.257,0.017,5.62,0.017,5.416,0.02,8.726,0.014,9.633,0.014,7.496,0.014,1.698,0.021,3872,41,0.558,0.013,0.591,0.014,9.48,0.57,0.755,Gl 740
174,0,PM I23182+4617,Gl 894.1,349.57468,46.28927,0.3811,0.0034,3910,60,0.589,0.035,0.644,0.064,0.13,0.08,M0.7,0.5,12.342,0.02,10.922,0.016,9.945,0.012,8.915,0.02,11.708,0.021,10.309,0.011,9.526,0.013,9.096,0.013,7.874,0.017,7.223,0.017,7.008,0.02,10.375,0.014,11.307,0.014,9.131,0.014,0.3811,0.0052,3953,63,0.578,0.019,0.614,0.021,9.41,0.51,0.708,Gl 894.1
63,0,PM I07344+6256,Gl 277.1,113.61445,62.94152,0.5946,0.0086,3681,60,0.385,0.016,0.397,0.04,-0.37,0.08,M0.8,1.0,12.002,0.02,10.397,0.016,9.43,0.013,8.394,0.02,11.296,0.021,9.788,0.011,9.015,0.013,8.568,0.013,7.356,0.017,6.799,0.017,6.565,0.02,9.869,0.014,10.824,0.014,8.613,0.014,0.595,0.014,3667,37,0.386,0.013,0.411,0.015,9.42,0.57,0.065,Gl 277.1
129,0,PM I17355+6140,Gl 685,263.89362,61.68164,0.928,0.011,3846,61,0.541,0.019,0.587,0.059,0.1,0.08,M0.8,1.0,11.423,0.02,10.001,0.016,8.993,0.013,7.897,0.02,10.778,0.021,9.379,0.011,8.533,0.013,8.076,0.013,6.908,0.017,6.293,0.017,6.054,0.02,9.407,0.014,10.385,0.014,8.131,0.014,0.928,0.016,3844,38,0.543,0.012,0.576,0.014,9.43,0.58,0.074,Gl 685
56,0,PM I06461+3233,GJ 3408 B,101.53108,32.55417,0.1313,0.0026,3656,62,0.419,0.019,0.432,0.043,-0.26,0.03,M0.9,1.0,13.771,0.021,12.15,0.016,11.14,0.013,10.078,0.02,13.06,0.021,11.51,0.011,10.705,0.013,10.244,0.013,8.99,0.018,8.368,0.017,8.17,0.02,11.578,0.014,12.567,0.014,10.3,0.014,0.1313,0.004,3674,28,0.414,0.013,0.44,0.013,9.42,0.6,0.185,GJ 3409 B
46,0,PM I05415+5329,Gl 212,85.37804,53.48987,1.205,0.017,3765,60,0.568,0.022,0.593,0.059,0.19,0.03,M1.0,1.0,11.148,0.02,9.739,0.016,8.754,0.012,7.667,0.02,10.512,0.021,9.134,0.011,8.299,0.013,7.829,0.013,6.609,0.017,5.985,0.017,5.755,0.02,9.163,0.014,10.124,0.014,7.893,0.014,1.205,0.025,3819,34,0.55,0.011,0.584,0.011,9.4,0.57,1.505,Gl 212
159,0,PM I20533+6209,Gl 809,313.33246,62.1545,3.348,0.036,3791,60,0.529,0.017,0.581,0.058,-0.06,0.08,M1.0,1.0,10.064,0.02,8.566,0.016,7.636,0.012,6.625,0.02,9.403,0.02,7.989,0.011,7.236,0.012,6.794,0.013,5.486,0.017,4.829,0.017,4.577,0.02,8.069,0.014,8.984,0.014,6.834,0.014,3.348,0.056,3846,37,0.515,0.01,0.546,0.013,9.39,0.54,1.665,Gl 809
88,0,PM I11054+4331,Gl 412A,166.36992,43.52665,3.087,0.042,3619,60,0.383,0.013,0.39,0.039,-0.37,0.08,M1.1,1.0,10.288,0.02,8.778,0.016,7.726,0.012,6.619,0.02,9.616,0.02,8.114,0.011,7.257,0.012,6.794,0.013,5.552,0.017,4.971,0.017,4.739,0.02,8.149,0.014,9.165,0.014,6.852,0.014,3.087,0.068,3649,32,0.376,0.008,0.4,0.009,9.47,0.59,0.567,Gl 412A
104,0,PM I13299+1022,Gl 514,202.49895,10.37731,2.206,0.018,3727,61,0.483,0.016,0.527,0.053,-0.09,0.08,M1.1,1.0,10.547,0.02,9.04,0.015,8.1,0.012,7.035,0.02,9.893,0.02,8.464,0.011,7.667,0.012,7.195,0.013,5.93,0.017,5.308,0.017,5.017,0.02,8.517,0.014,9.46,0.014,7.261,0.014,2.206,0.028,3755,30,0.476,0.009,0.505,0.012,9.45,0.55,0.502,Gl 514
172,0,,Gl 887,346.46683,-35.85307,10.89,0.17,3688,86,0.468,0.022,0.495,0.049,-0.06,0.08,M1.1,1.0,8.808,0.02,7.339,0.016,6.366,0.013,5.287,0.02,8.157,0.021,6.74,0.011,5.921,0.013,5.475,0.013,4.21,0.017,3.576,0.017,3.329,0.02,6.785,0.014,7.742,0.014,5.522,0.014,10.89,0.25,3715,33,0.461,0.009,0.491,0.011,9.46,0.58,0.207,Gl 887
60,0,PM I07232+4605,Gl 272,110.8121,46.08744,0.5915,0.0057,3703,62,0.543,0.025,0.564,0.056,0.05,0.08,M1.2,1.0,12.005,0.021,10.544,0.016,9.56,0.013,8.479,0.02,11.347,0.021,9.942,0.011,9.107,0.013,8.644,0.013,7.366,0.017,6.703,0.017,6.495,0.02,9.976,0.014,10.943,0.014,8.705,0.014,0.5915,0.0083,3786,46,0.518,0.016,0.55,0.018,9.42,0.53,2.911,Gl 272
131,0,PM I17378+1835,Gl 686,264.47214,18.59157,1.418,0.014,3657,60,0.424,0.015,0.442,0.044,-0.25,0.08,M1.2,1.0,11.149,0.02,9.603,0.016,8.595,0.012,7.498,0.02,10.464,0.02,8.978,0.011,8.136,0.012,7.653,0.013,6.382,0.017,5.816,0.017,5.56,0.02,9.013,0.014,10.012,0.014,7.723,0.014,1.418,0.022,3678,29,0.418,0.009,0.445,0.01,9.41,0.57,0.322,Gl 686
10,0,PM I01324-2154,GJ 3098,23.10926,-21.905,0.3354,0.0044,3641,60,0.46,0.022,0.464,0.046,-0.2,0.08,M1.3,1.5,12.656,0.02,11.2,0.016,10.195,0.012,9.056,0.02,12.01,0.02,10.595,0.011,9.705,0.013,9.21,0.013,7.938,0.017,7.364,0.017,7.166,0.02,10.592,0.014,11.599,0.014,9.292,0.014,0.3354,0.0065,3708,35,0.44,0.016,0.468,0.017,9.41,0.6,2.097,GJ 3098
123,0,PM I16581+2544,Gl 649,254.5369,25.74423,1.298,0.013,3700,60,0.507,0.018,0.534,0.053,0.03,0.08,M1.3,1.5,11.149,0.02,9.667,0.016,8.696,0.012,7.602,0.02,10.476,0.02,9.078,0.011,8.236,0.013,7.767,0.013,6.495,0.017,5.875,0.017,5.634,0.02,9.105,0.014,10.075,0.014,7.831,0.014,1.298,0.02,3741,39,0.495,0.012,0.527,0.013,9.42,0.57,1.004,Gl 649
137,0,PM I18051-0301,Gl 701,271.28149,-3.03127,1.72,0.014,3614,60,0.459,0.016,0.471,0.047,-0.22,0.08,M1.3,1.5,10.877,0.02,9.389,0.016,8.399,0.013,7.308,0.02,10.207,0.02,8.779,0.011,7.942,0.012,7.464,0.013,6.18,0.017,5.588,0.017,5.322,0.02,8.812,0.014,9.789,0.014,7.533,0.014,1.72,0.021,3701,26,0.437,0.008,0.464,0.009,9.51,0.54,3.914,Gl 701
3,0,PM I00183+4401,Gl 15A,4.59542,44.02278,5.669,0.045,3603,60,0.388,0.013,0.398,0.04,-0.3,0.08,M1.4,1.5,9.662,0.02,8.119,0.016,7.116,0.012,5.991,0.02,8.973,0.02,7.505,0.011,6.638,0.012,6.148,0.013,4.896,0.017,4.303,0.017,4.039,0.02,7.523,0.014,8.532,0.014,6.225,0.014,5.669,0.07,3626,32,0.382,0.007,0.406,0.009,9.48,0.56,0.345,Gl 15A
106,0,PM I13457+1453,Gl 526,206.43251,14.89139,4.013,0.053,3649,60,0.478,0.016,0.465,0.046,-0.31,0.08,M1.4,1.5,9.926,0.02,8.48,0.016,7.463,0.012,6.316,0.02,9.289,0.02,7.866,0.011,6.97,0.013,6.442,0.013,5.24,0.017,4.711,0.017,4.563,0.02,7.854,0.014,8.87,0.014,6.545,0.014,4.013,0.081,3755,32,0.45,0.009,0.475,0.01,9.51,0.56,6.178,Gl 526
162,0,PM I21092-1318,Gl 821,317.32251,-13.30223,0.4185,0.0051,3545,60,0.369,0.016,0.356,0.036,-0.45,0.08,M1.4,1.5,12.397,0.021,10.901,0.016,9.885,0.013,8.765,0.02,11.731,0.021,10.275,0.011,9.406,0.013,8.927,0.013,7.705,0.017,7.189,0.017,6.936,0.02,10.294,0.014,11.299,0.014,8.998,0.014,0.4185,0.0085,3620,33,0.352,0.011,0.372,0.014,9.43,0.58,2.871,Gl 821
176,0,PM I23245+5751S,Gl 895,351.12714,57.85435,1.0011,0.0093,3764,60,0.539,0.02,0.585,0.058,0.31,0.08,M1.4,1.5,11.503,0.02,10.043,0.016,9.046,0.012,7.925,0.02,10.843,0.021,9.441,0.011,8.565,0.013,8.076,0.013,6.796,0.017,6.105,0.017,5.879,0.02,9.447,0.014,10.443,0.014,8.155,0.014,1.001,0.014,3746,35,0.545,0.012,0.578,0.012,9.41,0.57,0.23,Gl 895
182,0,PM I23492+0224,Gl 908,357.30206,2.40136,2.362,0.019,3646,60,0.407,0.014,0.408,0.041,-0.45,0.08,M1.4,1.5,10.446,0.02,9.004,0.016,8.023,0.013,6.89,0.02,9.799,0.021,8.416,0.011,7.541,0.013,7.026,0.013,5.824,0.017,5.32,0.017,5.088,0.02,8.415,0.014,9.407,0.014,7.121,0.014,2.362,0.033,3704,29,0.394,0.007,0.42,0.008,9.45,0.55,2.033,Gl 908
17,0,PM I02123+0334,Gl 87,33.0877,3.57588,0.9124,0.0074,3638,62,0.443,0.017,0.44,0.044,-0.36,0.08,M1.5,1.5,11.488,0.02,10.062,0.016,9.085,0.012,7.944,0.02,10.848,0.02,9.482,0.011,8.596,0.013,8.09,0.013,6.858,0.017,6.312,0.017,6.124,0.02,9.472,0.014,10.461,0.014,8.179,0.014,0.912,0.012,3721,35,0.421,0.011,0.448,0.012,9.44,0.57,3.479,Gl 87
32,0,PM I03181+3815,Gl 134,49.53108,38.25215,0.7796,0.0066,3700,61,0.628,0.031,0.639,0.064,0.53,0.08,M1.5,1.5,11.766,0.021,10.284,0.016,9.283,0.012,8.167,0.02,11.1,0.021,9.674,0.011,8.807,0.013,8.332,0.013,7.08,0.017,6.395,0.017,6.156,0.02,9.689,0.014,10.683,0.014,8.4,0.014,0.78,0.012,3795,63,0.585,0.03,0.618,0.022,9.51,0.49,5.64,Gl 134
44,0,PM I05314-0340,Gl 205,82.86417,-3.67722,6.34,0.054,3801,60,0.581,0.019,0.633,0.063,0.49,0.08,M1.5,1.5,9.432,0.02,7.932,0.016,7.008,0.013,5.931,0.02,8.767,0.02,7.376,0.011,6.566,0.012,6.096,0.013,4.796,0.017,4.123,0.017,3.856,0.019,7.416,0.014,8.354,0.014,6.161,0.014,6.34,0.13,3805,31,0.579,0.009,0.613,0.01,9.41,0.48,0.655,Gl 205
80,0,PM I10251-1013,Gl 390,156.29526,-10.22871,0.8767,0.0073,3700,60,0.497,0.02,0.52,0.052,-0.02,0.08,M1.5,1.5,11.631,0.02,10.159,0.016,9.165,0.012,8.045,0.02,10.971,0.02,9.556,0.011,8.686,0.013,8.194,0.013,6.93,0.017,6.278,0.017,6.086,0.02,9.566,0.014,10.559,0.014,8.275,0.014,0.877,0.011,3743,41,0.485,0.014,0.516,0.016,9.46,0.56,0.93,Gl 390
171,0,PM I22565+1633,Gl 880,344.14517,16.55347,3.545,0.027,3720,60,0.549,0.018,0.574,0.057,0.21,0.08,M1.5,1.5,10.15,0.02,8.666,0.016,7.672,0.012,6.546,0.02,9.482,0.02,8.067,0.011,7.19,0.013,6.707,0.013,5.39,0.017,4.722,0.017,4.543,0.02,8.074,0.014,9.072,0.014,6.782,0.014,3.545,0.041,3760,35,0.537,0.01,0.57,0.011,9.46,0.52,0.893,Gl 880
26,0,PM I02441+4913W,,41.04275,49.23169,1.064,0.023,3685,60,0.498,0.017,0.521,0.052,0.06,0.03,M1.7,1.5,11.484,0.02,9.987,0.016,8.975,0.012,7.815,0.02,10.824,0.02,9.381,0.011,8.468,0.013,7.961,0.013,6.713,0.017,6.105,0.017,5.857,0.02,9.366,0.014,10.395,0.014,8.053,0.014,1.064,0.035,3720,22,0.489,0.007,0.521,0.008,9.38,0.59,0.662,LSPM J0244+4913W
66,0,PM I07482+2022,Gl 289,117.06806,20.36827,0.2703,0.0024,3576,60,0.354,0.018,0.348,0.035,-0.45,0.08,M1.7,1.5,13.002,0.021,11.455,0.016,10.459,0.012,9.305,0.02,12.306,0.021,10.86,0.011,9.96,0.013,9.443,0.013,8.157,0.017,7.604,0.017,7.402,0.02,10.851,0.014,11.875,0.014,9.541,0.014,0.2703,0.004,3609,33,0.345,0.015,0.364,0.019,9.42,0.57,0.687,Gl 289
102,0,PM I13196+3320,Gl 507.1,199.91724,33.34655,0.6333,0.0051,3650,60,0.598,0.025,0.597,0.06,0.4,0.08,M1.8,2.0,12.105,0.02,10.617,0.016,9.612,0.013,8.441,0.02,11.431,0.021,10.025,0.011,9.095,0.012,8.571,0.013,7.259,0.017,6.577,0.017,6.411,0.02,9.995,0.014,11.027,0.014,8.678,0.014,0.6333,0.0078,3752,36,0.56,0.013,0.591,0.013,9.5,0.5,5.192,Gl 507.1
73,0,PM I09411+1312,Gl 361,145.29326,13.20959,0.8004,0.007,3500,60,0.485,0.019,0.47,0.047,-0.05,0.08,M1.9,2.0,11.873,0.02,10.405,0.016,9.388,0.012,8.184,0.02,11.202,0.021,9.81,0.011,8.85,0.012,8.301,0.013,6.999,0.017,6.365,0.017,6.134,0.02,9.756,0.014,10.809,0.014,8.424,0.014,0.8,0.011,3648,37,0.442,0.012,0.473,0.014,9.49,0.59,11.261,Gl 361
78,0,PM I10122-0344,Gl 382,153.07364,-3.74563,2.186,0.018,3623,60,0.522,0.019,0.525,0.053,0.13,0.08,M1.9,2.0,10.751,0.02,9.281,0.016,8.264,0.012,7.058,0.02,10.089,0.02,8.689,0.011,7.722,0.012,7.197,0.013,5.904,0.017,5.27,0.017,5.082,0.02,8.635,0.014,9.688,0.014,7.305,0.014,2.186,0.027,3696,36,0.5,0.012,0.532,0.012,9.48,0.56,2.856,Gl 382
87,0,PM I11033+3558,Gl 411,165.83423,35.97054,10.821,0.096,3563,60,0.389,0.013,0.386,0.039,-0.38,0.08,M1.9,2.0,9.019,0.02,7.498,0.016,6.475,0.013,5.275,0.02,8.333,0.02,6.898,0.011,5.938,0.013,5.419,0.013,4.167,0.017,3.601,0.017,3.361,0.02,6.854,0.014,7.912,0.014,5.522,0.014,10.82,0.16,3637,32,0.372,0.007,0.396,0.008,9.54,0.55,3.187,Gl 411
39,0,PM I04376-1102,Gl 173,69.42448,-11.03885,0.8354,0.008,3671,61,0.444,0.017,0.472,0.047,-0.04,0.08,M2.0,2.0,11.834,0.02,10.346,0.016,9.319,0.012,8.107,0.02,11.147,0.021,9.747,0.011,8.774,0.012,8.235,0.013,6.949,0.017,6.345,0.017,6.094,0.02,9.688,0.014,10.752,0.014,8.351,0.014,0.835,0.012,3668,33,0.444,0.012,0.473,0.013,9.47,0.59,0.01,Gl 173
157,0,PM I20450+4429,Gl 806,311.267,44.49903,0.5854,0.0071,3542,61,0.443,0.018,0.432,0.043,-0.15,0.08,M2.0,2.0,12.28,0.021,10.721,0.016,9.676,0.012,8.474,0.02,11.593,0.021,10.097,0.011,9.136,0.013,8.604,0.013,7.317,0.017,6.729,0.017,6.531,0.02,10.057,0.014,11.137,0.014,8.716,0.014,0.585,0.011,3640,30,0.416,0.011,0.444,0.013,9.47,0.59,4.747,Gl 806
5,0,PM I00219-3124,GJ 1009,5.4835,-31.40604,0.4175,0.0035,3600,60,0.528,0.028,0.551,0.055,0.27,0.08,M2.1,2.0,12.619,0.021,11.175,0.016,10.142,0.013,8.91,0.02,11.956,0.021,10.577,0.011,9.583,0.013,9.036,0.013,7.713,0.017,7.025,0.017,6.753,0.02,10.5,0.014,11.572,0.014,9.158,0.014,0.4175,0.0052,3657,45,0.507,0.019,0.538,0.019,9.46,0.52,1.646,GJ 1009
24,0,PM I02358+2013,Gl 104,38.97208,20.2199,0.6431,0.0057,3542,62,0.512,0.022,0.508,0.051,0.12,0.08,M2.1,2.0,12.155,0.02,10.655,0.016,9.629,0.013,8.412,0.02,11.478,0.021,10.059,0.011,9.079,0.013,8.542,0.014,7.244,0.017,6.587,0.017,6.354,0.02,9.997,0.014,11.066,0.014,8.658,0.014,0.6431,0.0087,3647,39,0.48,0.015,0.511,0.015,9.46,0.56,5.067,Gl 104
41,0,PM I04538-1746,Gl 180,73.45819,-17.77333,0.5257,0.0047,3506,60,0.421,0.019,0.413,0.041,-0.24,0.08,M2.1,2.0,12.459,0.021,10.91,0.016,9.864,0.012,8.624,0.02,11.748,0.021,10.298,0.011,9.302,0.013,8.728,0.013,7.426,0.017,6.842,0.017,6.597,0.02,10.226,0.014,11.325,0.014,8.868,0.014,0.5257,0.0072,3619,31,0.392,0.013,0.417,0.015,9.44,0.55,5.948,Gl 180
116,0,PM I16254+5418,Gl 625,246.35249,54.30413,1.087,0.012,3475,60,0.331,0.012,0.315,0.032,-0.35,0.08,M2.1,2.0,11.713,0.02,10.123,0.016,9.062,0.013,7.821,0.02,11.01,0.021,9.492,0.011,8.502,0.013,7.916,0.013,6.625,0.017,6.069,0.017,5.836,0.02,9.429,0.014,10.545,0.014,8.064,0.014,1.087,0.018,3540,34,0.319,0.007,0.333,0.009,9.54,0.6,2.338,Gl 625
147,0,PM I19070+2053,Gl 745A,286.77325,20.8881,0.5715,0.0066,3500,60,0.31,0.012,0.296,0.03,-0.33,0.08,M2.1,2.0,12.336,0.021,10.78,0.016,9.725,0.012,8.499,0.02,11.634,0.021,10.152,0.011,9.175,0.012,8.611,0.013,7.321,0.017,6.781,0.017,6.552,0.02,10.096,0.014,11.191,0.014,8.742,0.014,0.572,0.011,3516,34,0.305,0.01,0.316,0.013,9.5,0.59,0.259,Gl 745A
148,0,PM I19072+2052,Gl 745B,286.80508,20.87706,0.584,0.01,3494,62,0.323,0.014,0.303,0.03,-0.35,0.08,M2.1,2.0,12.373,0.021,10.736,0.016,9.65,0.013,8.433,0.02,11.645,0.021,10.078,0.011,9.102,0.013,8.56,0.013,7.291,0.017,6.77,0.017,6.564,0.02,10.035,0.014,11.15,0.014,8.677,0.014,0.584,0.016,3532,34,0.314,0.011,0.327,0.014,9.54,0.61,0.959,Gl 745B
40,0,PM I04429+1857,Gl 176,70.73231,18.95833,1.254,0.011,3680,60,0.452,0.019,0.492,0.049,0.14,0.08,M2.2,2.0,11.496,0.02,9.993,0.016,8.949,0.012,7.699,0.02,10.813,0.02,9.391,0.011,8.38,0.013,7.787,0.013,6.485,0.017,5.891,0.017,5.603,0.02,9.302,0.014,10.403,0.014,7.941,0.014,1.254,0.017,3631,40,0.464,0.014,0.496,0.015,9.36,0.58,1.149,Gl 176
68,0,PM I08161+0118,GJ 2066,124.03331,1.30256,1.101,0.012,3500,60,0.461,0.017,0.452,0.045,-0.12,0.08,M2.2,2.0,11.657,0.02,10.126,0.016,9.081,0.012,7.847,0.02,10.953,0.021,9.516,0.011,8.522,0.013,7.968,0.013,6.638,0.017,6.007,0.017,5.773,0.02,9.446,0.014,10.537,0.014,8.094,0.014,1.101,0.018,3644,30,0.423,0.009,0.451,0.012,9.5,0.58,10.637,GJ 2066
81,0,PM I10289+0050,Gl 393,157.23155,0.8411,1.612,0.013,3548,60,0.42,0.016,0.426,0.043,-0.18,0.08,M2.2,2.0,11.16,0.02,9.665,0.016,8.621,0.012,7.386,0.02,10.484,0.02,9.066,0.011,8.053,0.013,7.514,0.013,6.204,0.017,5.632,0.017,5.354,0.02,8.985,0.014,10.076,0.014,7.635,0.014,1.612,0.019,3621,24,0.402,0.009,0.428,0.01,9.45,0.57,2.838,Gl 393
135,0,PM I18007+2933,,270.18933,29.56578,0.117,0.0017,3509,61,0.464,0.018,0.455,0.046,-0.06,0.03,M2.2,2.0,13.98,0.021,12.538,0.016,11.501,0.013,10.25,0.02,13.316,0.021,11.945,0.011,10.927,0.013,10.375,0.013,9.073,0.017,8.459,0.017,8.218,0.02,11.853,0.014,12.935,0.014,10.503,0.014,0.117,0.0026,3648,21,0.428,0.008,0.458,0.009,9.5,0.56,9.048,LSPM J1800+2933
58,0,PM I06523-0511,Gl 250 B,103.07519,-5.19005,1.18,0.02,3481,60,0.46,0.017,0.444,0.044,0.14,0.03,M2.3,2.5,11.554,0.02,10.045,0.016,9.012,0.012,7.773,0.02,10.879,0.021,9.445,0.011,8.453,0.013,7.889,0.013,6.531,0.017,5.94,0.017,5.711,0.019,9.373,0.014,10.458,0.014,8.024,0.014,1.18,0.032,3569,19,0.436,0.006,0.466,0.008,9.41,0.6,4.199,Gl 250 B
13,0,PM I01433+0419,Gl 70,25.83414,4.32176,0.5422,0.0056,3458,60,0.414,0.017,0.401,0.04,-0.13,0.08,M2.5,2.5,12.449,0.021,10.931,0.016,9.868,0.013,8.569,0.02,11.752,0.021,10.337,0.011,9.253,0.012,8.7,0.013,7.393,0.017,6.8,0.017,6.537,0.02,10.21,0.014,11.35,0.014,8.834,0.014,0.5422,0.0084,3578,29,0.385,0.011,0.409,0.013,9.46,0.59,6.824,Gl 70
67,0,PM I08105-1348,Gl 297.2 B,122.64277,-13.81427,0.248,0.0024,3544,62,0.523,0.019,0.513,0.051,0.0,0.08,M2.5,2.5,13.348,0.022,11.782,0.016,10.686,0.013,9.382,0.02,12.601,0.022,11.156,0.011,10.075,0.013,9.486,0.013,8.274,0.017,7.672,0.017,7.413,0.02,11.028,0.014,12.189,0.014,9.639,0.014,0.248,0.0037,3700,39,0.479,0.011,0.51,0.012,9.48,0.55,12.01,Gl 297.2 B
109,0,PM I14251+5149,Gl 549 B,216.29829,51.83147,0.3424,0.0054,3479,60,0.414,0.015,0.405,0.04,-0.11,0.08,M2.6,2.5,13.021,0.021,11.467,0.016,10.423,0.013,9.104,0.02,12.291,0.021,10.894,0.011,9.801,0.013,9.204,0.013,7.875,0.017,7.277,0.017,7.037,0.02,10.751,0.014,11.902,0.014,9.365,0.014,0.3424,0.0083,3585,27,0.389,0.007,0.415,0.009,9.41,0.59,5.948,Gl 549 B
132,0,PM I17439+4322,Gl 694,265.98318,43.3787,0.8927,0.0086,3464,61,0.44,0.017,0.43,0.043,0.0,0.08,M2.6,2.5,12.012,0.02,10.511,0.016,9.424,0.012,8.1,0.02,11.319,0.02,9.9,0.011,8.799,0.012,8.189,0.013,6.845,0.017,6.211,0.017,5.972,0.019,9.752,0.014,10.919,0.014,8.357,0.014,0.893,0.014,3572,36,0.412,0.01,0.44,0.011,9.46,0.56,5.965,Gl 694
149,0,PM I19169+0510,Gl 752A,289.23032,5.16909,3.017,0.023,3558,60,0.474,0.016,0.475,0.047,0.1,0.08,M2.6,2.5,10.621,0.02,9.141,0.016,8.077,0.012,6.744,0.02,9.94,0.02,8.553,0.011,7.454,0.013,6.813,0.013,5.543,0.017,4.917,0.017,4.696,0.02,8.394,0.014,9.551,0.014,6.999,0.014,3.017,0.036,3619,34,0.457,0.01,0.488,0.011,9.45,0.56,2.2,Gl 752A
48,0,PM I05557-2651,,88.93001,-26.8565,0.6642,0.0072,3652,60,0.525,0.024,0.552,0.055,0.31,0.08,M2.7,2.5,12.273,0.021,10.795,0.016,9.73,0.012,8.413,0.02,11.585,0.021,10.209,0.011,9.108,0.013,8.506,0.014,7.183,0.017,6.518,0.017,6.29,0.02,10.055,0.014,11.205,0.014,8.667,0.014,0.664,0.011,3671,41,0.519,0.016,0.55,0.017,9.47,0.56,0.193,LP 837-53
126,0,PM I17198+4142,Gl 671,259.9696,41.71394,0.3812,0.004,3433,61,0.382,0.016,0.364,0.036,-0.15,0.08,M2.7,2.5,12.921,0.021,11.422,0.016,10.341,0.012,9.003,0.02,12.24,0.021,10.817,0.011,9.711,0.013,9.076,0.013,7.743,0.017,7.162,0.017,6.922,0.02,10.661,0.014,11.833,0.014,9.259,0.014,0.3812,0.006,3534,27,0.357,0.01,0.377,0.013,9.49,0.58,5.175,Gl 671
155,0,PM I20167+5017,,304.18317,50.28728,0.0849,0.0011,3559,60,0.417,0.016,0.421,0.042,0.14,0.08,M2.7,2.5,14.417,0.02,12.961,0.016,11.906,0.012,10.578,0.02,13.761,0.021,12.382,0.011,11.28,0.012,10.684,0.014,9.409,0.017,8.815,0.017,8.579,0.02,12.228,0.014,13.37,0.014,10.843,0.014,0.0849,0.0018,3541,36,0.419,0.012,0.447,0.013,9.36,0.59,0.143,LSPM J2016+5017
35,0,LSPM J0355+5214,,58.90373,52.2414,0.021,2.6E-4,3435,61,0.274,0.011,0.255,0.025,-0.35,0.05,M2.8,3.0,16.198,0.021,14.508,0.016,13.418,0.013,12.1,0.02,15.435,0.021,13.885,0.011,12.802,0.013,12.198,0.014,10.9,0.017,10.339,0.017,10.101,0.02,13.763,0.014,14.954,0.014,12.36,0.014,0.021,4.2E-4,3466,23,0.268,0.007,0.268,0.011,9.41,0.61,0.579,LSPM J0355+5214
92,0,PM I11421+2642,Gl 436,175.5461,26.70668,0.8277,0.0093,3479,60,0.449,0.019,0.445,0.044,0.01,0.08,M2.8,3.0,12.139,0.02,10.691,0.016,9.561,0.012,8.161,0.02,11.467,0.021,10.079,0.011,8.879,0.013,8.237,0.013,6.911,0.017,6.301,0.017,6.039,0.02,9.859,0.014,11.085,0.014,8.431,0.014,0.828,0.015,3584,39,0.42,0.014,0.447,0.015,9.47,0.57,5.702,Gl 436
111,0,PM I15118+3933,,227.96442,39.55061,0.0534,6.1E-4,3435,61,0.347,0.015,0.331,0.033,-0.09,0.03,M2.8,3.0,15.188,0.021,13.569,0.016,12.483,0.013,11.143,0.02,14.451,0.021,12.963,0.011,11.847,0.013,11.223,0.013,9.867,0.017,9.291,0.017,9.052,0.02,12.81,0.014,14.005,0.014,11.402,0.014,0.0534,9.5E-4,3495,16,0.333,0.01,0.347,0.012,9.46,0.59,1.922,LSPM J1511+3933
115,0,PM I16139+3346,Gl 615.2 C,243.48447,33.7734,0.1764,0.0023,3454,63,0.437,0.02,0.423,0.042,-0.06,0.03,M2.8,3.0,13.769,0.021,12.251,0.016,11.164,0.013,9.825,0.02,13.091,0.021,11.647,0.011,10.531,0.013,9.915,0.014,8.589,0.017,8.0,0.017,7.743,0.02,11.489,0.014,12.666,0.014,10.088,0.014,0.1764,0.0037,3593,23,0.4,0.011,0.426,0.013,9.47,0.58,8.656,Gl 615.2 C
141,0,PM I18419+3149,GJ 4070,280.496,31.83049,0.4556,0.006,3400,61,0.394,0.019,0.369,0.037,-0.16,0.08,M2.8,3.0,13.149,0.021,11.358,0.016,10.173,0.012,8.782,0.02,12.359,0.021,10.68,0.011,9.502,0.013,8.859,0.013,7.527,0.017,6.968,0.017,6.723,0.02,10.501,0.014,11.805,0.014,9.05,0.014,0.4556,0.009,3538,29,0.359,0.013,0.38,0.016,9.38,0.59,8.571,GJ 4070
160,0,PM I20567-1026,Gl 811.1,314.19418,-10.44835,0.372,0.0038,3473,61,0.456,0.028,0.452,0.045,0.16,0.08,M2.8,3.0,13.061,0.021,11.49,0.016,10.404,0.013,9.052,0.02,12.344,0.021,10.893,0.011,9.76,0.013,9.129,0.014,7.799,0.017,7.143,0.017,6.898,0.02,10.723,0.014,11.922,0.014,9.311,0.014,0.372,0.0059,3545,46,0.431,0.022,0.46,0.025,9.42,0.57,2.307,Gl 811.1
27,0,PM I02442+2531,Gl 109,41.06449,25.52341,0.9082,0.008,3405,60,0.364,0.014,0.343,0.034,-0.1,0.08,M3.0,3.0,12.147,0.02,10.599,0.016,9.482,0.012,8.087,0.02,11.428,0.021,9.989,0.011,8.807,0.013,8.156,0.013,6.785,0.017,6.196,0.017,5.965,0.02,9.783,0.014,11.016,0.014,8.352,0.014,0.908,0.012,3502,29,0.342,0.009,0.358,0.011,9.37,0.58,4.844,Gl 109
31,0,PM I03047+6144,GJ 3195,46.18104,61.73583,0.132,0.0017,3500,61,0.424,0.016,0.415,0.042,-0.12,0.08,M3.0,3.0,14.059,0.021,12.564,0.016,11.496,0.012,10.126,0.02,13.38,0.021,11.995,0.011,10.838,0.013,10.209,0.013,8.896,0.017,8.335,0.017,8.091,0.02,11.799,0.014,12.986,0.014,10.389,0.014,0.132,0.0025,3602,27,0.399,0.009,0.425,0.011,9.46,0.6,5.202,GJ 3195
136,0,PM I18046+1354,,271.16129,13.90398,0.078,0.0011,3375,61,0.273,0.011,0.247,0.025,-0.21,0.08,M3.0,3.0,14.807,0.021,13.227,0.016,12.101,0.012,10.717,0.02,14.074,0.021,12.6,0.011,11.436,0.013,10.789,0.013,9.443,0.017,8.888,0.017,8.652,0.019,12.411,0.014,13.647,0.014,10.982,0.014,0.078,0.0017,3412,23,0.266,0.007,0.263,0.009,9.39,0.61,0.848,LSPM J1804+1354
142,0,PM I18427+5937N,Gl 725A,280.69489,59.63015,3.898,0.045,3441,60,0.351,0.013,0.334,0.033,-0.23,0.08,M3.0,3.0,10.43,0.02,8.897,0.016,7.835,0.012,6.471,0.02,9.734,0.02,8.324,0.011,7.184,0.013,6.548,0.013,5.198,0.017,4.642,0.017,4.406,0.02,8.143,0.014,9.328,0.014,6.734,0.014,3.898,0.068,3517,22,0.334,0.006,0.349,0.008,9.47,0.6,3.302,Gl 725A
62,0,PM I07287-0317,GJ 1097,112.18926,-3.29805,0.4392,0.0086,3448,60,0.404,0.019,0.397,0.04,-0.01,0.08,M3.1,3.0,12.957,0.021,11.41,0.016,10.29,0.012,8.869,0.02,12.227,0.021,10.814,0.011,9.595,0.013,8.934,0.013,7.578,0.017,6.988,0.017,6.714,0.02,10.58,0.014,11.834,0.014,9.139,0.014,0.439,0.013,3530,38,0.381,0.015,0.405,0.017,9.45,0.6,3.251,GJ 1097
64,0,PM I07386-2113,GJ 3459,114.67059,-21.22451,0.3236,0.0054,3358,60,0.315,0.016,0.29,0.029,-0.18,0.08,M3.1,3.0,13.441,0.021,11.756,0.016,10.617,0.012,9.192,0.02,12.667,0.021,11.138,0.011,9.92,0.013,9.255,0.013,7.9,0.017,7.323,0.017,7.069,0.02,10.915,0.014,12.205,0.014,9.463,0.014,0.3236,0.0083,3452,28,0.295,0.013,0.3,0.017,9.44,0.6,4.01,GJ 3459
103,0,PM I13283-0221Ww,Gl 512A,202.08781,-2.36022,0.4762,0.0069,3498,60,0.461,0.024,0.461,0.046,0.08,0.08,M3.1,3.0,12.806,0.021,11.269,0.016,10.188,0.013,8.785,0.02,12.086,0.021,10.704,0.011,9.506,0.013,8.854,0.013,7.503,0.017,6.891,0.017,6.639,0.02,10.48,0.014,11.702,0.014,9.053,0.014,0.476,0.011,3581,43,0.435,0.019,0.463,0.02,9.49,0.58,3.266,Gl 512A
165,0,PM I22096-0438,Gl 849,332.41797,-4.64073,1.192,0.01,3530,60,0.47,0.018,0.482,0.048,0.37,0.08,M3.1,3.0,11.892,0.02,10.409,0.016,9.286,0.012,7.848,0.02,11.198,0.021,9.826,0.011,8.578,0.013,7.892,0.013,6.498,0.017,5.859,0.017,5.612,0.02,9.561,0.014,10.823,0.014,8.113,0.014,1.192,0.016,3537,32,0.467,0.011,0.495,0.011,9.4,0.58,0.05,Gl 849
43,0,PM I05033-1722,GJ 3325,75.83372,-17.37348,0.3526,0.0041,3365,60,0.284,0.013,0.262,0.026,-0.12,0.08,M3.2,3.0,13.377,0.021,11.763,0.016,10.569,0.013,9.089,0.02,12.63,0.021,11.116,0.011,9.838,0.013,9.127,0.013,7.788,0.017,7.249,0.017,6.973,0.02,10.842,0.014,12.184,0.014,9.363,0.014,0.3526,0.0058,3410,25,0.276,0.009,0.274,0.013,9.45,0.61,1.007,GJ 3325
52,0,PM I06077-2544,,91.93227,-25.74483,0.2913,0.004,3356,60,0.321,0.015,0.294,0.029,-0.15,0.08,M3.2,3.0,13.498,0.021,11.886,0.016,10.74,0.013,9.307,0.02,12.775,0.021,11.262,0.011,10.039,0.013,9.367,0.013,8.008,0.018,7.441,0.017,7.193,0.02,11.032,0.014,12.318,0.014,9.579,0.014,0.2913,0.0061,3455,25,0.3,0.011,0.307,0.015,9.46,0.62,4.637,LP 838-16
59,0,PM I06548+3316,Gl 251,103.70411,33.26823,1.668,0.015,3448,60,0.358,0.013,0.352,0.035,-0.02,0.08,M3.2,3.0,11.586,0.02,10.068,0.016,8.92,0.012,7.464,0.02,10.875,0.02,9.46,0.011,8.201,0.012,7.491,0.013,6.111,0.017,5.523,0.017,5.269,0.02,9.189,0.014,10.482,0.014,7.726,0.014,1.668,0.022,3487,31,0.349,0.008,0.365,0.009,9.38,0.58,0.88,Gl 251
112,0,PM I15194-0743E,Gl 581,229.86194,-7.72227,0.9609,0.0077,3395,60,0.311,0.012,0.292,0.029,-0.15,0.08,M3.2,3.0,12.159,0.02,10.581,0.016,9.448,0.012,8.024,0.02,11.438,0.021,9.97,0.011,8.754,0.013,8.083,0.013,6.716,0.017,6.132,0.017,5.897,0.02,9.74,0.014,11.008,0.014,8.292,0.014,0.961,0.011,3457,22,0.299,0.007,0.306,0.011,9.44,0.58,2.12,Gl 581
120,0,PM I16554-0819,Gl 643,253.85522,-8.32245,0.4005,0.005,3279,60,0.233,0.011,0.204,0.02,-0.26,0.08,M3.2,3.0,13.446,0.02,11.772,0.016,10.547,0.012,9.056,0.02,12.709,0.021,11.093,0.011,9.816,0.013,9.067,0.013,7.623,0.017,7.051,0.017,6.796,0.02,10.819,0.014,12.193,0.014,9.324,0.014,0.4005,0.0073,3339,27,0.223,0.008,0.209,0.009,9.41,0.6,1.904,Gl 643
130,0,PM I17364+6820,Gl 687,264.10803,68.33932,3.363,0.028,3439,60,0.414,0.015,0.405,0.041,0.05,0.08,M3.2,3.0,10.678,0.02,9.182,0.016,8.098,0.012,6.682,0.02,9.986,0.02,8.617,0.011,7.411,0.013,6.725,0.013,5.348,0.017,4.782,0.017,4.504,0.02,8.379,0.014,9.607,0.014,6.945,0.014,3.363,0.044,3522,34,0.394,0.008,0.418,0.01,9.47,0.58,3.923,Gl 687
134,0,PM I17578+4635,GJ 4040,269.46234,46.58856,0.331,0.0046,3470,60,0.396,0.018,0.4,0.04,0.04,0.08,M3.2,3.0,13.306,0.021,11.77,0.016,10.633,0.012,9.196,0.02,12.599,0.021,11.167,0.011,9.928,0.012,9.25,0.013,7.887,0.017,7.281,0.017,6.996,0.02,10.916,0.014,12.192,0.014,9.465,0.014,0.331,0.0073,3514,37,0.383,0.013,0.406,0.016,9.45,0.59,1.196,GJ 4040
29,0,PM I02534+1724,,43.35881,17.40901,0.1486,0.0013,3377,60,0.352,0.019,0.338,0.034,-0.16,0.08,M3.3,3.5,14.389,0.021,12.694,0.016,11.552,0.013,10.123,0.02,13.608,0.021,12.073,0.011,10.855,0.013,10.178,0.013,8.746,0.017,8.102,0.017,7.857,0.02,11.848,0.014,13.14,0.014,10.392,0.014,0.1486,0.0019,3491,29,0.325,0.016,0.339,0.019,9.53,0.58,5.567,LSPM J0253+1724
150,0,PM I19220+0702,GJ 1236,290.50851,7.0419,0.1829,0.0024,3335,61,0.2338,0.0093,0.206,0.021,-0.29,0.08,M3.3,3.5,14.076,0.021,12.388,0.016,11.223,0.012,9.79,0.02,13.299,0.021,11.738,0.011,10.527,0.013,9.85,0.013,8.509,0.017,7.96,0.017,7.706,0.02,11.52,0.014,12.82,0.014,10.062,0.014,0.1829,0.0037,3365,29,0.229,0.006,0.217,0.006,9.45,0.59,0.533,GJ 1236
53,0,PM I06140+5140,GJ 3388,93.50983,51.6689,0.128,0.0017,3326,60,0.284,0.013,0.251,0.025,-0.08,0.08,M3.4,3.5,14.488,0.021,12.798,0.016,11.648,0.013,10.184,0.02,13.684,0.021,12.187,0.011,10.926,0.013,10.232,0.013,8.894,0.017,8.339,0.017,8.104,0.02,11.926,0.014,13.248,0.014,10.458,0.014,0.128,0.0026,3394,29,0.271,0.01,0.268,0.013,9.4,0.61,2.237,GJ 3388
79,0,PM I10196+1952,Gl 388,154.90117,19.87002,2.94,0.035,3370,60,0.435,0.017,0.406,0.041,0.15,0.08,M3.4,3.5,10.918,0.02,9.411,0.016,8.286,0.012,6.834,0.02,10.224,0.02,8.814,0.011,7.576,0.013,6.885,0.013,5.502,0.017,4.89,0.017,4.664,0.02,8.559,0.014,9.826,0.014,7.108,0.014,2.94,0.055,3492,33,0.402,0.01,0.427,0.011,9.46,0.57,8.07,Gl 388
99,0,PM I12388+1141,Gl 480,189.71867,11.6962,0.4368,0.0043,3463,60,0.466,0.025,0.467,0.047,0.26,0.08,M3.4,3.5,12.987,0.02,11.573,0.016,10.438,0.012,8.951,0.02,12.316,0.021,10.997,0.011,9.7,0.013,8.977,0.013,7.582,0.017,6.933,0.017,6.679,0.02,10.686,0.014,11.974,0.014,9.221,0.014,0.4368,0.0069,3529,41,0.443,0.02,0.471,0.021,9.45,0.59,2.104,Gl 480
125,0,PM I17115+3826,GJ 3992,257.89481,38.44276,0.4094,0.0046,3432,61,0.384,0.017,0.375,0.037,0.03,0.08,M3.4,3.5,13.097,0.021,11.602,0.016,10.459,0.012,8.981,0.02,12.389,0.021,11.012,0.011,9.725,0.013,9.013,0.013,7.644,0.017,7.044,0.017,6.795,0.02,10.718,0.014,12.019,0.014,9.252,0.014,0.4094,0.0072,3493,36,0.368,0.012,0.388,0.015,9.41,0.58,1.982,GJ 3992
2,0,PM I00118+2259,,2.971,22.98457,0.1307,0.0017,3359,62,0.314,0.015,0.294,0.029,0.13,0.08,M3.5,3.5,14.565,0.021,12.958,0.016,11.78,0.013,10.253,0.02,13.834,0.021,12.362,0.011,11.01,0.013,10.263,0.013,8.861,0.017,8.267,0.017,8.016,0.02,12.024,0.014,13.402,0.014,10.526,0.014,0.1307,0.0027,3376,35,0.309,0.012,0.312,0.016,9.43,0.6,0.197,LSPM J0011+2259
76,0,PM I09553-2715,,148.84943,-27.26128,0.2896,0.0038,3346,60,0.321,0.016,0.299,0.03,0.01,0.08,M3.5,3.5,13.687,0.021,12.041,0.016,10.857,0.013,9.377,0.02,12.935,0.021,11.409,0.011,10.119,0.013,9.424,0.013,8.013,0.017,7.39,0.017,7.15,0.02,11.131,0.014,12.475,0.014,9.653,0.014,0.2896,0.0058,3412,35,0.305,0.014,0.311,0.019,9.4,0.61,2.115,LP 847-48
143,0,PM I18427+5937S,Gl 725B,280.6958,59.62659,2.245,0.038,3345,60,0.273,0.011,0.248,0.025,-0.3,0.08,M3.5,3.5,11.276,0.02,9.733,0.016,8.604,0.013,7.13,0.02,10.559,0.021,9.147,0.011,7.874,0.012,7.166,0.013,5.748,0.017,5.211,0.017,4.958,0.02,8.865,0.014,10.161,0.014,7.4,0.014,2.245,0.055,3421,29,0.259,0.006,0.255,0.008,9.41,0.61,3.305,Gl 725B
84,0,PM I10520+1359,Gl 403,163.01762,13.99756,0.1567,0.0024,3298,62,0.295,0.016,0.265,0.027,-0.13,0.08,M3.6,3.5,14.288,0.021,12.7,0.016,11.53,0.013,10.039,0.02,13.557,0.021,12.086,0.011,10.788,0.013,10.065,0.013,8.68,0.017,8.08,0.017,7.814,0.02,11.789,0.014,13.127,0.014,10.309,0.014,0.1567,0.0035,3406,28,0.274,0.012,0.271,0.016,9.45,0.6,4.81,Gl 403
117,0,PM I16303-1239,Gl 628,247.57527,-12.66243,1.897,0.017,3272,60,0.325,0.012,0.294,0.029,-0.03,0.08,M3.6,3.5,11.653,0.02,10.097,0.016,8.893,0.012,7.332,0.02,10.912,0.02,9.494,0.011,8.102,0.012,7.337,0.013,5.952,0.017,5.386,0.017,5.08,0.02,9.118,0.014,10.522,0.014,7.609,0.014,1.897,0.025,3411,34,0.299,0.006,0.303,0.01,9.43,0.58,10.202,Gl 628
50,0,PM I06011+5935,GJ 3378,90.2961,59.59713,0.4613,0.0085,3340,60,0.269,0.011,0.245,0.024,-0.09,0.08,M3.7,3.5,13.266,0.021,11.668,0.016,10.443,0.012,8.868,0.02,12.501,0.021,11.049,0.011,9.643,0.013,8.866,0.013,7.458,0.017,6.925,0.017,6.663,0.02,10.665,0.014,12.096,0.014,9.146,0.014,0.461,0.013,3381,26,0.261,0.007,0.255,0.01,9.41,0.61,0.947,GJ 3378
108,0,PM I14201-0937,Gl 545,215.03081,-9.6202,0.1403,0.0024,3341,60,0.276,0.012,0.256,0.026,-0.17,0.08,M3.7,3.5,14.549,0.021,12.932,0.016,11.746,0.012,10.207,0.02,13.787,0.021,12.329,0.011,10.971,0.013,10.205,0.013,8.767,0.017,8.192,0.017,7.925,0.02,11.98,0.014,13.37,0.014,10.476,0.014,0.1403,0.0036,3403,21,0.265,0.007,0.262,0.01,9.34,0.63,1.958,Gl 545
170,0,PM I22532-1415,Gl 876,343.31958,-14.26361,1.916,0.015,3247,60,0.363,0.014,0.328,0.033,0.17,0.08,M3.7,3.5,11.748,0.02,10.183,0.016,8.982,0.012,7.408,0.02,11.016,0.021,9.588,0.011,8.187,0.013,7.403,0.013,5.948,0.017,5.308,0.017,5.038,0.02,9.202,0.014,10.614,0.014,7.687,0.014,1.916,0.023,3384,32,0.333,0.008,0.341,0.01,9.51,0.58,10.077,Gl 876
30,0,PM I02555+2652,Gl 118.2 C,43.89906,26.87236,0.06832,7.7E-4,3227,60,0.347,0.015,0.309,0.031,0.28,0.03,M3.8,4.0,15.416,0.021,13.827,0.016,12.601,0.012,11.001,0.02,14.675,0.021,13.224,0.011,11.784,0.012,10.986,0.013,9.547,0.017,8.954,0.017,8.663,0.02,12.808,0.014,14.262,0.014,11.279,0.014,0.0683,0.0012,3341,16,0.323,0.008,0.325,0.012,9.5,0.57,6.416,Gl 118.2 C
61,0,PM I07274+0513,Gl 273,111.852,5.2263,2.395,0.021,3317,60,0.315,0.012,0.283,0.028,-0.11,0.08,M3.8,4.0,11.417,0.021,9.892,0.016,8.683,0.012,7.098,0.02,10.69,0.021,9.298,0.011,7.875,0.013,7.089,0.013,5.683,0.017,5.123,0.017,4.892,0.02,8.893,0.014,10.313,0.014,7.374,0.014,2.395,0.03,3438,26,0.293,0.005,0.298,0.009,9.44,0.6,7.787,Gl 273
75,0,PM I09447-1812,GJ 1129,146.19714,-18.21359,0.2462,0.0045,3243,60,0.296,0.014,0.262,0.026,0.1,0.08,M3.8,4.0,14.105,0.023,12.5,0.017,11.216,0.013,9.585,0.02,13.361,0.022,11.857,0.011,10.371,0.013,9.577,0.014,8.158,0.017,7.557,0.017,7.287,0.02,11.42,0.014,12.954,0.014,9.87,0.014,0.2462,0.0067,3334,33,0.277,0.01,0.272,0.013,9.36,0.62,4.256,GJ 1129
91,0,PM I11417+4245,GJ 1148,175.43608,42.75198,0.3942,0.0047,3304,61,0.376,0.018,0.336,0.034,0.07,0.08,M3.8,4.0,13.398,0.021,11.852,0.016,10.651,0.013,9.069,0.02,12.674,0.022,11.267,0.011,9.844,0.013,9.059,0.013,7.632,0.017,7.056,0.017,6.862,0.02,10.863,0.014,12.282,0.014,9.345,0.014,0.3942,0.0073,3433,34,0.344,0.014,0.357,0.017,9.53,0.59,7.817,GJ 1148
95,0,PM I12100-1504,GJ 3707,182.52332,-15.07102,0.3499,0.0036,3385,60,0.39,0.018,0.387,0.039,0.26,0.08,M3.8,4.0,13.651,0.021,12.086,0.016,10.844,0.012,9.245,0.02,12.91,0.021,11.47,0.011,10.031,0.013,9.229,0.013,7.794,0.017,7.152,0.017,6.87,0.02,11.05,0.014,12.507,0.014,9.519,0.014,0.3499,0.0056,3420,33,0.38,0.014,0.397,0.017,9.44,0.59,0.668,GJ 3707
177,0,PM I23318+1956W,Gl 896A,352.96732,19.93727,1.592,0.033,3353,60,0.409,0.016,0.379,0.038,0.03,0.08,M3.8,4.0,11.767,0.02,10.195,0.016,8.998,0.012,7.452,0.02,11.075,0.02,9.575,0.011,8.222,0.013,7.479,0.013,6.17,0.017,5.592,0.017,5.326,0.02,9.237,0.014,10.622,0.014,7.736,0.014,1.592,0.051,3491,35,0.374,0.01,0.394,0.012,9.53,0.57,10.345,Gl 896A
83,0,PM I10508+0648,Gl 402,162.71704,6.80826,0.5261,0.0055,3238,60,0.276,0.012,0.246,0.025,0.16,0.08,M3.9,4.0,13.308,0.021,11.694,0.016,10.446,0.012,8.83,0.02,12.55,0.021,11.075,0.011,9.62,0.013,8.806,0.013,7.329,0.017,6.699,0.017,6.428,0.02,10.647,0.014,12.127,0.014,9.108,0.014,0.5261,0.0084,3293,32,0.265,0.008,0.254,0.01,9.4,0.61,1.696,Gl 402
124,0,PM I17095+4340,GJ 3991,257.38138,43.68139,0.4951,0.0053,3284,60,0.286,0.012,0.266,0.027,0.2,0.08,M3.9,4.0,13.34,0.021,11.855,0.016,10.59,0.012,8.927,0.02,12.638,0.021,11.25,0.011,9.737,0.013,8.876,0.013,7.397,0.017,6.759,0.017,6.477,0.02,10.759,0.014,12.265,0.014,9.204,0.014,0.4951,0.0079,3309,31,0.281,0.007,0.274,0.01,9.4,0.59,0.418,GJ 3991
175,0,PM I23216+1717,GJ 4333,350.40613,17.29057,0.504,0.0057,3324,60,0.416,0.02,0.391,0.039,0.24,0.08,M3.9,4.0,13.332,0.021,11.765,0.016,10.516,0.012,8.893,0.02,12.599,0.021,11.157,0.011,9.684,0.013,8.836,0.013,7.364,0.017,6.764,0.017,6.509,0.02,10.705,0.014,12.192,0.014,9.158,0.014,0.504,0.009,3432,36,0.386,0.015,0.404,0.017,9.46,0.57,5.637,GJ 4333
183,0,PM I23505-0933,GJ 4367,357.63162,-9.55891,0.1196,0.0025,3221,60,0.315,0.015,0.275,0.027,0.37,0.08,M3.9,4.0,14.97,0.022,13.27,0.016,12.016,0.012,10.383,0.02,14.16,0.021,12.664,0.011,11.176,0.013,10.348,0.013,8.926,0.017,8.361,0.017,8.076,0.02,12.211,0.014,13.725,0.014,10.66,0.014,0.1196,0.0039,3287,28,0.299,0.011,0.293,0.015,9.41,0.6,2.315,GJ 4367
7,0,PM I01076+2257E,Gl 53.1B,16.91054,22.95578,0.0675,0.0012,3232,60,0.308,0.013,0.276,0.028,0.25,0.03,M4.0,4.0,15.629,0.021,14.054,0.016,12.77,0.012,11.095,0.02,14.899,0.021,13.438,0.011,11.904,0.013,11.038,0.013,9.538,0.017,8.935,0.017,8.662,0.02,12.937,0.014,14.483,0.014,11.371,0.014,0.0675,0.0019,3311,17,0.292,0.008,0.287,0.012,9.42,0.61,3.249,Gl 53.1B
25,0,PM I02362+0652,Gl 105 B,39.06358,6.87167,0.5005,0.0063,3284,60,0.278,0.01,0.246,0.025,-0.12,0.03,M4.0,4.0,13.318,0.021,11.67,0.016,10.442,0.012,8.835,0.02,12.546,0.021,11.07,0.011,9.619,0.013,8.804,0.013,7.356,0.017,6.811,0.017,6.562,0.02,10.644,0.014,12.117,0.014,9.107,0.014,0.5005,0.0096,3390,7,0.26,0.002,0.255,0.005,9.36,0.61,5.97,Gl 105 B
47,0,PM I05421+1229,Gl 213,85.53833,12.48956,0.6002,0.009,3250,60,0.264,0.011,0.229,0.023,-0.22,0.08,M4.0,4.0,13.178,0.021,11.58,0.016,10.264,0.012,8.621,0.02,12.44,0.021,10.918,0.011,9.413,0.013,8.605,0.013,7.161,0.017,6.613,0.017,6.355,0.02,10.46,0.014,11.994,0.014,8.904,0.014,0.6,0.013,3370,23,0.243,0.007,0.234,0.009,9.41,0.62,7.212,Gl 213
110,0,PM I14342-1231,Gl 555,218.5701,-12.51964,0.7984,0.008,3211,60,0.31,0.013,0.273,0.027,0.17,0.08,M4.0,4.0,12.938,0.021,11.338,0.016,10.063,0.013,8.415,0.02,12.182,0.021,10.717,0.011,9.213,0.013,8.369,0.013,6.861,0.017,6.24,0.017,5.98,0.019,10.246,0.014,11.767,0.014,8.69,0.014,0.798,0.012,3322,32,0.287,0.009,0.283,0.012,9.42,0.59,6.385,Gl 555
154,0,PM I20112+1611,Gl 783.2B,302.80524,16.18555,0.06048,9.9E-4,3217,61,0.251,0.016,0.212,0.021,-0.15,0.03,M4.0,4.0,15.504,0.021,13.991,0.016,12.76,0.013,11.127,0.02,14.786,0.021,13.403,0.011,11.92,0.013,11.089,0.013,9.642,0.018,9.123,0.017,8.857,0.02,12.942,0.014,14.416,0.014,11.399,0.014,0.0605,0.0015,3330,26,0.229,0.012,0.215,0.015,9.36,0.61,5.682,Gl 783.2B
158,0,PM I20525-1658,,313.13763,-16.97474,0.659,0.013,3205,60,0.266,0.012,0.224,0.022,-0.02,0.08,M4.0,4.0,13.045,0.021,11.462,0.016,10.195,0.012,8.552,0.02,12.28,0.021,10.838,0.011,9.351,0.013,8.525,0.013,7.058,0.017,6.481,0.017,6.258,0.02,10.382,0.014,11.887,0.014,8.834,0.014,0.659,0.019,3317,32,0.246,0.008,0.234,0.009,9.41,0.62,6.653,LP 816-60
4,0,PM I00184+4401,Gl 15B,4.60779,44.02734,0.891,0.01,3218,60,0.1923,0.0082,0.159,0.016,-0.3,0.08,M4.1,4.0,12.84,0.021,11.007,0.016,9.723,0.012,8.128,0.02,11.993,0.021,10.327,0.011,8.911,0.013,8.134,0.013,6.745,0.017,6.211,0.017,5.94,0.02,9.953,0.014,11.457,0.014,8.414,0.014,0.891,0.015,3250,32,0.187,0.005,0.169,0.006,9.44,0.59,0.692,Gl 15B
11,0,PM I01402+3147,GJ 3105,25.06904,31.79185,0.07338,8.5E-4,3269,63,0.28,0.016,0.258,0.026,0.06,0.08,M4.1,4.0,15.514,0.024,13.954,0.017,12.728,0.013,11.054,0.02,14.7,0.023,13.392,0.011,11.862,0.013,10.982,0.013,9.443,0.017,8.813,0.017,8.546,0.02,12.884,0.014,14.398,0.014,11.326,0.014,0.0734,0.0013,3333,36,0.267,0.013,0.258,0.016,9.47,0.6,1.754,GJ 3105
18,0,PM I02129+0000W,GJ 3142,33.22742,0.00466,0.106,0.0014,3257,60,0.277,0.014,0.251,0.025,0.09,0.08,M4.1,4.0,15.22,0.022,13.535,0.017,12.204,0.013,10.527,0.02,14.43,0.022,12.883,0.011,11.329,0.013,10.5,0.013,9.054,0.017,8.489,0.017,8.165,0.02,12.385,0.014,13.968,0.014,10.814,0.014,0.106,0.002,3321,33,0.266,0.011,0.256,0.013,9.4,0.6,1.818,GJ 3142
70,0,PM I08526+2818,Gl 324B,133.17018,28.31634,0.1645,0.002,3166,61,0.273,0.013,0.238,0.024,0.31,0.03,M4.1,4.0,14.808,0.023,13.153,0.017,11.878,0.012,10.218,0.02,13.978,0.023,12.544,0.011,11.018,0.013,10.154,0.013,8.57,0.017,7.899,0.017,7.639,0.02,12.05,0.014,13.595,0.014,10.486,0.014,0.1645,0.003,3237,17,0.259,0.008,0.243,0.01,9.41,0.61,2.564,Gl 324B
114,0,PM I15354+6005,,233.857,60.08544,0.0894,0.0013,3252,60,0.318,0.013,0.279,0.028,-0.01,0.08,M4.1,4.0,14.881,0.021,13.426,0.016,12.226,0.012,10.654,0.02,14.211,0.021,12.813,0.011,11.433,0.013,10.662,0.013,9.256,0.017,8.694,0.017,8.426,0.02,12.441,0.014,13.821,0.014,10.935,0.014,0.0894,0.0021,3390,34,0.292,0.008,0.292,0.01,9.45,0.61,9.946,LSPM J1535+6005E
122,0,PM I16570-0420,GJ 1207,254.27377,-4.34888,0.2861,0.0046,3229,60,0.262,0.011,0.228,0.023,-0.09,0.08,M4.1,4.0,13.885,0.021,12.277,0.016,11.052,0.012,9.444,0.02,13.146,0.021,11.663,0.011,10.233,0.013,9.428,0.013,7.981,0.017,7.411,0.017,7.125,0.02,11.255,0.014,12.713,0.014,9.722,0.014,0.2861,0.0069,3346,27,0.244,0.006,0.233,0.007,9.36,0.61,6.673,GJ 1207
139,0,PM I18363+1336S,GJ 4065,279.08014,13.60734,0.2389,0.0029,3223,61,0.291,0.013,0.247,0.025,0.04,0.08,M4.1,4.0,14.151,0.023,12.477,0.016,11.19,0.013,9.591,0.02,13.368,0.022,11.82,0.011,10.356,0.013,9.594,0.013,8.176,0.017,7.609,0.017,7.371,0.02,11.411,0.014,12.909,0.014,9.873,0.014,0.2389,0.0044,3339,32,0.269,0.008,0.262,0.01,9.36,0.59,6.774,GJ 4065
145,0,PM I18498-2350,Gl 729,282.45557,-23.8362,1.451,0.017,3240,60,0.2008,0.0076,0.17,0.017,-0.18,0.08,M4.1,4.0,12.191,0.02,10.528,0.016,9.229,0.012,7.619,0.02,11.411,0.021,9.842,0.011,8.404,0.013,7.623,0.013,6.225,0.017,5.661,0.017,5.394,0.02,9.446,0.014,10.943,0.014,7.907,0.014,1.451,0.026,3252,21,0.199,0.003,0.181,0.004,9.44,0.57,0.16,Gl 729
151,0,PM I19321-1119,,293.03379,-11.33258,0.06578,9.6E-4,3211,60,0.258,0.01,0.222,0.022,0.05,0.03,M4.1,4.0,15.402,0.021,13.894,0.016,12.662,0.012,11.036,0.02,14.682,0.021,13.287,0.011,11.832,0.013,11.036,0.014,9.578,0.017,8.995,0.017,8.72,0.02,12.858,0.014,14.306,0.014,11.329,0.014,0.0658,0.0015,3299,14,0.244,0.004,0.23,0.006,9.4,0.61,4.146,PM J19321-1119
166,0,PM I22160+5439,GJ 4269,334.01079,54.66653,0.05621,9.4E-4,3226,63,0.289,0.012,0.246,0.025,-0.04,0.08,M4.1,4.0,15.43,0.024,13.971,0.018,12.79,0.013,11.168,0.02,14.694,0.023,13.412,0.011,11.961,0.013,11.16,0.013,9.742,0.017,9.193,0.017,8.942,0.02,12.974,0.014,14.391,0.014,11.453,0.014,0.0562,0.0015,3360,31,0.265,0.007,0.259,0.008,9.39,0.63,8.586,GJ 4269 B
49,0,PM I06000+0242,GJ 3379,90.01458,2.70657,0.777,0.012,3214,60,0.263,0.01,0.226,0.023,0.07,0.08,M4.2,4.0,12.972,0.021,11.281,0.016,10.019,0.012,8.386,0.02,12.187,0.021,10.648,0.011,9.183,0.013,8.364,0.013,6.891,0.017,6.302,0.017,6.052,0.02,10.217,0.014,11.725,0.014,8.669,0.014,0.777,0.019,3297,30,0.249,0.006,0.237,0.007,9.37,0.61,3.762,GJ 3379
133,0,PM I17578+0441N,Gl 699,269.45218,4.69195,3.263,0.057,3228,60,0.1863,0.0071,0.155,0.015,-0.4,0.08,M4.2,4.0,11.23,0.02,9.527,0.016,8.315,0.012,6.73,0.02,10.428,0.02,8.913,0.011,7.508,0.013,6.734,0.013,5.296,0.017,4.801,0.017,4.533,0.02,8.537,0.014,9.978,0.014,7.014,0.014,3.263,0.089,3269,29,0.181,0.004,0.162,0.004,9.39,0.61,1.016,Gl 699
57,0,PM I06490+3706,GJ 1092,102.27271,37.11406,0.0677,8.9E-4,3207,61,0.201,0.011,0.163,0.016,-0.51,0.08,M4.3,4.5,15.428,0.022,13.783,0.017,12.545,0.013,10.906,0.02,14.596,0.022,13.186,0.011,11.7,0.013,10.901,0.013,9.523,0.017,9.048,0.017,8.773,0.02,12.737,0.014,14.228,0.014,11.195,0.014,0.0677,0.0019,3298,41,0.188,0.009,0.169,0.009,9.39,0.58,4.544,GJ 1092
93,0,PM I11477+0048,Gl 447,176.93491,0.80473,1.028,0.014,3192,60,0.1967,0.0077,0.168,0.017,-0.02,0.08,M4.3,4.5,12.862,0.021,11.148,0.016,9.826,0.012,8.129,0.02,12.044,0.021,10.51,0.011,8.938,0.013,8.073,0.013,6.568,0.017,6.0,0.017,5.682,0.019,9.991,0.014,11.597,0.014,8.409,0.014,1.028,0.02,3201,26,0.195,0.004,0.176,0.004,9.45,0.6,0.081,Gl 447
107,0,,Gl 544 B,214.89937,-5.15222,0.02828,4.1E-4,3191,60,0.2032,0.0085,0.173,0.017,-0.18,0.03,M4.3,4.5,16.586,0.023,14.905,0.016,13.668,0.013,12.009,0.02,15.749,0.022,14.32,0.011,12.813,0.013,11.964,0.013,10.479,0.017,9.904,0.017,9.601,0.02,13.844,0.014,15.364,0.014,12.288,0.014,0.02828,6.4E-4,3242,13,0.196,0.004,0.178,0.005,9.43,0.6,1.56,Gl 544 B
140,0,PM I18411+2447S,GJ 1230A,280.29071,24.78732,0.431,0.014,3232,60,0.372,0.017,0.341,0.034,0.24,0.08,M4.3,4.5,14.032,0.021,12.205,0.016,10.856,0.013,9.116,0.02,13.173,0.021,11.569,0.011,9.946,0.013,9.05,0.013,7.511,0.017,6.898,0.017,6.611,0.02,11.002,0.014,12.675,0.014,9.401,0.014,0.431,0.02,3365,31,0.341,0.013,0.348,0.016,9.55,0.6,8.298,GJ 1230A
181,0,PM I23431+3632,GJ 1289,355.77631,36.537,0.2518,0.0045,3173,60,0.238,0.013,0.202,0.02,0.05,0.08,M4.3,4.5,14.376,0.021,12.652,0.016,11.351,0.012,9.674,0.02,13.554,0.021,12.022,0.011,10.479,0.013,9.612,0.013,8.097,0.017,7.515,0.017,7.225,0.02,11.522,0.014,13.103,0.014,9.947,0.014,0.2518,0.0068,3250,35,0.224,0.011,0.206,0.011,9.42,0.61,2.795,GJ 1289
21,0,PM I02190+2352,GJ 3150,34.75973,23.88192,0.05432,8.4E-4,3216,60,0.273,0.015,0.235,0.023,-0.07,0.08,M4.4,4.5,15.934,0.023,14.127,0.017,12.81,0.013,11.193,0.02,15.137,0.023,13.438,0.011,11.971,0.013,11.208,0.013,9.798,0.017,9.219,0.017,8.941,0.02,13.033,0.014,14.57,0.014,11.484,0.014,0.0543,0.0012,3342,33,0.251,0.012,0.24,0.015,9.37,0.62,6.819,GJ 3150
23,0,PM I02336+2455,Gl 102,38.40492,24.92717,0.1772,0.002,3199,62,0.204,0.012,0.174,0.017,0.0,0.08,M4.4,4.5,14.791,0.022,13.046,0.017,11.703,0.013,10.005,0.02,13.997,0.023,12.381,0.011,10.817,0.013,9.968,0.013,8.493,0.017,7.903,0.017,7.606,0.02,11.875,0.014,13.492,0.014,10.293,0.014,0.1772,0.0029,3210,36,0.201,0.009,0.182,0.01,9.42,0.59,0.089,Gl 102
144,0,PM I18453+1851,,281.34558,18.86624,0.0876,0.0012,3214,60,0.217,0.0087,0.184,0.018,-0.13,0.08,M4.4,4.5,15.419,0.022,13.727,0.017,12.413,0.013,10.738,0.02,14.661,0.023,13.068,0.011,11.547,0.013,10.713,0.013,9.259,0.017,8.674,0.017,8.416,0.02,12.595,0.014,14.16,0.014,11.027,0.014,0.0876,0.0017,3273,23,0.209,0.004,0.192,0.005,9.38,0.61,1.821,LSPM J1845+1851
153,0,PM I20034+2951,Gl 777B,300.86075,29.86652,0.0621,0.0014,3144,60,0.2084,0.0097,0.176,0.018,0.06,0.08,M4.4,4.5,16.045,0.025,14.405,0.018,13.082,0.013,11.292,0.02,15.213,0.023,13.832,0.011,12.139,0.013,11.17,0.013,9.584,0.017,9.013,0.017,8.697,0.02,13.178,0.014,14.869,0.014,11.562,0.014,0.0621,0.0021,3190,31,0.202,0.007,0.182,0.007,9.39,0.6,1.087,Gl 777B
42,0,PM I05019-0656,GJ 3323,75.48946,-6.94609,0.3994,0.0046,3143,60,0.2005,0.0079,0.161,0.016,-0.06,0.08,M4.5,4.5,13.917,0.023,12.135,0.016,10.788,0.013,9.082,0.02,13.057,0.022,11.468,0.011,9.898,0.013,9.055,0.013,7.594,0.017,7.034,0.017,6.783,0.02,10.959,0.014,12.585,0.014,9.375,0.014,0.3994,0.0071,3204,24,0.192,0.004,0.173,0.004,9.38,0.6,2.258,GJ 3323
54,0,PM I06246+2325,Gl 232,96.17205,23.43305,0.1464,0.002,3165,60,0.1948,0.0096,0.154,0.015,-0.18,0.08,M4.5,4.5,14.815,0.022,13.099,0.016,11.81,0.013,10.131,0.02,13.989,0.022,12.47,0.011,10.943,0.013,10.084,0.014,8.657,0.017,8.18,0.017,7.929,0.02,11.984,0.014,13.55,0.014,10.414,0.014,0.1464,0.0032,3216,30,0.187,0.007,0.167,0.008,9.41,0.6,1.508,Gl 232
90,0,PM I11311-1457,GJ 3668,172.78482,-14.9556,0.0774,0.0011,3109,62,0.1901,0.0085,0.154,0.015,-0.07,0.08,M4.5,4.5,15.952,0.028,14.171,0.019,12.739,0.013,10.958,0.02,15.186,0.026,13.496,0.011,11.793,0.013,10.878,0.014,9.36,0.018,8.798,0.017,8.484,0.02,12.868,0.014,14.63,0.014,11.242,0.014,0.0774,0.0017,3170,27,0.182,0.005,0.161,0.005,9.44,0.61,1.998,GJ 3668
94,0,PM I11509+4822,GJ 1151,177.74054,48.37739,0.1681,0.0021,3118,60,0.1903,0.0091,0.154,0.015,0.03,0.08,M4.5,4.5,15.021,0.021,13.234,0.016,11.849,0.012,10.088,0.02,14.153,0.021,12.578,0.011,10.92,0.013,10.032,0.013,8.523,0.017,7.95,0.017,7.655,0.02,11.988,0.014,13.687,0.014,10.38,0.014,0.1681,0.0033,3152,31,0.185,0.006,0.163,0.007,9.4,0.6,0.743,GJ 1151
113,0,PM I15238+1727,Gl 585,230.96307,17.46593,0.0976,0.0013,3164,60,0.187,0.011,0.152,0.015,-0.25,0.08,M4.5,4.5,15.471,0.021,13.714,0.016,12.37,0.012,10.636,0.02,14.623,0.021,13.077,0.011,11.46,0.013,10.562,0.013,9.087,0.017,8.593,0.017,8.305,0.02,12.513,0.014,14.17,0.014,10.914,0.014,0.0976,0.002,3213,36,0.18,0.008,0.159,0.01,9.45,0.61,1.111,Gl 585
33,0,PM I03361+3118,,54.03624,31.31099,0.0902,0.0011,3086,60,0.233,0.012,0.189,0.019,0.07,0.08,M4.7,4.5,15.641,0.021,13.995,0.016,12.638,0.013,10.851,0.02,14.864,0.022,13.365,0.011,11.697,0.013,10.762,0.014,9.194,0.017,8.606,0.017,8.306,0.02,12.746,0.014,14.428,0.014,11.133,0.014,0.0902,0.0016,3214,33,0.214,0.008,0.194,0.009,9.39,0.61,7.258,LSPM J0336+3118
34,0,PM I03526+1701,GJ 3253,58.17401,17.01785,0.1116,0.0015,3079,60,0.2043,0.0092,0.166,0.017,0.01,0.08,M4.7,4.5,15.579,0.021,13.775,0.016,12.383,0.012,10.596,0.02,14.721,0.021,13.123,0.011,11.44,0.013,10.52,0.013,8.964,0.017,8.373,0.017,8.054,0.019,12.505,0.014,14.236,0.014,10.885,0.014,0.1116,0.0022,3171,29,0.192,0.005,0.171,0.006,9.44,0.6,4.271,GJ 3253
36,0,,Gl 166 C,63.84055,-7.65482,0.874,0.012,3167,60,0.274,0.011,0.222,0.022,-0.21,0.08,M4.7,4.5,12.831,0.021,11.23,0.016,9.947,0.012,8.221,0.02,12.078,0.021,10.638,0.011,9.042,0.013,8.163,0.013,6.708,0.017,6.219,0.017,5.975,0.02,10.087,0.014,11.672,0.014,8.506,0.014,0.874,0.019,3362,18,0.242,0.004,0.233,0.005,9.44,0.6,19.414,Gl 166 C
156,0,PM I20260+5834,GJ 1253,306.52203,58.57293,0.1025,0.0019,3045,60,0.1831,0.0097,0.15,0.015,0.14,0.08,M4.7,4.5,15.838,0.022,14.167,0.017,12.75,0.013,10.913,0.02,15.015,0.022,13.539,0.011,11.773,0.013,10.774,0.013,9.061,0.017,8.365,0.017,8.074,0.019,12.827,0.014,14.612,0.014,11.184,0.014,0.1025,0.0029,3084,33,0.177,0.007,0.152,0.008,9.41,0.61,0.787,GJ 1253
180,0,PM I23428+3049,GJ 1288,355.71973,30.82273,0.05956,7.2E-4,3113,60,0.1864,0.0086,0.149,0.015,-0.12,0.08,M4.7,4.5,16.063,0.022,14.375,0.017,13.001,0.013,11.207,0.02,15.26,0.022,13.738,0.011,12.06,0.013,11.111,0.013,9.631,0.017,9.118,0.017,8.806,0.02,13.112,0.014,14.824,0.014,11.493,0.014,0.0596,0.0011,3172,26,0.178,0.005,0.157,0.006,9.4,0.6,1.835,GJ 1288
8,0,PM I01125-1659,Gl 54.1,18.12749,-16.99906,0.5206,0.0082,3056,60,0.168,0.0085,0.13,0.013,-0.26,0.08,M4.9,5.0,13.877,0.021,12.082,0.016,10.662,0.012,8.866,0.02,13.021,0.021,11.399,0.011,9.71,0.013,8.789,0.013,7.285,0.017,6.751,0.017,6.441,0.02,10.78,0.014,12.527,0.014,9.155,0.014,0.521,0.012,3132,31,0.159,0.006,0.136,0.005,9.4,0.62,2.817,PM J01125-1659
16,0,PM I02002+1303,Gl 83.1,30.05402,13.05196,0.4275,0.0066,3080,60,0.187,0.01,0.144,0.014,-0.16,0.08,M4.9,5.0,14.078,0.021,12.285,0.016,10.857,0.012,9.068,0.02,13.228,0.021,11.594,0.011,9.91,0.013,8.99,0.013,7.497,0.017,6.949,0.017,6.688,0.02,10.979,0.014,12.724,0.014,9.356,0.014,0.4275,0.0098,3165,31,0.174,0.007,0.152,0.009,9.34,0.62,3.533,Gl 83.1
118,0,PM I16509+2227,GJ 3976,252.74139,22.45158,0.0934,0.001,3054,60,0.1936,0.0097,0.151,0.015,-0.12,0.08,M4.9,5.0,15.809,0.023,14.027,0.017,12.582,0.013,10.747,0.02,14.957,0.022,13.36,0.011,11.602,0.013,10.66,0.013,9.139,0.017,8.602,0.017,8.295,0.02,12.678,0.014,14.479,0.014,11.039,0.014,0.0934,0.0015,3171,28,0.178,0.006,0.156,0.007,9.43,0.6,6.501,GJ 3976
178,0,PM I23318+1956E,Gl 896B,352.9689,19.93719,0.617,0.018,3072,60,0.303,0.013,0.24,0.024,0.03,0.08,M4.9,5.0,13.892,0.023,12.096,0.016,10.587,0.012,8.714,0.02,13.092,0.023,11.376,0.011,9.592,0.013,8.569,0.013,7.071,0.017,6.568,0.017,6.284,0.02,10.654,0.014,12.531,0.014,8.99,0.014,0.617,0.027,3309,32,0.259,0.008,0.248,0.009,9.4,0.63,28.053,Gl 896B
14,0,PM I01510-0607,GJ 3119,27.76688,-6.11799,0.07207,8.2E-4,3011,61,0.1731,0.0078,0.132,0.013,-0.03,0.08,M5.1,5.0,16.301,0.029,14.444,0.02,12.986,0.013,11.111,0.02,15.41,0.028,13.783,0.012,11.979,0.013,10.988,0.013,9.408,0.017,8.856,0.017,8.553,0.02,13.051,0.014,14.912,0.014,11.394,0.014,0.0721,0.0013,3089,29,0.164,0.004,0.138,0.004,9.35,0.59,3.117,GJ 3119
51,0,PM I06024+4951,GJ 3380,90.62159,49.86562,0.0764,0.0012,3000,60,0.1635,0.008,0.127,0.013,0.01,0.08,M5.1,5.0,16.243,0.023,14.541,0.017,13.048,0.013,11.146,0.02,15.374,0.022,13.885,0.011,12.022,0.013,10.991,0.013,9.352,0.017,8.738,0.017,8.447,0.02,13.088,0.014,14.981,0.014,11.419,0.014,0.0764,0.0018,3044,32,0.157,0.005,0.131,0.005,9.39,0.6,1.219,GJ 3380
179,0,PM I23419+4410,Gl 905,355.47919,44.17748,0.759,0.012,2930,60,0.1894,0.0079,0.145,0.015,0.23,0.08,M5.2,5.0,14.236,0.023,12.372,0.017,10.733,0.013,8.762,0.02,13.337,0.022,11.64,0.011,9.666,0.013,8.547,0.013,6.843,0.017,6.222,0.017,5.872,0.02,10.732,0.014,12.814,0.014,9.019,0.014,0.759,0.016,3043,25,0.175,0.003,0.147,0.004,9.42,0.63,7.094,Gl 905
6,0,PM I01056+2829,GJ 1029,16.40681,28.49266,0.0668,9.1E-4,2981,61,0.193,0.011,0.148,0.015,0.14,0.08,M5.3,5.5,16.646,0.023,14.82,0.018,13.297,0.013,11.361,0.02,15.74,0.023,14.153,0.011,12.26,0.013,11.152,0.013,9.477,0.017,8.882,0.017,8.588,0.02,13.311,0.014,15.275,0.014,11.619,0.014,0.0668,0.0014,3084,33,0.178,0.007,0.153,0.009,9.33,0.62,4.961,GJ 1029
85,0,PM I10522+0555,GJ 3631,163.05936,5.91939,0.04934,6.2E-4,3039,60,0.1646,0.0076,0.128,0.013,0.1,0.08,M5.4,5.5,16.548,0.023,14.803,0.017,13.368,0.013,11.495,0.02,15.761,0.023,14.148,0.011,12.37,0.013,11.387,0.013,9.816,0.017,9.268,0.017,8.978,0.02,13.438,0.014,15.258,0.014,11.789,0.014,0.04934,9.8E-4,3047,30,0.163,0.005,0.136,0.004,9.43,0.59,0.072,GJ 3631
82,0,PM I10430-0912,,160.76222,-9.21141,0.05641,7.4E-4,2951,60,0.198,0.01,0.152,0.015,-0.2,0.08,M5.5,5.5,17.023,0.025,15.071,0.018,13.524,0.013,11.561,0.02,16.006,0.024,14.412,0.012,12.466,0.013,11.354,0.014,9.657,0.017,9.076,0.017,8.731,0.02,13.525,0.014,15.553,0.014,11.823,0.014,0.0564,0.0011,3160,27,0.171,0.006,0.149,0.007,9.41,0.59,19.287,FBS L 10-72
20,0,PM I02171+3526,GJ 3147,34.29176,35.44235,0.04153,6.3E-4,2880,60,0.1502,0.0067,0.113,0.011,0.17,0.08,M5.8,6.0,17.7,0.04,15.85,0.04,14.205,0.013,12.103,0.02,16.527,0.025,15.205,0.04,13.063,0.013,11.811,0.014,9.974,0.017,9.352,0.017,9.007,0.02,14.085,0.014,16.181,0.014,12.344,0.014,0.04153,9.9E-4,2919,26,0.145,0.003,0.117,0.002,9.39,0.61,0.939,GJ 3147
86,0,PM I10564+0700,Gl 406,164.12042,7.01472,0.5798,0.0069,2818,60,0.1348,0.0058,0.0997,0.01,0.25,0.08,M5.9,6.0,15.518,0.021,13.52,0.017,11.612,0.012,9.366,0.02,14.582,0.022,12.774,0.011,10.376,0.013,8.977,0.013,7.074,0.017,6.462,0.017,6.147,0.02,11.395,0.014,13.993,0.014,9.581,0.014,0.58,0.012,2808,27,0.135,0.003,0.105,0.008,9.45,0.53,0.504,Gl 406
152,0,PM I19539+4424E,GJ 1245B,298.47977,44.41508,0.1986,0.0032,2859,60,0.143,0.0069,0.103,0.01,-0.05,0.08,M5.9,6.0,15.817,0.022,13.957,0.016,12.273,0.012,10.178,0.02,14.896,0.022,13.275,0.011,11.121,0.013,9.937,0.014,8.26,0.017,7.721,0.017,7.405,0.02,12.189,0.014,14.42,0.014,10.444,0.014,0.1986,0.0053,2919,34,0.136,0.004,0.11,0.004,9.49,0.6,1.985,GJ 1245B
1,0,PM I00115+5908,,2.88253,59.14441,0.0421,9.1E-4,2864,60,0.1361,0.0061,0.1,0.01,-0.27,0.08,M6.1,6.0,17.35,0.04,15.611,0.04,13.926,0.012,11.805,0.02,16.325,0.024,14.953,0.011,12.703,0.013,11.594,0.014,9.957,0.018,9.405,0.017,9.075,0.02,13.827,0.014,16.019,0.014,12.088,0.014,0.0421,0.0014,2921,32,0.13,0.003,0.107,0.009,9.46,0.59,1.935,PM J00115+5908
19,0,PM I02164+1335,GJ 3146,34.12439,13.58685,0.04532,5.4E-4,2829,60,0.1447,0.0091,0.103,0.01,-0.03,0.08,M6.1,6.0,17.741,0.025,15.758,0.018,14.002,0.013,11.837,0.02,16.734,0.024,15.072,0.011,12.811,0.013,11.559,0.013,9.858,0.017,9.316,0.017,8.988,0.02,13.868,0.014,16.243,0.014,12.097,0.014,0.04532,9.2E-4,2899,48,0.135,0.006,0.109,0.006,9.41,0.58,2.477,GJ 3146
89,0,PM I11055+4331,Gl 412B,166.37876,43.52164,0.1311,0.0015,2863,60,0.1262,0.0054,0.0952,0.0095,-0.32,0.08,M6.6,6.5,16.435,0.026,14.472,0.018,12.738,0.012,10.581,0.02,15.529,0.025,13.759,0.011,11.548,0.013,10.4,0.013,8.733,0.017,8.148,0.017,7.815,0.02,12.638,0.014,14.947,0.014,10.886,0.014,,,,,,,,,,,,Gl 412B
69,0,PM I08298+2646,GJ 1111,127.45563,26.77604,0.2016,0.0022,2800,60,0.1226,0.0056,0.0937,0.0094,-0.15,0.08,M6.7,6.5,16.227,0.022,14.834,0.019,12.974,0.013,10.611,0.02,15.557,0.025,14.253,0.012,11.674,0.013,10.166,0.013,8.22,0.017,7.617,0.017,7.237,0.02,12.643,0.014,15.233,0.014,10.81,0.014,,,,,,,,,,,,GJ 1111
28,0,PM I02530+1652,,43.25369,16.8813,0.1655,0.0029,2800,60,0.118,0.0052,0.0897,0.009,-0.31,0.08,M7.0,7.0,17.001,0.039,15.133,0.022,13.054,0.013,10.65,0.02,16.006,0.033,14.473,0.012,11.706,0.013,10.257,0.013,8.409,0.017,7.881,0.017,7.5,0.02,12.723,0.014,15.624,0.015,10.876,0.014,,,,,,,,,,,,PM J02530+1652
121,0,PM I16555-0823,Gl 644 C,253.89705,-8.39448,0.04725,0.001,2700,60,0.1131,0.0053,0.0841,0.0084,-0.07,0.08,M7.0,7.0,18.663,0.028,16.758,0.017,14.577,0.013,12.127,0.02,17.662,0.024,16.019,0.011,13.212,0.013,11.69,0.013,9.777,0.017,9.197,0.017,8.832,0.019,14.204,0.014,17.215,0.014,12.341,0.014,,,,,,,,,,,,Gl 644 C
74,0,PM I09437-1747,,145.94307,-17.78518,0.06781,7.9E-4,3302,65,0.1902,0.0082,0.153,0.015,-0.61,0.08,sdM2.9,,15.0,0.022,13.161,0.016,12.041,0.013,10.795,0.02,14.195,0.022,12.459,0.011,11.482,0.013,10.898,0.013,9.595,0.017,9.097,0.017,8.903,0.02,12.429,0.014,13.598,0.014,11.043,0.014,,,,,,,,,,,,LP 788-27
