Teff,logg,U-B,B-V,V-Ic,Rc-Ic,J-H,H-Ks,V-Ks,Ks-W1,Ks-W2,Ks-W3,Ks-W4,V-Vt,Bt-Vt,V-Hp,Model
1400,3.5,3.475,3.191,5.213,2.454,1.916,1.344,13.151,1.379,1.967,2.652,2.921,-0.405,3.747,0.979,BT-Settl
1400,4.0,4.909,0.795,7.25,2.854,1.149,0.635,13.788,0.983,1.083,2.226,2.292,0.091,1.668,2.55,BT-Settl
1400,4.5,4.959,-0.165,7.918,3.184,0.919,0.306,13.929,0.923,1.148,2.326,2.426,0.561,1.123,2.903,BT-Settl
1400,5.0,4.957,-0.945,8.421,3.433,0.893,0.098,14.184,0.873,1.363,2.474,2.631,1.085,0.836,3.189,BT-Settl
1500,3.5,3.642,3.306,5.223,2.433,1.467,1.048,12.157,1.088,1.594,2.323,2.577,-0.412,3.929,1.006,BT-Settl
1500,4.0,4.767,1.441,6.573,2.583,1.017,0.599,12.684,0.908,1.106,2.072,2.153,-0.115,2.151,2.156,BT-Settl
1500,4.5,4.936,0.642,7.205,2.866,0.876,0.406,13.037,0.911,1.102,2.119,2.204,0.173,1.61,2.505,BT-Settl
1500,5.0,4.925,-0.249,7.727,3.094,0.898,0.251,13.412,0.836,1.103,2.158,2.252,0.639,1.119,2.827,BT-Settl
1600,3.5,3.135,3.018,4.684,2.246,1.143,0.854,10.673,0.953,1.379,2.158,2.395,-0.377,3.559,0.716,BT-Settl
1600,4.0,4.517,2.333,5.841,2.387,0.915,0.656,11.805,0.843,1.131,1.973,2.077,-0.287,2.995,1.638,BT-Settl
1600,4.5,4.677,1.161,6.536,2.572,0.812,0.44,12.081,0.803,0.998,1.893,1.982,0.016,2.023,2.145,BT-Settl
1600,5.0,4.72,0.335,7.172,2.858,0.847,0.343,12.731,0.838,1.136,2.017,2.138,0.321,1.396,2.503,BT-Settl
1700,3.5,2.856,2.857,4.585,2.243,0.928,0.774,10.201,0.743,1.19,1.899,2.11,-0.357,3.361,0.643,BT-Settl
1700,4.0,3.926,2.785,4.737,2.185,0.843,0.616,10.513,0.828,1.232,1.927,2.141,-0.348,3.361,0.825,BT-Settl
1700,4.5,3.863,2.818,4.563,2.089,1.001,0.722,10.195,1.059,1.465,2.098,2.225,-0.352,3.414,0.758,BT-Settl
1700,5.0,3.715,2.959,4.319,2.033,1.227,0.978,10.163,1.016,1.292,1.908,1.961,-0.369,3.554,0.597,BT-Settl
1800,3.5,2.403,2.617,4.594,2.319,0.829,0.592,9.886,0.687,1.148,1.735,1.921,-0.327,3.043,0.597,BT-Settl
1800,4.0,4.234,2.39,4.996,2.33,0.747,0.523,10.185,0.607,0.857,1.533,1.615,-0.254,3.162,0.947,BT-Settl
1800,4.5,4.706,1.953,5.414,2.36,0.807,0.503,10.558,0.649,0.827,1.586,1.617,-0.148,2.839,1.301,BT-Settl
1800,5.0,4.963,1.717,5.556,2.365,0.826,0.493,10.63,0.775,1.066,1.752,1.876,-0.093,2.633,1.431,BT-Settl
1900,3.5,2.152,2.487,4.656,2.379,0.805,0.648,9.97,0.708,1.134,1.608,1.79,-0.311,2.873,0.603,BT-Settl
1900,4.0,3.895,2.422,4.872,2.373,0.69,0.475,9.873,0.539,0.793,1.429,1.503,-0.26,3.168,0.804,BT-Settl
1900,4.5,4.611,2.001,5.298,2.433,0.673,0.367,10.168,0.53,0.687,1.377,1.409,-0.156,2.879,1.137,BT-Settl
1900,5.0,4.978,1.785,5.461,2.384,0.698,0.363,10.407,0.714,0.973,1.62,1.738,-0.106,2.711,1.33,BT-Settl
2000,3.0,2.623,3.005,5.245,2.539,0.854,0.594,11.243,0.526,0.893,1.272,1.48,-0.387,3.419,0.935,BT-Settl
2000,3.5,3.145,2.967,5.194,2.516,0.792,0.542,10.973,0.531,0.876,1.214,1.426,-0.371,3.504,0.915,BT-Settl
2000,4.0,3.547,3.058,5.11,2.48,0.78,0.481,10.704,0.53,0.85,1.22,1.414,-0.377,3.677,0.874,BT-Settl
2000,4.5,3.8,3.376,5.048,2.401,0.93,0.484,10.846,0.59,0.891,1.307,1.496,-0.414,4.049,0.881,BT-Settl
2000,5.0,3.777,3.264,4.951,2.366,0.864,0.38,10.362,0.623,0.903,1.341,1.517,-0.4,3.923,0.833,BT-Settl
2100,3.0,1.662,2.129,5.238,2.641,0.736,0.529,10.819,0.469,0.83,1.224,1.409,-0.294,2.3,0.869,BT-Settl
2100,3.5,2.734,2.613,5.151,2.558,0.734,0.496,10.71,0.478,0.812,1.21,1.388,-0.324,3.09,0.853,BT-Settl
2100,4.0,3.349,2.906,5.091,2.514,0.77,0.459,10.583,0.486,0.794,1.204,1.377,-0.354,3.529,0.832,BT-Settl
2100,4.5,3.772,3.026,5.144,2.522,0.78,0.401,10.503,0.502,0.782,1.169,1.348,-0.367,3.72,0.87,BT-Settl
2100,5.0,3.891,3.065,5.103,2.497,0.769,0.322,10.227,0.549,0.808,1.218,1.386,-0.37,3.773,0.857,BT-Settl
2200,3.0,1.172,1.53,4.957,2.628,0.647,0.478,10.038,0.428,0.781,1.159,1.327,-0.218,1.613,0.692,BT-Settl
2200,3.5,2.015,1.899,5.029,2.617,0.672,0.459,10.125,0.424,0.752,1.131,1.288,-0.217,2.243,0.743,BT-Settl
2200,4.0,2.863,2.32,5.104,2.607,0.7,0.424,10.204,0.423,0.72,1.098,1.257,-0.264,2.872,0.791,BT-Settl
2200,4.5,3.302,2.619,5.018,2.55,0.719,0.374,9.996,0.445,0.716,1.123,1.273,-0.306,3.266,0.756,BT-Settl
2200,5.0,3.456,2.81,4.981,2.521,0.731,0.304,9.81,0.49,0.74,1.166,1.314,-0.333,3.492,0.742,BT-Settl
2300,3.0,0.964,1.439,4.453,2.439,0.6,0.447,9.005,0.42,0.761,1.143,1.283,-0.223,1.461,0.467,BT-Settl
2300,3.5,1.539,1.509,4.65,2.545,0.602,0.419,9.247,0.395,0.717,1.099,1.225,-0.165,1.757,0.544,BT-Settl
2300,4.0,2.234,1.845,4.797,2.573,0.623,0.387,9.415,0.389,0.681,1.064,1.191,-0.188,2.282,0.61,BT-Settl
2300,4.5,2.898,2.104,4.913,2.597,0.648,0.339,9.451,0.385,0.643,1.028,1.156,-0.213,2.71,0.666,BT-Settl
2300,5.0,3.426,2.463,5.017,2.597,0.686,0.283,9.537,0.424,0.657,1.059,1.193,-0.27,3.18,0.728,BT-Settl
2400,3.0,0.888,1.339,4.2,2.354,0.589,0.423,8.367,0.4,0.729,1.083,1.215,-0.215,1.34,0.364,BT-Settl
2400,3.5,1.356,1.439,4.345,2.427,0.591,0.402,8.578,0.381,0.697,1.056,1.172,-0.174,1.617,0.417,BT-Settl
2400,4.0,1.893,1.652,4.474,2.475,0.6,0.368,8.69,0.363,0.651,1.012,1.122,-0.173,1.99,0.462,BT-Settl
2400,4.5,2.522,1.865,4.646,2.533,0.615,0.323,8.825,0.352,0.606,0.974,1.083,-0.178,2.388,0.532,BT-Settl
2400,5.0,3.106,2.138,4.819,2.573,0.637,0.265,8.962,0.376,0.6,0.985,1.1,-0.211,2.813,0.613,BT-Settl
2500,3.0,0.883,1.382,3.904,2.204,0.585,0.402,7.712,0.388,0.704,1.028,1.155,-0.225,1.374,0.264,BT-Settl
2500,3.5,1.253,1.469,4.007,2.255,0.589,0.386,7.853,0.374,0.682,1.009,1.124,-0.197,1.592,0.301,BT-Settl
2500,4.0,1.679,1.643,4.1,2.292,0.598,0.359,7.921,0.358,0.644,0.973,1.078,-0.197,1.886,0.327,BT-Settl
2500,4.5,2.22,1.781,4.322,2.397,0.61,0.319,8.157,0.337,0.59,0.928,1.027,-0.185,2.196,0.403,BT-Settl
2500,5.0,2.735,1.998,4.484,2.443,0.627,0.27,8.281,0.346,0.568,0.923,1.023,-0.202,2.558,0.469,BT-Settl
2600,3.0,0.865,1.344,3.696,2.118,0.581,0.377,7.223,0.363,0.664,0.96,1.082,-0.22,1.332,0.195,BT-Settl
2600,3.5,1.166,1.398,3.808,2.184,0.589,0.368,7.371,0.352,0.651,0.948,1.06,-0.195,1.494,0.228,BT-Settl
2600,4.0,1.507,1.512,3.9,2.23,0.599,0.343,7.425,0.331,0.609,0.904,1.002,-0.188,1.704,0.252,BT-Settl
2600,4.5,1.991,1.663,4.088,2.312,0.612,0.313,7.632,0.314,0.563,0.866,0.953,-0.181,1.999,0.312,BT-Settl
2600,5.0,2.508,1.843,4.265,2.368,0.629,0.272,7.779,0.311,0.527,0.842,0.925,-0.186,2.329,0.382,BT-Settl
2700,3.0,0.857,1.311,3.513,2.036,0.581,0.348,6.809,0.333,0.621,0.889,1.005,-0.216,1.298,0.142,BT-Settl
2700,3.5,1.113,1.39,3.56,2.061,0.591,0.346,6.838,0.334,0.62,0.89,0.998,-0.2,1.466,0.154,BT-Settl
2700,4.0,1.4,1.503,3.627,2.091,0.603,0.33,6.873,0.32,0.59,0.859,0.956,-0.198,1.656,0.168,BT-Settl
2700,4.5,1.789,1.627,3.779,2.16,0.615,0.306,7.03,0.304,0.55,0.824,0.908,-0.193,1.89,0.212,BT-Settl
2700,5.0,2.217,1.781,3.923,2.207,0.631,0.274,7.147,0.297,0.513,0.796,0.871,-0.196,2.166,0.263,BT-Settl
2800,3.0,0.859,1.276,3.363,1.964,0.598,0.312,6.479,0.296,0.571,0.813,0.924,-0.21,1.267,0.104,BT-Settl
2800,3.5,1.08,1.374,3.359,1.956,0.595,0.323,6.42,0.312,0.585,0.831,0.936,-0.201,1.441,0.102,BT-Settl
2800,4.0,1.308,1.456,3.401,1.982,0.606,0.311,6.411,0.298,0.558,0.8,0.893,-0.199,1.583,0.106,BT-Settl
2800,4.5,1.644,1.577,3.526,2.036,0.617,0.295,6.542,0.289,0.529,0.775,0.856,-0.197,1.795,0.138,BT-Settl
2800,5.0,2.03,1.711,3.655,2.079,0.633,0.269,6.646,0.28,0.491,0.745,0.815,-0.197,2.039,0.181,BT-Settl
2900,3.0,0.878,1.242,3.242,1.908,0.634,0.277,6.225,0.251,0.51,0.726,0.831,-0.202,1.241,0.076,BT-Settl
2900,3.5,1.059,1.344,3.174,1.861,0.609,0.295,6.044,0.28,0.538,0.759,0.858,-0.197,1.409,0.058,BT-Settl
2900,4.0,1.25,1.438,3.172,1.854,0.612,0.292,5.979,0.279,0.527,0.746,0.837,-0.201,1.55,0.051,BT-Settl
2900,4.5,1.524,1.554,3.264,1.891,0.621,0.284,6.069,0.276,0.508,0.732,0.812,-0.202,1.739,0.072,BT-Settl
2900,5.0,1.848,1.672,3.365,1.923,0.635,0.264,6.146,0.269,0.477,0.706,0.775,-0.203,1.948,0.102,BT-Settl
3000,3.0,0.914,1.208,3.143,1.866,0.686,0.246,6.033,0.197,0.437,0.627,0.726,-0.194,1.218,0.055,BT-Settl
3000,3.5,1.058,1.313,3.024,1.787,0.637,0.266,5.754,0.241,0.483,0.679,0.772,-0.193,1.379,0.025,BT-Settl
3000,4.0,1.213,1.412,2.998,1.759,0.622,0.273,5.655,0.255,0.49,0.689,0.775,-0.199,1.518,0.014,BT-Settl
3000,4.5,1.435,1.52,3.043,1.768,0.625,0.27,5.678,0.258,0.481,0.684,0.761,-0.203,1.685,0.021,BT-Settl
3000,5.0,1.713,1.626,3.121,1.791,0.636,0.257,5.731,0.253,0.454,0.66,0.727,-0.204,1.867,0.043,BT-Settl
3100,3.0,0.969,1.174,3.058,1.834,0.747,0.221,5.883,0.141,0.352,0.518,0.608,-0.184,1.201,0.038,BT-Settl
3100,3.5,1.093,1.319,2.873,1.688,0.671,0.247,5.495,0.213,0.432,0.613,0.702,-0.19,1.398,-0.001,BT-Settl
3100,4.0,1.211,1.419,2.818,1.637,0.639,0.256,5.346,0.239,0.458,0.644,0.729,-0.199,1.53,-0.016,BT-Settl
3100,4.5,1.376,1.516,2.811,1.614,0.632,0.257,5.289,0.246,0.457,0.646,0.724,-0.205,1.672,-0.02,BT-Settl
3100,5.0,1.6,1.608,2.874,1.634,0.637,0.249,5.332,0.244,0.438,0.63,0.699,-0.207,1.827,-0.006,BT-Settl
3200,3.0,1.036,1.15,2.978,1.804,0.808,0.2,5.758,0.09,0.267,0.415,0.497,-0.175,1.194,0.021,BT-Settl
3200,3.5,1.127,1.294,2.763,1.638,0.71,0.231,5.308,0.174,0.366,0.528,0.608,-0.185,1.381,-0.023,BT-Settl
3200,4.0,1.209,1.391,2.678,1.559,0.661,0.241,5.108,0.208,0.406,0.574,0.652,-0.195,1.504,-0.041,BT-Settl
3200,4.5,1.331,1.479,2.649,1.519,0.641,0.243,5.015,0.223,0.418,0.589,0.661,-0.201,1.628,-0.048,BT-Settl
3200,5.0,1.509,1.568,2.679,1.516,0.638,0.24,5.014,0.227,0.41,0.584,0.649,-0.205,1.769,-0.041,BT-Settl
3300,3.0,1.125,1.133,2.888,1.766,0.861,0.18,5.621,0.05,0.189,0.32,0.393,-0.167,1.2,0.004,BT-Settl
3300,3.5,1.18,1.283,2.643,1.573,0.749,0.218,5.119,0.14,0.297,0.443,0.512,-0.18,1.385,-0.045,BT-Settl
3300,4.0,1.224,1.372,2.549,1.483,0.684,0.23,4.898,0.181,0.353,0.506,0.574,-0.191,1.49,-0.062,BT-Settl
3300,4.5,1.308,1.455,2.505,1.428,0.653,0.233,4.781,0.202,0.378,0.535,0.601,-0.198,1.602,-0.069,BT-Settl
3300,5.0,1.439,1.535,2.504,1.403,0.641,0.23,4.734,0.212,0.381,0.541,0.602,-0.202,1.726,-0.067,BT-Settl
3400,3.0,1.24,1.143,2.76,1.698,0.897,0.169,5.422,0.029,0.126,0.247,0.307,-0.162,1.236,-0.021,BT-Settl
3400,3.5,1.259,1.296,2.501,1.482,0.789,0.205,4.909,0.115,0.231,0.368,0.424,-0.178,1.418,-0.068,BT-Settl
3400,4.0,1.259,1.373,2.412,1.39,0.706,0.223,4.688,0.163,0.304,0.448,0.506,-0.189,1.503,-0.082,BT-Settl
3400,4.5,1.304,1.44,2.366,1.333,0.665,0.226,4.562,0.186,0.338,0.486,0.544,-0.195,1.592,-0.087,BT-Settl
3400,5.0,1.39,1.508,2.349,1.297,0.644,0.224,4.49,0.197,0.35,0.499,0.554,-0.199,1.692,-0.087,BT-Settl
3500,3.0,1.384,1.214,2.547,1.552,0.919,0.169,5.096,0.037,0.085,0.21,0.254,-0.165,1.344,-0.06,BT-Settl
3500,3.5,1.333,1.3,2.372,1.398,0.824,0.189,4.722,0.093,0.17,0.299,0.342,-0.175,1.44,-0.086,BT-Settl
3500,4.0,1.299,1.367,2.282,1.3,0.728,0.212,4.489,0.145,0.251,0.386,0.432,-0.186,1.51,-0.097,BT-Settl
3500,4.5,1.307,1.424,2.242,1.247,0.675,0.219,4.367,0.172,0.297,0.436,0.485,-0.193,1.579,-0.101,BT-Settl
3500,5.0,1.358,1.479,2.215,1.204,0.648,0.218,4.279,0.184,0.315,0.454,0.502,-0.196,1.66,-0.101,BT-Settl
3600,3.0,1.518,1.275,2.328,1.39,0.921,0.168,4.753,0.048,0.057,0.186,0.215,-0.167,1.441,-0.093,BT-Settl
3600,3.5,1.412,1.319,2.213,1.279,0.846,0.177,4.488,0.082,0.12,0.248,0.277,-0.174,1.482,-0.105,BT-Settl
3600,4.0,1.345,1.374,2.155,1.205,0.749,0.2,4.301,0.131,0.203,0.336,0.37,-0.184,1.532,-0.11,BT-Settl
3600,4.5,1.321,1.418,2.119,1.153,0.684,0.213,4.178,0.163,0.26,0.395,0.433,-0.189,1.583,-0.112,BT-Settl
3600,5.0,1.339,1.46,2.1,1.12,0.65,0.213,4.099,0.177,0.286,0.421,0.461,-0.192,1.643,-0.111,BT-Settl
3700,3.0,1.608,1.316,2.122,1.227,0.923,0.16,4.434,0.054,0.029,0.163,0.179,-0.167,1.514,-0.116,BT-Settl
3700,3.5,1.486,1.324,2.075,1.172,0.855,0.165,4.278,0.073,0.081,0.205,0.223,-0.171,1.508,-0.116,BT-Settl
3700,4.0,1.4,1.372,2.035,1.11,0.771,0.183,4.126,0.114,0.155,0.283,0.305,-0.18,1.549,-0.119,BT-Settl
3700,4.5,1.338,1.411,2.003,1.062,0.692,0.204,4.001,0.154,0.223,0.357,0.384,-0.186,1.587,-0.12,BT-Settl
3700,5.0,1.328,1.44,1.986,1.033,0.65,0.208,3.92,0.17,0.255,0.388,0.418,-0.188,1.627,-0.119,BT-Settl
3800,3.0,1.654,1.331,1.949,1.084,0.91,0.152,4.161,0.058,0.009,0.144,0.15,-0.165,1.551,-0.129,BT-Settl
3800,3.5,1.536,1.334,1.913,1.037,0.844,0.156,4.019,0.076,0.058,0.184,0.189,-0.168,1.538,-0.128,BT-Settl
3800,4.0,1.445,1.369,1.913,1.011,0.785,0.168,3.946,0.101,0.113,0.239,0.25,-0.175,1.564,-0.125,BT-Settl
3800,4.5,1.355,1.403,1.896,0.975,0.703,0.192,3.839,0.145,0.188,0.322,0.338,-0.182,1.591,-0.125,BT-Settl
3800,5.0,1.314,1.423,1.879,0.948,0.651,0.201,3.753,0.166,0.227,0.361,0.381,-0.183,1.615,-0.125,BT-Settl
3900,3.0,1.661,1.333,1.793,0.948,0.879,0.144,3.895,0.065,0.003,0.137,0.134,-0.161,1.567,-0.136,BT-Settl
3900,3.5,1.561,1.325,1.786,0.933,0.826,0.148,3.809,0.076,0.04,0.163,0.159,-0.163,1.543,-0.133,BT-Settl
3900,4.0,1.486,1.351,1.805,0.925,0.79,0.152,3.78,0.088,0.075,0.197,0.198,-0.169,1.562,-0.129,BT-Settl
3900,4.5,1.371,1.386,1.799,0.899,0.715,0.175,3.69,0.13,0.149,0.279,0.286,-0.177,1.584,-0.129,BT-Settl
3900,5.0,1.303,1.4,1.785,0.876,0.653,0.189,3.601,0.159,0.198,0.331,0.341,-0.179,1.596,-0.129,BT-Settl
4000,3.0,1.626,1.317,1.662,0.837,0.843,0.137,3.663,0.067,-0.002,0.129,0.12,-0.157,1.554,-0.14,BT-Settl
4000,3.5,1.566,1.302,1.67,0.838,0.811,0.135,3.615,0.07,0.02,0.139,0.127,-0.156,1.532,-0.134,BT-Settl
4000,4.0,1.505,1.325,1.696,0.84,0.78,0.14,3.6,0.08,0.048,0.164,0.156,-0.162,1.547,-0.13,BT-Settl
4000,4.5,1.391,1.362,1.715,0.833,0.724,0.157,3.56,0.113,0.111,0.235,0.233,-0.17,1.571,-0.13,BT-Settl
4000,5.0,1.292,1.374,1.702,0.812,0.657,0.175,3.468,0.147,0.168,0.299,0.3,-0.173,1.574,-0.13,BT-Settl
4100,3.0,1.566,1.289,1.55,0.745,0.805,0.129,3.455,0.069,-0.005,0.123,0.108,-0.15,1.526,-0.141,BT-Settl
4100,3.5,1.528,1.276,1.562,0.75,0.785,0.127,3.426,0.069,0.01,0.126,0.107,-0.15,1.508,-0.135,BT-Settl
4100,4.0,1.502,1.292,1.591,0.759,0.762,0.129,3.422,0.074,0.027,0.137,0.122,-0.155,1.521,-0.132,BT-Settl
4100,4.5,1.417,1.327,1.63,0.771,0.726,0.14,3.424,0.095,0.072,0.188,0.178,-0.162,1.546,-0.13,BT-Settl
4100,5.0,1.288,1.343,1.627,0.758,0.663,0.159,3.348,0.13,0.134,0.259,0.253,-0.167,1.547,-0.131,BT-Settl
4200,3.0,1.48,1.254,1.452,0.672,0.77,0.119,3.265,0.069,-0.006,0.116,0.097,-0.144,1.486,-0.142,BT-Settl
4200,3.5,1.483,1.245,1.476,0.685,0.767,0.116,3.276,0.063,-0.002,0.108,0.086,-0.144,1.477,-0.135,BT-Settl
4200,4.0,1.491,1.255,1.508,0.7,0.748,0.117,3.278,0.064,0.006,0.11,0.088,-0.146,1.489,-0.131,BT-Settl
4200,4.5,1.422,1.294,1.554,0.716,0.717,0.129,3.297,0.084,0.047,0.155,0.139,-0.155,1.519,-0.13,BT-Settl
4200,5.0,1.287,1.309,1.557,0.708,0.665,0.143,3.233,0.113,0.101,0.219,0.207,-0.16,1.518,-0.131,BT-Settl
4300,3.0,1.375,1.214,1.365,0.614,0.734,0.111,3.091,0.068,-0.006,0.11,0.088,-0.137,1.438,-0.144,BT-Settl
4300,3.5,1.392,1.206,1.387,0.622,0.733,0.109,3.102,0.063,-0.003,0.102,0.076,-0.137,1.432,-0.136,BT-Settl
4300,4.0,1.43,1.218,1.422,0.638,0.727,0.108,3.126,0.06,-0.004,0.096,0.07,-0.139,1.45,-0.131,BT-Settl
4300,4.5,1.425,1.245,1.466,0.656,0.701,0.115,3.14,0.071,0.019,0.116,0.094,-0.144,1.478,-0.128,BT-Settl
4300,5.0,1.29,1.271,1.491,0.664,0.663,0.127,3.121,0.097,0.072,0.181,0.164,-0.151,1.487,-0.129,BT-Settl
4400,3.0,1.26,1.169,1.288,0.57,0.698,0.104,2.931,0.067,-0.006,0.105,0.081,-0.129,1.384,-0.146,BT-Settl
4400,3.5,1.27,1.161,1.306,0.573,0.698,0.102,2.94,0.063,0.0,0.099,0.074,-0.13,1.377,-0.138,BT-Settl
4400,4.0,1.344,1.176,1.345,0.588,0.701,0.101,2.979,0.057,-0.008,0.087,0.06,-0.132,1.402,-0.131,BT-Settl
4400,4.5,1.373,1.195,1.379,0.599,0.698,0.099,3.004,0.054,-0.007,0.086,0.062,-0.135,1.428,-0.126,BT-Settl
4400,5.0,1.283,1.228,1.419,0.618,0.652,0.115,2.994,0.083,0.046,0.145,0.125,-0.143,1.448,-0.129,BT-Settl
4500,3.0,1.143,1.123,1.219,0.538,0.662,0.098,2.781,0.066,-0.005,0.1,0.074,-0.122,1.329,-0.149,BT-Settl
4500,3.5,1.163,1.114,1.236,0.539,0.667,0.095,2.796,0.06,-0.001,0.091,0.066,-0.122,1.322,-0.14,BT-Settl
4500,4.0,1.231,1.128,1.268,0.546,0.668,0.094,2.825,0.056,-0.006,0.082,0.056,-0.124,1.345,-0.133,BT-Settl
4500,4.5,1.283,1.15,1.305,0.557,0.662,0.095,2.851,0.056,-0.004,0.082,0.057,-0.127,1.375,-0.128,BT-Settl
4500,5.0,1.273,1.176,1.341,0.571,0.638,0.101,2.856,0.068,0.018,0.105,0.082,-0.133,1.401,-0.126,BT-Settl
4600,3.0,1.029,1.079,1.155,0.51,0.629,0.091,2.641,0.064,-0.004,0.096,0.069,-0.116,1.274,-0.152,BT-Settl
4600,3.5,1.037,1.066,1.168,0.51,0.632,0.089,2.649,0.06,0.002,0.09,0.066,-0.115,1.262,-0.143,BT-Settl
4600,4.0,1.115,1.08,1.2,0.515,0.632,0.09,2.679,0.056,-0.003,0.08,0.055,-0.116,1.286,-0.135,BT-Settl
4600,4.5,1.164,1.098,1.23,0.522,0.63,0.088,2.699,0.055,-0.001,0.081,0.056,-0.119,1.312,-0.13,BT-Settl
4600,5.0,1.212,1.121,1.265,0.53,0.623,0.089,2.722,0.055,-0.001,0.079,0.056,-0.122,1.344,-0.125,BT-Settl
4700,3.0,0.92,1.038,1.098,0.488,0.598,0.085,2.51,0.063,-0.002,0.092,0.065,-0.111,1.221,-0.154,BT-Settl
4700,3.5,0.938,1.024,1.111,0.487,0.601,0.084,2.522,0.058,0.003,0.085,0.06,-0.109,1.21,-0.145,BT-Settl
4700,4.0,1.008,1.034,1.138,0.49,0.602,0.083,2.545,0.055,-0.001,0.077,0.052,-0.109,1.231,-0.137,BT-Settl
4700,4.5,1.073,1.052,1.167,0.494,0.601,0.082,2.568,0.053,-0.001,0.075,0.049,-0.112,1.257,-0.132,BT-Settl
4700,5.0,1.129,1.074,1.199,0.5,0.595,0.083,2.589,0.052,-0.002,0.072,0.047,-0.115,1.288,-0.127,BT-Settl
4800,3.0,0.816,0.998,1.046,0.468,0.567,0.081,2.389,0.061,-0.001,0.088,0.061,-0.105,1.171,-0.155,BT-Settl
4800,3.5,0.827,0.983,1.055,0.466,0.57,0.078,2.395,0.057,0.006,0.083,0.059,-0.104,1.157,-0.147,BT-Settl
4800,4.0,0.902,0.991,1.079,0.467,0.572,0.077,2.416,0.054,0.002,0.075,0.05,-0.104,1.176,-0.139,BT-Settl
4800,4.5,0.959,1.007,1.106,0.471,0.565,0.08,2.432,0.053,0.004,0.075,0.051,-0.106,1.2,-0.134,BT-Settl
4800,5.0,1.025,1.025,1.136,0.475,0.562,0.079,2.454,0.052,0.003,0.071,0.047,-0.107,1.23,-0.128,BT-Settl
4900,3.0,0.719,0.96,0.998,0.449,0.539,0.075,2.275,0.058,0.001,0.085,0.058,-0.101,1.121,-0.155,BT-Settl
4900,3.5,0.742,0.946,1.008,0.448,0.543,0.074,2.285,0.054,0.004,0.076,0.05,-0.098,1.112,-0.146,BT-Settl
4900,4.0,0.809,0.953,1.028,0.448,0.541,0.074,2.299,0.052,0.003,0.07,0.044,-0.099,1.128,-0.14,BT-Settl
4900,4.5,0.879,0.967,1.054,0.45,0.54,0.074,2.32,0.05,0.003,0.067,0.041,-0.1,1.152,-0.135,BT-Settl
4900,5.0,0.944,0.986,1.085,0.454,0.535,0.075,2.341,0.051,0.005,0.067,0.041,-0.101,1.182,-0.129,BT-Settl
5000,3.0,0.629,0.922,0.956,0.433,0.512,0.07,2.169,0.056,0.002,0.081,0.055,-0.097,1.071,-0.154,BT-Settl
5000,3.5,0.645,0.91,0.963,0.431,0.515,0.07,2.176,0.053,0.007,0.074,0.049,-0.095,1.063,-0.146,BT-Settl
5000,4.0,0.718,0.914,0.979,0.428,0.515,0.069,2.188,0.049,0.002,0.063,0.037,-0.093,1.08,-0.139,BT-Settl
5000,4.5,0.78,0.928,1.004,0.432,0.513,0.069,2.207,0.049,0.005,0.066,0.04,-0.095,1.102,-0.135,BT-Settl
5000,5.0,0.846,0.944,1.03,0.434,0.507,0.071,2.223,0.048,0.005,0.063,0.037,-0.095,1.129,-0.129,BT-Settl
5100,3.0,0.546,0.884,0.916,0.416,0.487,0.066,2.07,0.053,0.003,0.078,0.051,-0.093,1.022,-0.151,BT-Settl
5100,3.5,0.569,0.873,0.922,0.413,0.491,0.066,2.079,0.049,0.005,0.067,0.041,-0.09,1.018,-0.144,BT-Settl
5100,4.0,0.628,0.878,0.935,0.412,0.49,0.064,2.084,0.047,0.003,0.06,0.034,-0.09,1.033,-0.139,BT-Settl
5100,4.5,0.697,0.894,0.96,0.415,0.486,0.067,2.104,0.049,0.007,0.061,0.035,-0.091,1.059,-0.135,BT-Settl
5100,5.0,0.767,0.907,0.983,0.415,0.483,0.067,2.12,0.046,0.005,0.058,0.031,-0.091,1.084,-0.129,BT-Settl
5200,3.0,0.472,0.846,0.881,0.401,0.464,0.061,1.978,0.051,0.005,0.074,0.048,-0.088,0.975,-0.147,BT-Settl
5200,3.5,0.483,0.841,0.885,0.4,0.464,0.062,1.98,0.049,0.008,0.066,0.041,-0.087,0.974,-0.143,BT-Settl
5200,4.0,0.545,0.847,0.898,0.398,0.464,0.062,1.99,0.047,0.005,0.059,0.032,-0.086,0.992,-0.138,BT-Settl
5200,4.5,0.603,0.859,0.918,0.4,0.462,0.062,2.004,0.047,0.009,0.061,0.035,-0.087,1.012,-0.134,BT-Settl
5200,5.0,0.674,0.871,0.937,0.399,0.46,0.061,2.016,0.045,0.008,0.057,0.031,-0.087,1.036,-0.13,BT-Settl
5300,3.0,0.402,0.811,0.847,0.387,0.44,0.058,1.889,0.048,0.006,0.07,0.044,-0.085,0.93,-0.143,BT-Settl
5300,3.5,0.423,0.808,0.849,0.384,0.444,0.057,1.893,0.045,0.006,0.059,0.033,-0.084,0.932,-0.139,BT-Settl
5300,4.0,0.467,0.813,0.86,0.383,0.441,0.058,1.897,0.044,0.005,0.054,0.027,-0.083,0.947,-0.136,BT-Settl
5300,4.5,0.533,0.825,0.878,0.383,0.441,0.058,1.913,0.043,0.006,0.053,0.026,-0.083,0.97,-0.132,BT-Settl
5300,5.0,0.599,0.84,0.898,0.384,0.437,0.059,1.925,0.044,0.008,0.053,0.025,-0.083,0.997,-0.129,BT-Settl
5400,3.0,0.344,0.775,0.813,0.372,0.419,0.054,1.804,0.046,0.009,0.066,0.04,-0.081,0.885,-0.138,BT-Settl
5400,3.5,0.353,0.776,0.819,0.372,0.419,0.055,1.809,0.044,0.009,0.059,0.033,-0.08,0.89,-0.136,BT-Settl
5400,4.0,0.397,0.781,0.826,0.369,0.42,0.054,1.812,0.042,0.005,0.051,0.023,-0.079,0.905,-0.133,BT-Settl
5400,4.5,0.449,0.798,0.848,0.373,0.416,0.057,1.832,0.045,0.013,0.058,0.031,-0.081,0.931,-0.132,BT-Settl
5400,5.0,0.508,0.808,0.861,0.372,0.412,0.057,1.834,0.044,0.013,0.054,0.028,-0.08,0.952,-0.128,BT-Settl
5500,3.0,0.294,0.74,0.782,0.359,0.397,0.051,1.723,0.044,0.012,0.063,0.037,-0.077,0.841,-0.132,BT-Settl
5500,3.5,0.304,0.744,0.787,0.357,0.399,0.052,1.729,0.041,0.008,0.052,0.026,-0.077,0.851,-0.132,BT-Settl
5500,4.0,0.333,0.749,0.794,0.356,0.399,0.05,1.73,0.04,0.007,0.048,0.021,-0.076,0.864,-0.129,BT-Settl
5500,4.5,0.382,0.763,0.81,0.357,0.397,0.052,1.744,0.041,0.009,0.049,0.021,-0.076,0.888,-0.128,BT-Settl
5500,5.0,0.439,0.776,0.827,0.358,0.393,0.052,1.752,0.043,0.013,0.05,0.023,-0.076,0.912,-0.125,BT-Settl
5600,3.0,0.252,0.709,0.753,0.345,0.375,0.049,1.645,0.043,0.015,0.061,0.035,-0.074,0.803,-0.128,BT-Settl
5600,3.5,0.248,0.712,0.758,0.345,0.376,0.049,1.649,0.041,0.013,0.053,0.027,-0.074,0.81,-0.127,BT-Settl
5600,4.0,0.277,0.722,0.767,0.344,0.379,0.049,1.66,0.04,0.009,0.047,0.02,-0.074,0.828,-0.126,BT-Settl
5600,4.5,0.311,0.73,0.779,0.345,0.377,0.049,1.665,0.04,0.012,0.049,0.022,-0.073,0.845,-0.124,BT-Settl
5600,5.0,0.361,0.745,0.794,0.346,0.373,0.05,1.672,0.042,0.016,0.05,0.024,-0.074,0.869,-0.123,BT-Settl
5700,3.0,0.221,0.677,0.724,0.332,0.354,0.047,1.57,0.042,0.018,0.058,0.032,-0.07,0.764,-0.122,BT-Settl
5700,3.5,0.213,0.682,0.728,0.331,0.358,0.046,1.577,0.038,0.012,0.047,0.021,-0.07,0.773,-0.121,BT-Settl
5700,4.0,0.225,0.688,0.737,0.332,0.36,0.045,1.583,0.037,0.01,0.043,0.016,-0.07,0.787,-0.12,BT-Settl
5700,4.5,0.258,0.7,0.747,0.331,0.36,0.045,1.592,0.036,0.01,0.042,0.015,-0.071,0.806,-0.12,BT-Settl
5700,5.0,0.302,0.714,0.763,0.333,0.356,0.046,1.599,0.04,0.015,0.045,0.018,-0.071,0.83,-0.119,BT-Settl
5800,3.0,0.195,0.646,0.694,0.318,0.335,0.044,1.497,0.041,0.022,0.056,0.03,-0.068,0.726,-0.117,BT-Settl
5800,3.5,0.175,0.652,0.702,0.32,0.339,0.044,1.507,0.037,0.016,0.047,0.021,-0.068,0.735,-0.117,BT-Settl
5800,4.0,0.181,0.659,0.708,0.319,0.341,0.043,1.512,0.035,0.011,0.04,0.013,-0.067,0.749,-0.116,BT-Settl
5800,4.5,0.201,0.674,0.726,0.324,0.341,0.044,1.528,0.039,0.017,0.047,0.02,-0.068,0.771,-0.116,BT-Settl
5800,5.0,0.235,0.683,0.734,0.322,0.338,0.043,1.527,0.039,0.018,0.045,0.018,-0.068,0.789,-0.115,BT-Settl
5900,3.0,0.175,0.615,0.666,0.305,0.315,0.043,1.427,0.039,0.025,0.055,0.028,-0.064,0.689,-0.111,BT-Settl
5900,3.5,0.148,0.623,0.675,0.307,0.322,0.041,1.439,0.036,0.018,0.043,0.017,-0.065,0.701,-0.111,BT-Settl
5900,4.0,0.143,0.629,0.681,0.307,0.324,0.04,1.444,0.034,0.014,0.038,0.011,-0.064,0.713,-0.11,BT-Settl
5900,4.5,0.156,0.642,0.694,0.31,0.324,0.04,1.454,0.036,0.016,0.04,0.012,-0.066,0.731,-0.112,BT-Settl
5900,5.0,0.184,0.655,0.706,0.311,0.322,0.041,1.46,0.037,0.018,0.041,0.013,-0.066,0.752,-0.111,BT-Settl
6000,3.0,0.159,0.578,0.633,0.288,0.295,0.041,1.35,0.037,0.027,0.051,0.024,-0.06,0.648,-0.103,BT-Settl
6000,3.5,0.121,0.591,0.645,0.292,0.303,0.04,1.368,0.033,0.018,0.039,0.012,-0.061,0.663,-0.105,BT-Settl
6000,4.0,0.109,0.598,0.652,0.294,0.306,0.038,1.374,0.032,0.014,0.034,0.007,-0.062,0.674,-0.105,BT-Settl
6000,4.5,0.11,0.609,0.665,0.297,0.307,0.038,1.383,0.033,0.016,0.035,0.008,-0.062,0.691,-0.105,BT-Settl
6000,5.0,0.129,0.62,0.673,0.297,0.305,0.037,1.383,0.034,0.018,0.035,0.007,-0.063,0.709,-0.106,BT-Settl
6100,3.0,0.148,0.549,0.605,0.275,0.277,0.04,1.284,0.036,0.03,0.05,0.023,-0.058,0.612,-0.098,BT-Settl
6100,3.5,0.101,0.563,0.62,0.281,0.285,0.039,1.304,0.032,0.021,0.037,0.01,-0.059,0.629,-0.099,BT-Settl
6100,4.0,0.081,0.57,0.626,0.281,0.29,0.036,1.311,0.03,0.015,0.031,0.004,-0.059,0.64,-0.1,BT-Settl
6100,4.5,0.077,0.584,0.64,0.285,0.293,0.035,1.324,0.032,0.017,0.032,0.005,-0.06,0.659,-0.101,BT-Settl
6100,5.0,0.09,0.597,0.654,0.289,0.291,0.036,1.333,0.034,0.019,0.034,0.007,-0.06,0.68,-0.101,BT-Settl
6200,3.0,0.142,0.518,0.578,0.262,0.26,0.039,1.219,0.036,0.032,0.049,0.021,-0.054,0.578,-0.09,BT-Settl
6200,3.5,0.085,0.533,0.594,0.268,0.268,0.037,1.24,0.032,0.024,0.038,0.011,-0.056,0.594,-0.093,BT-Settl
6200,4.0,0.056,0.545,0.605,0.272,0.274,0.036,1.255,0.03,0.019,0.033,0.006,-0.057,0.609,-0.095,BT-Settl
6200,4.5,0.045,0.554,0.613,0.273,0.278,0.033,1.261,0.029,0.017,0.029,0.002,-0.057,0.624,-0.095,BT-Settl
6200,5.0,0.048,0.567,0.625,0.276,0.277,0.033,1.267,0.031,0.019,0.03,0.003,-0.057,0.643,-0.096,BT-Settl
6300,3.0,0.139,0.489,0.549,0.247,0.243,0.038,1.154,0.036,0.035,0.048,0.021,-0.051,0.545,-0.084,BT-Settl
6300,3.5,0.075,0.507,0.568,0.256,0.252,0.036,1.178,0.031,0.026,0.036,0.009,-0.054,0.563,-0.088,BT-Settl
6300,4.0,0.039,0.519,0.581,0.261,0.259,0.034,1.196,0.029,0.021,0.031,0.003,-0.055,0.578,-0.09,BT-Settl
6300,4.5,0.019,0.528,0.588,0.262,0.263,0.031,1.201,0.028,0.018,0.027,-0.001,-0.055,0.591,-0.09,BT-Settl
6300,5.0,0.014,0.541,0.601,0.266,0.264,0.03,1.209,0.029,0.02,0.028,0.0,-0.055,0.61,-0.091,BT-Settl
6400,3.0,0.138,0.461,0.521,0.233,0.225,0.038,1.091,0.035,0.037,0.048,0.02,-0.049,0.514,-0.079,BT-Settl
6400,3.5,0.068,0.48,0.542,0.243,0.236,0.035,1.118,0.03,0.027,0.035,0.008,-0.051,0.533,-0.082,BT-Settl
6400,4.0,0.025,0.492,0.556,0.249,0.244,0.032,1.136,0.028,0.023,0.03,0.002,-0.052,0.547,-0.084,BT-Settl
6400,4.5,-0.002,0.501,0.565,0.251,0.248,0.029,1.144,0.026,0.019,0.026,-0.002,-0.052,0.56,-0.084,BT-Settl
6400,5.0,-0.016,0.515,0.577,0.255,0.25,0.028,1.153,0.028,0.021,0.026,-0.002,-0.053,0.578,-0.086,BT-Settl
6500,3.0,0.14,0.434,0.494,0.22,0.209,0.037,1.029,0.036,0.039,0.048,0.02,-0.046,0.484,-0.072,BT-Settl
6500,3.5,0.066,0.454,0.516,0.23,0.22,0.034,1.059,0.029,0.028,0.034,0.007,-0.049,0.503,-0.077,BT-Settl
6500,4.0,0.015,0.466,0.531,0.236,0.228,0.031,1.078,0.027,0.024,0.029,0.001,-0.049,0.517,-0.078,BT-Settl
6500,4.5,-0.02,0.476,0.541,0.24,0.235,0.027,1.088,0.025,0.02,0.024,-0.004,-0.05,0.53,-0.079,BT-Settl
6500,5.0,-0.041,0.49,0.554,0.244,0.237,0.026,1.099,0.027,0.021,0.024,-0.004,-0.05,0.549,-0.081,BT-Settl
6600,3.0,0.124,0.422,0.481,0.212,0.197,0.036,0.987,0.035,0.04,0.048,0.02,-0.044,0.47,-0.069,BT-Settl
6600,3.5,0.065,0.429,0.491,0.217,0.205,0.033,1.002,0.029,0.029,0.035,0.008,-0.045,0.477,-0.07,BT-Settl
6600,4.0,0.009,0.441,0.507,0.225,0.213,0.03,1.021,0.027,0.025,0.028,0.001,-0.047,0.489,-0.072,BT-Settl
6600,4.5,-0.033,0.452,0.517,0.229,0.221,0.026,1.033,0.024,0.02,0.023,-0.005,-0.047,0.503,-0.074,BT-Settl
6600,5.0,-0.062,0.467,0.532,0.235,0.225,0.025,1.047,0.025,0.02,0.022,-0.006,-0.049,0.52,-0.076,BT-Settl
6700,3.0,0.127,0.397,0.45,0.196,0.18,0.035,0.921,0.034,0.039,0.046,0.018,-0.042,0.442,-0.064,BT-Settl
6700,3.5,0.068,0.406,0.465,0.204,0.19,0.033,0.945,0.028,0.03,0.035,0.008,-0.043,0.452,-0.066,BT-Settl
6700,4.0,0.006,0.419,0.482,0.213,0.2,0.029,0.966,0.025,0.025,0.028,0.0,-0.045,0.464,-0.068,BT-Settl
6700,4.5,-0.041,0.43,0.494,0.218,0.207,0.025,0.98,0.023,0.02,0.022,-0.006,-0.045,0.477,-0.069,BT-Settl
6700,5.0,-0.079,0.445,0.509,0.224,0.212,0.023,0.995,0.024,0.02,0.02,-0.008,-0.047,0.494,-0.072,BT-Settl
6800,3.0,0.138,0.374,0.423,0.182,0.167,0.034,0.866,0.033,0.038,0.045,0.016,-0.039,0.419,-0.059,BT-Settl
6800,3.5,0.068,0.386,0.443,0.193,0.176,0.032,0.893,0.029,0.032,0.036,0.009,-0.04,0.43,-0.06,BT-Settl
6800,4.0,0.006,0.397,0.458,0.201,0.185,0.029,0.912,0.025,0.025,0.028,0.0,-0.042,0.441,-0.063,BT-Settl
6800,4.5,-0.047,0.408,0.471,0.207,0.193,0.024,0.927,0.023,0.021,0.022,-0.007,-0.043,0.453,-0.064,BT-Settl
6800,5.0,-0.092,0.424,0.487,0.214,0.2,0.022,0.945,0.022,0.019,0.019,-0.01,-0.045,0.469,-0.067,BT-Settl
6900,3.0,0.157,0.353,0.394,0.167,0.153,0.033,0.809,0.032,0.036,0.038,0.004,-0.036,0.4,-0.054,BT-Settl
6900,3.5,0.074,0.365,0.417,0.18,0.162,0.031,0.836,0.03,0.033,0.038,0.011,-0.039,0.407,-0.056,BT-Settl
6900,4.0,0.009,0.376,0.434,0.188,0.171,0.028,0.858,0.026,0.027,0.029,0.001,-0.04,0.418,-0.058,BT-Settl
6900,4.5,-0.053,0.391,0.453,0.198,0.18,0.025,0.882,0.023,0.022,0.023,-0.006,-0.042,0.433,-0.061,BT-Settl
6900,5.0,-0.102,0.403,0.466,0.204,0.189,0.02,0.896,0.021,0.018,0.017,-0.012,-0.043,0.446,-0.062,BT-Settl
7000,3.0,0.163,0.331,0.368,0.154,0.14,0.033,0.755,0.032,0.036,0.039,0.005,-0.033,0.376,-0.048,BT-Settl
7000,3.5,0.095,0.346,0.392,0.166,0.149,0.031,0.787,0.029,0.032,0.033,-0.002,-0.036,0.39,-0.051,BT-Settl
7000,4.0,0.031,0.36,0.409,0.175,0.16,0.027,0.811,0.023,0.023,0.021,-0.015,-0.038,0.403,-0.055,BT-Settl
7000,4.5,-0.031,0.371,0.425,0.183,0.17,0.021,0.829,0.02,0.017,0.013,-0.024,-0.039,0.415,-0.056,BT-Settl
7000,5.0,-0.102,0.388,0.448,0.195,0.177,0.02,0.853,0.021,0.017,0.012,-0.026,-0.041,0.431,-0.059,BT-Settl
7200,3.0,0.17,0.288,0.315,0.127,0.114,0.032,0.647,0.033,0.039,0.041,0.007,-0.028,0.332,-0.037,BT-Settl
7200,3.5,0.112,0.307,0.339,0.139,0.123,0.03,0.681,0.03,0.033,0.035,0.0,-0.031,0.35,-0.042,BT-Settl
7200,4.0,0.044,0.323,0.359,0.15,0.133,0.026,0.706,0.023,0.023,0.021,-0.016,-0.034,0.365,-0.046,BT-Settl
7200,4.5,-0.044,0.342,0.388,0.165,0.145,0.023,0.74,0.021,0.019,0.014,-0.023,-0.037,0.381,-0.05,BT-Settl
7200,5.0,-0.106,0.352,0.402,0.172,0.153,0.018,0.754,0.017,0.013,0.006,-0.032,-0.037,0.391,-0.051,BT-Settl
7400,3.0,0.179,0.252,0.267,0.102,0.094,0.029,0.554,0.03,0.035,0.038,0.007,-0.023,0.296,-0.028,BT-Settl
7400,3.5,0.117,0.275,0.294,0.116,0.101,0.029,0.589,0.027,0.03,0.032,-0.001,-0.027,0.318,-0.035,BT-Settl
7400,4.0,0.049,0.293,0.317,0.128,0.111,0.025,0.616,0.02,0.019,0.017,-0.017,-0.03,0.334,-0.039,BT-Settl
7400,4.5,-0.022,0.306,0.334,0.137,0.121,0.02,0.635,0.015,0.011,0.005,-0.029,-0.032,0.346,-0.041,BT-Settl
7400,5.0,-0.108,0.325,0.365,0.153,0.134,0.017,0.674,0.015,0.009,0.001,-0.034,-0.034,0.363,-0.045,BT-Settl
7600,3.0,0.183,0.202,0.218,0.079,0.074,0.029,0.459,0.034,0.041,0.048,0.018,-0.017,0.245,-0.014,BT-Settl
7600,3.5,0.13,0.238,0.244,0.09,0.08,0.028,0.493,0.027,0.031,0.035,0.003,-0.022,0.281,-0.025,BT-Settl
7600,4.0,0.063,0.26,0.269,0.103,0.088,0.025,0.521,0.021,0.021,0.019,-0.014,-0.026,0.302,-0.031,BT-Settl
7600,4.5,-0.008,0.276,0.288,0.114,0.097,0.02,0.539,0.015,0.012,0.007,-0.028,-0.029,0.315,-0.035,BT-Settl
7600,5.0,-0.1,0.296,0.322,0.132,0.111,0.016,0.581,0.013,0.007,-0.001,-0.037,-0.032,0.333,-0.039,BT-Settl
7800,3.0,0.2,0.152,0.175,0.059,0.059,0.028,0.381,0.033,0.039,0.044,0.012,-0.011,0.195,0.002,BT-Settl
7800,3.5,0.134,0.205,0.204,0.07,0.062,0.027,0.412,0.026,0.029,0.031,-0.003,-0.018,0.248,-0.016,BT-Settl
7800,4.0,0.065,0.235,0.234,0.085,0.07,0.026,0.447,0.02,0.019,0.015,-0.02,-0.023,0.277,-0.025,BT-Settl
7800,4.5,-0.011,0.254,0.256,0.097,0.077,0.022,0.468,0.015,0.011,0.002,-0.034,-0.026,0.294,-0.029,BT-Settl
7800,5.0,-0.088,0.27,0.277,0.108,0.088,0.016,0.49,0.01,0.003,-0.009,-0.047,-0.029,0.307,-0.033,BT-Settl
8000,3.0,0.216,0.097,0.122,0.036,0.048,0.027,0.299,0.033,0.04,0.047,0.016,-0.003,0.142,0.02,BT-Settl
8000,3.5,0.143,0.165,0.157,0.047,0.046,0.026,0.326,0.026,0.029,0.031,-0.003,-0.013,0.208,-0.004,BT-Settl
8000,4.0,0.071,0.204,0.189,0.062,0.051,0.025,0.361,0.021,0.021,0.019,-0.017,-0.019,0.245,-0.016,BT-Settl
8000,4.5,0.006,0.224,0.208,0.072,0.056,0.021,0.375,0.014,0.011,0.004,-0.033,-0.023,0.264,-0.022,BT-Settl
8000,5.0,-0.074,0.245,0.233,0.086,0.067,0.016,0.402,0.009,0.002,-0.01,-0.048,-0.026,0.283,-0.028,BT-Settl
8200,3.0,0.191,0.064,0.088,0.02,0.037,0.025,0.233,0.034,0.043,0.051,0.019,0.0,0.105,0.03,BT-Settl
8200,3.5,0.135,0.129,0.118,0.029,0.034,0.025,0.257,0.027,0.031,0.034,0.0,-0.008,0.171,0.007,BT-Settl
8200,4.0,0.081,0.169,0.147,0.042,0.037,0.024,0.287,0.022,0.023,0.022,-0.014,-0.015,0.21,-0.006,BT-Settl
8200,4.5,0.006,0.199,0.173,0.055,0.042,0.022,0.31,0.016,0.014,0.008,-0.03,-0.02,0.238,-0.015,BT-Settl
8200,5.0,-0.071,0.223,0.197,0.068,0.05,0.017,0.332,0.011,0.005,-0.005,-0.044,-0.024,0.259,-0.022,BT-Settl
8400,3.0,0.16,0.034,0.061,0.008,0.029,0.023,0.178,0.035,0.044,0.052,0.021,0.004,0.073,0.04,BT-Settl
8400,3.5,0.131,0.092,0.081,0.012,0.023,0.024,0.192,0.027,0.031,0.035,-0.001,-0.005,0.131,0.019,BT-Settl
8400,4.0,0.095,0.125,0.103,0.022,0.025,0.024,0.214,0.024,0.026,0.025,-0.012,-0.01,0.167,0.007,BT-Settl
8400,4.5,0.012,0.171,0.134,0.035,0.028,0.022,0.241,0.017,0.015,0.011,-0.028,-0.016,0.21,-0.007,BT-Settl
8400,5.0,-0.064,0.2,0.16,0.05,0.034,0.018,0.263,0.012,0.007,-0.002,-0.041,-0.022,0.236,-0.017,BT-Settl
8600,3.0,0.125,0.008,0.039,-0.003,0.022,0.021,0.132,0.035,0.044,0.053,0.021,0.008,0.045,0.05,BT-Settl
8600,3.5,0.106,0.062,0.058,0.002,0.017,0.023,0.148,0.029,0.035,0.038,0.002,-0.001,0.1,0.029,BT-Settl
8600,4.0,0.108,0.083,0.065,0.006,0.017,0.024,0.157,0.025,0.028,0.028,-0.01,-0.005,0.126,0.022,BT-Settl
8600,4.5,0.018,0.143,0.101,0.021,0.018,0.023,0.186,0.02,0.02,0.017,-0.022,-0.014,0.182,0.001,BT-Settl
8600,5.0,-0.066,0.179,0.132,0.036,0.022,0.02,0.212,0.015,0.012,0.006,-0.035,-0.019,0.215,-0.011,BT-Settl
8800,3.0,0.077,-0.012,0.024,-0.009,0.019,0.019,0.097,0.036,0.045,0.055,0.023,0.01,0.02,0.057,BT-Settl
8800,3.5,0.098,0.023,0.029,-0.01,0.013,0.02,0.099,0.029,0.035,0.038,0.002,0.004,0.06,0.043,BT-Settl
8800,4.0,0.088,0.057,0.04,-0.005,0.011,0.023,0.11,0.026,0.03,0.031,-0.007,-0.001,0.098,0.03,BT-Settl
8800,4.5,0.025,0.109,0.068,0.006,0.01,0.022,0.131,0.02,0.022,0.019,-0.021,-0.01,0.148,0.012,BT-Settl
8800,5.0,-0.063,0.157,0.101,0.021,0.012,0.019,0.156,0.017,0.016,0.01,-0.031,-0.016,0.194,-0.004,BT-Settl
9000,3.0,0.042,-0.029,0.01,-0.016,0.015,0.016,0.061,0.034,0.043,0.051,0.019,0.012,0.001,0.064,BT-Settl
9000,3.5,0.072,0.0,0.01,-0.018,0.008,0.019,0.061,0.028,0.034,0.037,0.0,0.007,0.035,0.051,BT-Settl
9000,4.0,0.067,0.036,0.02,-0.015,0.005,0.021,0.069,0.026,0.03,0.03,-0.01,0.001,0.075,0.038,BT-Settl
9000,4.5,0.035,0.077,0.036,-0.008,0.004,0.021,0.08,0.022,0.024,0.021,-0.021,-0.005,0.118,0.023,BT-Settl
9000,5.0,-0.051,0.133,0.068,0.006,0.004,0.019,0.104,0.018,0.018,0.012,-0.03,-0.014,0.17,0.003,BT-Settl
9200,3.0,0.049,-0.035,-0.006,-0.026,0.01,0.013,0.033,0.03,0.038,0.051,0.029,0.014,-0.004,0.066,BT-Settl
9200,3.5,0.057,-0.015,-0.009,-0.029,0.001,0.015,0.018,0.023,0.026,0.024,-0.015,0.009,0.02,0.057,BT-Settl
9200,4.0,0.059,0.021,-0.002,-0.027,-0.003,0.018,0.024,0.02,0.021,0.016,-0.026,0.003,0.059,0.043,BT-Settl
9200,4.5,0.035,0.06,0.01,-0.022,-0.005,0.019,0.032,0.017,0.015,0.007,-0.037,-0.003,0.101,0.028,BT-Settl
9200,5.0,-0.047,0.114,0.045,-0.006,-0.003,0.017,0.061,0.014,0.011,0.001,-0.044,-0.011,0.152,0.009,BT-Settl
9400,3.0,-0.01,-0.052,-0.022,-0.035,0.003,0.008,-0.018,0.026,0.03,0.032,-0.004,0.016,-0.026,0.072,BT-Settl
9400,3.5,0.026,-0.03,-0.022,-0.036,-0.002,0.012,-0.013,0.022,0.024,0.022,-0.018,0.011,0.002,0.063,BT-Settl
9400,4.0,0.035,0.003,-0.017,-0.035,-0.007,0.015,-0.009,0.02,0.02,0.015,-0.028,0.006,0.04,0.05,BT-Settl
9400,4.5,0.021,0.042,-0.008,-0.031,-0.01,0.017,-0.003,0.016,0.015,0.007,-0.039,0.0,0.082,0.035,BT-Settl
9400,5.0,-0.033,0.088,0.015,-0.02,-0.009,0.016,0.014,0.014,0.011,0.0,-0.046,-0.008,0.127,0.018,BT-Settl
9600,3.0,-0.045,-0.063,-0.03,-0.04,0.0,0.005,-0.045,0.023,0.026,0.026,-0.011,0.018,-0.038,0.078,BT-Settl
9600,3.5,-0.006,-0.042,-0.032,-0.041,-0.007,0.01,-0.042,0.02,0.021,0.016,-0.025,0.013,-0.012,0.068,BT-Settl
9600,4.0,0.012,-0.012,-0.031,-0.042,-0.011,0.013,-0.04,0.018,0.018,0.01,-0.034,0.008,0.024,0.055,BT-Settl
9600,4.5,0.003,0.026,-0.023,-0.038,-0.014,0.015,-0.036,0.015,0.013,0.003,-0.045,0.002,0.065,0.04,BT-Settl
9600,5.0,-0.03,0.068,-0.011,-0.033,-0.015,0.015,-0.028,0.012,0.009,-0.003,-0.051,-0.005,0.108,0.025,BT-Settl
9800,3.0,-0.082,-0.071,-0.038,-0.044,-0.004,0.003,-0.071,0.02,0.022,0.019,-0.019,0.019,-0.048,0.081,BT-Settl
9800,3.5,-0.037,-0.053,-0.042,-0.046,-0.01,0.007,-0.069,0.019,0.019,0.012,-0.031,0.015,-0.024,0.072,BT-Settl
9800,4.0,-0.014,-0.025,-0.042,-0.048,-0.015,0.011,-0.068,0.016,0.015,0.005,-0.041,0.01,0.009,0.06,BT-Settl
9800,4.5,-0.014,0.011,-0.037,-0.046,-0.018,0.013,-0.065,0.013,0.011,-0.002,-0.051,0.004,0.05,0.046,BT-Settl
9800,5.0,-0.043,0.054,-0.027,-0.041,-0.019,0.013,-0.06,0.012,0.008,-0.006,-0.056,-0.004,0.093,0.029,BT-Settl
10000,3.0,-0.115,-0.077,-0.045,-0.049,-0.008,-0.002,-0.099,0.012,0.007,-0.009,-0.05,0.019,-0.057,0.084,BT-Settl
10000,3.5,-0.068,-0.061,-0.049,-0.051,-0.014,0.003,-0.095,0.012,0.006,-0.012,-0.056,0.016,-0.034,0.076,BT-Settl
10000,4.0,-0.038,-0.035,-0.051,-0.053,-0.019,0.007,-0.096,0.009,0.002,-0.019,-0.066,0.011,-0.002,0.064,BT-Settl
10000,4.5,-0.036,0.0,-0.047,-0.051,-0.022,0.01,-0.093,0.007,-0.001,-0.025,-0.075,0.005,0.037,0.05,BT-Settl
10000,5.0,-0.06,0.042,-0.038,-0.046,-0.023,0.011,-0.088,0.006,-0.003,-0.028,-0.08,-0.002,0.081,0.034,BT-Settl
10200,3.0,-0.145,-0.086,-0.053,-0.054,-0.012,-0.005,-0.125,0.01,0.004,-0.014,-0.056,0.021,-0.067,0.088,BT-Settl
10200,3.5,-0.091,-0.071,-0.059,-0.056,-0.017,0.001,-0.121,0.009,0.001,-0.018,-0.063,0.017,-0.046,0.08,BT-Settl
10200,4.0,-0.058,-0.047,-0.063,-0.059,-0.023,0.006,-0.123,0.006,-0.002,-0.024,-0.071,0.013,-0.016,0.069,BT-Settl
10200,4.5,-0.048,-0.014,-0.06,-0.059,-0.026,0.008,-0.121,0.005,-0.005,-0.029,-0.08,0.008,0.023,0.055,BT-Settl
10400,3.0,-0.174,-0.093,-0.061,-0.058,-0.015,-0.007,-0.148,0.007,0.0,-0.02,-0.062,0.022,-0.076,0.091,BT-Settl
10400,3.5,-0.121,-0.079,-0.065,-0.06,-0.02,-0.002,-0.143,0.007,-0.001,-0.022,-0.067,0.019,-0.055,0.084,BT-Settl
10400,4.0,-0.078,-0.059,-0.074,-0.066,-0.026,0.003,-0.149,0.004,-0.005,-0.028,-0.075,0.015,-0.028,0.074,BT-Settl
10400,4.5,-0.07,-0.025,-0.071,-0.064,-0.03,0.006,-0.147,0.003,-0.007,-0.032,-0.083,0.009,0.01,0.059,BT-Settl
10600,3.0,-0.23,-0.092,-0.055,-0.055,-0.012,-0.006,-0.148,0.015,0.014,0.013,-0.021,0.021,-0.078,0.092,BT-Settl
10600,3.5,-0.177,-0.081,-0.061,-0.058,-0.017,-0.002,-0.147,0.013,0.011,0.006,-0.033,0.019,-0.06,0.086,BT-Settl
10600,4.0,-0.146,-0.062,-0.065,-0.06,-0.022,0.001,-0.149,0.012,0.01,0.002,-0.04,0.015,-0.036,0.077,BT-Settl
10600,4.5,-0.128,-0.037,-0.068,-0.063,-0.027,0.004,-0.153,0.01,0.007,-0.004,-0.05,0.012,-0.005,0.066,BT-Settl
10800,3.0,-0.254,-0.099,-0.062,-0.059,-0.015,-0.008,-0.169,0.013,0.011,0.009,-0.026,0.023,-0.084,0.095,BT-Settl
10800,3.5,-0.199,-0.089,-0.07,-0.063,-0.021,-0.004,-0.17,0.01,0.007,0.0,-0.04,0.02,-0.069,0.089,BT-Settl
10800,4.0,-0.166,-0.072,-0.073,-0.065,-0.025,-0.001,-0.171,0.01,0.007,-0.002,-0.045,0.018,-0.046,0.081,BT-Settl
10800,4.5,-0.145,-0.047,-0.078,-0.068,-0.03,0.001,-0.178,0.008,0.003,-0.009,-0.056,0.013,-0.016,0.07,BT-Settl
11000,3.0,-0.281,-0.105,-0.067,-0.062,-0.018,-0.01,-0.188,0.011,0.008,0.005,-0.03,0.024,-0.092,0.099,BT-Settl
11000,3.5,-0.222,-0.095,-0.076,-0.066,-0.023,-0.007,-0.19,0.009,0.005,-0.003,-0.043,0.021,-0.076,0.092,BT-Settl
11000,4.0,-0.186,-0.08,-0.083,-0.071,-0.028,-0.003,-0.194,0.008,0.004,-0.006,-0.049,0.018,-0.055,0.084,BT-Settl
11000,4.5,-0.163,-0.057,-0.086,-0.072,-0.032,0.0,-0.198,0.006,0.001,-0.013,-0.06,0.014,-0.027,0.074,BT-Settl
11200,3.0,-0.304,-0.111,-0.075,-0.067,-0.021,-0.012,-0.21,0.009,0.005,0.0,-0.036,0.025,-0.099,0.101,BT-Settl
11200,3.5,-0.246,-0.101,-0.082,-0.07,-0.026,-0.009,-0.21,0.007,0.002,-0.008,-0.049,0.023,-0.083,0.095,BT-Settl
11200,4.0,-0.206,-0.088,-0.09,-0.075,-0.03,-0.006,-0.215,0.007,0.002,-0.01,-0.054,0.02,-0.064,0.088,BT-Settl
11200,4.5,-0.185,-0.064,-0.094,-0.077,-0.035,-0.002,-0.219,0.004,-0.003,-0.018,-0.066,0.015,-0.036,0.077,BT-Settl
11400,3.0,-0.347,-0.11,-0.069,-0.064,-0.021,-0.012,-0.212,0.008,0.002,-0.01,-0.052,0.025,-0.099,0.102,BT-Settl
11400,3.5,-0.264,-0.108,-0.089,-0.074,-0.028,-0.011,-0.229,0.005,0.0,-0.011,-0.052,0.024,-0.09,0.098,BT-Settl
11400,4.0,-0.225,-0.095,-0.097,-0.078,-0.033,-0.008,-0.235,0.005,-0.001,-0.014,-0.058,0.021,-0.072,0.091,BT-Settl
11400,4.5,-0.2,-0.074,-0.102,-0.082,-0.037,-0.005,-0.239,0.003,-0.004,-0.02,-0.069,0.018,-0.045,0.081,BT-Settl
11600,3.0,-0.368,-0.114,-0.076,-0.068,-0.024,-0.014,-0.231,0.006,0.0,-0.014,-0.057,0.025,-0.106,0.104,BT-Settl
11600,3.5,-0.313,-0.106,-0.084,-0.072,-0.028,-0.013,-0.235,0.004,-0.004,-0.022,-0.068,0.023,-0.092,0.098,BT-Settl
11600,4.0,-0.282,-0.093,-0.088,-0.074,-0.032,-0.009,-0.235,0.003,-0.005,-0.025,-0.074,0.021,-0.073,0.092,BT-Settl
11600,4.5,-0.257,-0.075,-0.095,-0.078,-0.037,-0.007,-0.245,0.001,-0.008,-0.032,-0.085,0.017,-0.051,0.083,BT-Settl
11800,3.0,-0.387,-0.12,-0.082,-0.072,-0.026,-0.016,-0.248,0.004,-0.003,-0.018,-0.061,0.026,-0.112,0.106,BT-Settl
11800,3.5,-0.333,-0.112,-0.089,-0.075,-0.03,-0.014,-0.25,0.002,-0.006,-0.025,-0.072,0.024,-0.098,0.101,BT-Settl
11800,4.0,-0.299,-0.1,-0.095,-0.078,-0.033,-0.012,-0.254,0.002,-0.007,-0.028,-0.078,0.022,-0.08,0.094,BT-Settl
11800,4.5,-0.277,-0.082,-0.1,-0.081,-0.038,-0.01,-0.261,0.0,-0.01,-0.035,-0.089,0.019,-0.057,0.086,BT-Settl
12000,3.0,-0.406,-0.125,-0.088,-0.075,-0.028,-0.018,-0.265,0.003,-0.004,-0.02,-0.064,0.027,-0.117,0.109,BT-Settl
12000,3.5,-0.353,-0.116,-0.096,-0.079,-0.033,-0.016,-0.269,0.001,-0.009,-0.029,-0.076,0.025,-0.103,0.103,BT-Settl
12000,4.0,-0.317,-0.106,-0.101,-0.082,-0.036,-0.013,-0.271,0.0,-0.01,-0.033,-0.083,0.023,-0.087,0.098,BT-Settl
12000,4.5,-0.294,-0.089,-0.107,-0.085,-0.041,-0.011,-0.279,-0.002,-0.014,-0.04,-0.094,0.02,-0.065,0.089,BT-Settl
12500,3.0,-0.462,-0.131,-0.093,-0.078,-0.031,-0.021,-0.291,0.001,-0.009,-0.029,-0.076,0.028,-0.126,0.112,BT-Settl
12500,3.5,-0.418,-0.123,-0.098,-0.08,-0.035,-0.019,-0.293,-0.002,-0.013,-0.037,-0.087,0.026,-0.113,0.107,BT-Settl
12500,4.0,-0.388,-0.113,-0.102,-0.082,-0.038,-0.017,-0.296,-0.002,-0.014,-0.041,-0.095,0.024,-0.098,0.102,BT-Settl
12500,4.5,-0.367,-0.098,-0.109,-0.086,-0.042,-0.015,-0.304,-0.005,-0.018,-0.049,-0.106,0.021,-0.079,0.095,BT-Settl
13000,3.0,-0.5,-0.143,-0.107,-0.086,-0.036,-0.024,-0.328,-0.003,-0.015,-0.038,-0.085,0.029,-0.139,0.118,BT-Settl
13000,3.5,-0.457,-0.134,-0.111,-0.088,-0.04,-0.023,-0.331,-0.006,-0.019,-0.046,-0.096,0.028,-0.125,0.113,BT-Settl
13000,4.0,-0.423,-0.126,-0.118,-0.091,-0.043,-0.021,-0.335,-0.006,-0.02,-0.05,-0.104,0.026,-0.112,0.107,BT-Settl
13000,4.5,-0.404,-0.111,-0.123,-0.094,-0.048,-0.019,-0.343,-0.009,-0.024,-0.058,-0.116,0.023,-0.093,0.1,BT-Settl
13500,3.0,-0.54,-0.149,-0.115,-0.09,-0.038,-0.026,-0.352,-0.005,-0.017,-0.04,-0.087,0.03,-0.148,0.121,BT-Settl
13500,3.5,-0.504,-0.141,-0.116,-0.09,-0.041,-0.025,-0.352,-0.007,-0.021,-0.048,-0.097,0.029,-0.135,0.116,BT-Settl
13500,4.0,-0.475,-0.133,-0.121,-0.093,-0.044,-0.024,-0.356,-0.007,-0.022,-0.051,-0.103,0.027,-0.122,0.112,BT-Settl
13500,4.5,-0.457,-0.12,-0.127,-0.096,-0.047,-0.023,-0.364,-0.01,-0.025,-0.059,-0.115,0.025,-0.105,0.105,BT-Settl
14000,3.0,-0.571,-0.159,-0.127,-0.096,-0.042,-0.03,-0.385,-0.008,-0.022,-0.047,-0.094,0.031,-0.159,0.125,BT-Settl
14000,3.5,-0.537,-0.15,-0.128,-0.097,-0.046,-0.029,-0.385,-0.011,-0.026,-0.056,-0.106,0.03,-0.145,0.12,BT-Settl
14000,4.0,-0.503,-0.144,-0.134,-0.1,-0.049,-0.027,-0.389,-0.011,-0.027,-0.058,-0.111,0.029,-0.134,0.117,BT-Settl
14000,4.5,-0.489,-0.131,-0.139,-0.103,-0.052,-0.026,-0.397,-0.014,-0.031,-0.067,-0.124,0.026,-0.117,0.11,BT-Settl
14500,3.0,-0.602,-0.166,-0.137,-0.102,-0.046,-0.031,-0.41,-0.009,-0.023,-0.046,-0.088,0.032,-0.168,0.129,BT-Settl
14500,3.5,-0.569,-0.158,-0.136,-0.101,-0.048,-0.03,-0.407,-0.011,-0.027,-0.055,-0.101,0.031,-0.155,0.124,BT-Settl
14500,4.0,-0.54,-0.151,-0.14,-0.103,-0.05,-0.03,-0.411,-0.011,-0.027,-0.056,-0.103,0.03,-0.143,0.12,BT-Settl
14500,4.5,-0.523,-0.14,-0.146,-0.107,-0.053,-0.029,-0.419,-0.014,-0.031,-0.063,-0.113,0.028,-0.128,0.115,BT-Settl
15000,3.0,-0.63,-0.175,-0.147,-0.107,-0.049,-0.035,-0.439,-0.012,-0.027,-0.051,-0.093,0.034,-0.177,0.133,BT-Settl
15000,3.5,-0.6,-0.165,-0.145,-0.106,-0.051,-0.034,-0.435,-0.015,-0.032,-0.062,-0.11,0.032,-0.163,0.128,BT-Settl
15000,4.0,-0.564,-0.161,-0.152,-0.11,-0.054,-0.032,-0.439,-0.015,-0.032,-0.063,-0.111,0.031,-0.154,0.125,BT-Settl
15000,4.5,-0.553,-0.149,-0.155,-0.112,-0.057,-0.032,-0.447,-0.017,-0.036,-0.071,-0.122,0.03,-0.138,0.119,BT-Settl
15500,3.0,-0.655,-0.183,-0.158,-0.114,-0.053,-0.038,-0.467,-0.014,-0.029,-0.052,-0.089,0.035,-0.186,0.137,BT-Settl
15500,3.5,-0.623,-0.174,-0.155,-0.112,-0.055,-0.036,-0.46,-0.015,-0.032,-0.061,-0.104,0.034,-0.173,0.132,BT-Settl
15500,4.0,-0.59,-0.169,-0.16,-0.114,-0.057,-0.034,-0.463,-0.016,-0.033,-0.061,-0.101,0.033,-0.163,0.129,BT-Settl
15500,4.5,-0.573,-0.159,-0.166,-0.117,-0.06,-0.033,-0.471,-0.018,-0.037,-0.067,-0.104,0.031,-0.148,0.123,BT-Settl
16000,3.0,-0.682,-0.19,-0.167,-0.119,-0.057,-0.04,-0.492,-0.016,-0.033,-0.057,-0.094,0.037,-0.194,0.141,BT-Settl
16000,3.5,-0.651,-0.18,-0.163,-0.117,-0.058,-0.039,-0.484,-0.018,-0.036,-0.067,-0.112,0.035,-0.18,0.135,BT-Settl
16000,4.0,-0.612,-0.178,-0.17,-0.12,-0.06,-0.037,-0.489,-0.018,-0.036,-0.066,-0.106,0.034,-0.173,0.133,BT-Settl
16000,4.5,-0.603,-0.166,-0.173,-0.121,-0.063,-0.037,-0.496,-0.02,-0.04,-0.074,-0.114,0.032,-0.158,0.127,BT-Settl
16500,3.0,-0.704,-0.198,-0.178,-0.125,-0.062,-0.044,-0.523,-0.02,-0.038,-0.062,-0.095,0.038,-0.203,0.145,BT-Settl
16500,3.5,-0.669,-0.189,-0.175,-0.123,-0.062,-0.041,-0.512,-0.02,-0.039,-0.067,-0.103,0.036,-0.19,0.14,BT-Settl
16500,4.0,-0.633,-0.185,-0.182,-0.127,-0.064,-0.04,-0.517,-0.02,-0.038,-0.063,-0.089,0.035,-0.181,0.136,BT-Settl
16500,4.5,-0.615,-0.176,-0.187,-0.13,-0.067,-0.039,-0.524,-0.021,-0.04,-0.064,-0.077,0.034,-0.167,0.131,BT-Settl
17000,3.0,-0.729,-0.203,-0.188,-0.131,-0.065,-0.046,-0.547,-0.022,-0.042,-0.067,-0.101,0.038,-0.21,0.147,BT-Settl
17000,3.5,-0.696,-0.194,-0.182,-0.127,-0.064,-0.044,-0.533,-0.022,-0.043,-0.073,-0.112,0.037,-0.196,0.142,BT-Settl
17000,4.0,-0.654,-0.193,-0.191,-0.132,-0.067,-0.042,-0.54,-0.022,-0.042,-0.068,-0.095,0.036,-0.189,0.14,BT-Settl
17000,4.5,-0.644,-0.183,-0.193,-0.133,-0.069,-0.042,-0.545,-0.024,-0.044,-0.071,-0.088,0.035,-0.175,0.135,BT-Settl
17500,3.0,-0.75,-0.21,-0.198,-0.136,-0.069,-0.05,-0.576,-0.026,-0.046,-0.07,-0.097,0.04,-0.217,0.15,BT-Settl
17500,3.5,-0.71,-0.204,-0.194,-0.134,-0.069,-0.046,-0.561,-0.024,-0.044,-0.069,-0.091,0.039,-0.205,0.147,BT-Settl
17500,4.0,-0.671,-0.2,-0.202,-0.138,-0.071,-0.044,-0.566,-0.023,-0.042,-0.058,-0.059,0.037,-0.198,0.143,BT-Settl
17500,4.5,-0.652,-0.191,-0.207,-0.14,-0.074,-0.043,-0.573,-0.024,-0.042,-0.05,-0.026,0.035,-0.185,0.138,BT-Settl
18000,3.0,-0.774,-0.215,-0.205,-0.14,-0.073,-0.052,-0.597,-0.028,-0.049,-0.075,-0.102,0.041,-0.223,0.154,BT-Settl
18000,3.5,-0.737,-0.208,-0.199,-0.137,-0.071,-0.048,-0.579,-0.027,-0.048,-0.075,-0.1,0.04,-0.211,0.149,BT-Settl
18000,4.0,-0.692,-0.207,-0.209,-0.142,-0.074,-0.047,-0.587,-0.025,-0.045,-0.063,-0.064,0.039,-0.205,0.147,BT-Settl
18000,4.5,-0.68,-0.198,-0.211,-0.143,-0.076,-0.046,-0.591,-0.026,-0.046,-0.058,-0.036,0.037,-0.192,0.142,BT-Settl
18500,3.0,-0.819,-0.221,-0.217,-0.147,-0.078,-0.058,-0.637,-0.032,-0.056,-0.082,-0.1,0.042,-0.231,0.157,BT-Settl
18500,3.5,-0.751,-0.215,-0.21,-0.143,-0.075,-0.051,-0.606,-0.029,-0.05,-0.066,-0.064,0.04,-0.219,0.152,BT-Settl
18500,4.0,-0.71,-0.213,-0.218,-0.147,-0.078,-0.049,-0.61,-0.026,-0.044,-0.043,-0.001,0.04,-0.211,0.15,BT-Settl
18500,4.5,-0.688,-0.205,-0.224,-0.15,-0.08,-0.047,-0.616,-0.025,-0.041,-0.021,0.061,0.038,-0.199,0.145,BT-Settl
19000,3.0,-0.841,-0.224,-0.223,-0.151,-0.081,-0.059,-0.654,-0.035,-0.06,-0.087,-0.107,0.043,-0.235,0.159,BT-Settl
19000,3.5,-0.777,-0.219,-0.215,-0.146,-0.077,-0.054,-0.623,-0.03,-0.053,-0.072,-0.072,0.041,-0.224,0.155,BT-Settl
19000,4.0,-0.73,-0.219,-0.225,-0.151,-0.08,-0.052,-0.63,-0.028,-0.047,-0.048,-0.008,0.041,-0.218,0.153,BT-Settl
19000,4.5,-0.717,-0.21,-0.228,-0.153,-0.082,-0.05,-0.634,-0.027,-0.044,-0.027,0.052,0.039,-0.206,0.148,BT-Settl
19500,3.0,-0.861,-0.228,-0.232,-0.156,-0.088,-0.065,-0.687,-0.04,-0.063,-0.053,0.017,0.043,-0.24,0.16,BT-Settl
19500,3.5,-0.787,-0.226,-0.227,-0.153,-0.083,-0.056,-0.652,-0.027,-0.039,0.017,0.134,0.042,-0.231,0.158,BT-Settl
19500,4.0,-0.744,-0.224,-0.234,-0.156,-0.083,-0.051,-0.65,-0.018,-0.018,0.092,0.24,0.042,-0.224,0.155,BT-Settl
19500,4.5,-0.72,-0.217,-0.24,-0.159,-0.083,-0.047,-0.65,-0.009,0.002,0.147,0.292,0.039,-0.213,0.15,BT-Settl
20000,3.0,-0.88,-0.23,-0.237,-0.159,-0.09,-0.066,-0.702,-0.042,-0.067,-0.06,0.006,0.043,-0.244,0.162,BT-Settl
20000,3.5,-0.811,-0.229,-0.231,-0.155,-0.084,-0.058,-0.668,-0.029,-0.043,0.009,0.121,0.043,-0.235,0.16,BT-Settl
20000,4.0,-0.763,-0.229,-0.241,-0.16,-0.086,-0.054,-0.67,-0.019,-0.02,0.087,0.234,0.042,-0.231,0.158,BT-Settl
20000,4.5,-0.747,-0.222,-0.244,-0.162,-0.085,-0.05,-0.667,-0.011,-0.002,0.139,0.283,0.04,-0.22,0.153,BT-Settl
21000,3.0,-0.915,-0.236,-0.247,-0.164,-0.095,-0.07,-0.735,-0.037,-0.045,0.061,0.174,0.045,-0.25,0.165,BT-Settl
21000,3.5,-0.845,-0.235,-0.231,-0.153,-0.071,-0.05,-0.649,-0.006,-0.004,0.042,0.047,0.043,-0.244,0.163,BT-Settl
21000,4.0,-0.808,-0.235,-0.233,-0.153,-0.068,-0.045,-0.638,0.003,0.012,0.058,0.055,0.043,-0.239,0.162,BT-Settl
21000,4.5,-0.791,-0.23,-0.237,-0.155,-0.067,-0.045,-0.64,0.007,0.017,0.055,0.042,0.042,-0.23,0.159,BT-Settl
22000,3.0,-0.945,-0.242,-0.254,-0.169,-0.098,-0.074,-0.761,-0.041,-0.053,0.046,0.158,0.046,-0.258,0.169,BT-Settl
22000,3.5,-0.884,-0.241,-0.241,-0.159,-0.076,-0.054,-0.682,-0.01,-0.01,0.032,0.036,0.045,-0.252,0.167,BT-Settl
22000,4.0,-0.843,-0.243,-0.245,-0.16,-0.072,-0.049,-0.671,-0.001,0.007,0.051,0.047,0.044,-0.25,0.166,BT-Settl
22000,4.5,-0.834,-0.238,-0.247,-0.16,-0.071,-0.048,-0.673,0.002,0.01,0.045,0.031,0.043,-0.242,0.164,BT-Settl
23000,3.0,-0.973,-0.244,-0.252,-0.166,-0.086,-0.063,-0.735,-0.027,-0.039,-0.007,0.011,0.046,-0.262,0.171,BT-Settl
23000,3.5,-0.91,-0.249,-0.252,-0.165,-0.08,-0.057,-0.711,-0.014,-0.015,0.026,0.03,0.046,-0.261,0.171,BT-Settl
23000,4.0,-0.875,-0.251,-0.255,-0.165,-0.075,-0.053,-0.701,-0.004,0.002,0.044,0.04,0.046,-0.258,0.17,BT-Settl
23000,4.5,-0.858,-0.248,-0.259,-0.167,-0.075,-0.051,-0.702,0.0,0.008,0.041,0.026,0.045,-0.252,0.168,BT-Settl
24000,3.0,-0.993,-0.25,-0.26,-0.17,-0.088,-0.067,-0.758,-0.03,-0.043,-0.014,0.004,0.047,-0.269,0.174,BT-Settl
24000,3.5,-0.944,-0.254,-0.259,-0.169,-0.084,-0.06,-0.738,-0.019,-0.023,0.016,0.019,0.047,-0.268,0.174,BT-Settl
24000,4.0,-0.908,-0.258,-0.264,-0.171,-0.08,-0.055,-0.728,-0.007,-0.003,0.037,0.032,0.048,-0.266,0.175,BT-Settl
24000,4.5,-0.898,-0.254,-0.267,-0.172,-0.079,-0.055,-0.732,-0.004,0.002,0.033,0.017,0.046,-0.261,0.172,BT-Settl
25000,3.0,-1.016,-0.257,-0.27,-0.177,-0.102,-0.078,-0.808,-0.051,-0.08,-0.107,-0.135,0.048,-0.277,0.177,BT-Settl
25000,3.5,-0.97,-0.262,-0.275,-0.18,-0.104,-0.074,-0.808,-0.045,-0.071,-0.094,-0.123,0.049,-0.276,0.179,BT-Settl
25000,4.0,-0.938,-0.266,-0.285,-0.184,-0.103,-0.072,-0.814,-0.04,-0.063,-0.082,-0.112,0.049,-0.276,0.179,BT-Settl
25000,4.5,-0.917,-0.266,-0.293,-0.189,-0.106,-0.071,-0.824,-0.04,-0.063,-0.087,-0.125,0.048,-0.273,0.178,BT-Settl
26000,3.0,-1.032,-0.262,-0.275,-0.18,-0.105,-0.08,-0.826,-0.053,-0.083,-0.112,-0.141,0.049,-0.283,0.181,BT-Settl
26000,3.5,-0.997,-0.265,-0.28,-0.182,-0.106,-0.077,-0.828,-0.048,-0.075,-0.102,-0.132,0.049,-0.281,0.18,BT-Settl
26000,4.0,-0.966,-0.271,-0.292,-0.188,-0.107,-0.075,-0.838,-0.042,-0.066,-0.088,-0.118,0.05,-0.283,0.182,BT-Settl
26000,4.5,-0.956,-0.27,-0.297,-0.191,-0.109,-0.075,-0.847,-0.043,-0.067,-0.095,-0.134,0.049,-0.279,0.181,BT-Settl
27000,3.0,-1.046,-0.268,-0.281,-0.183,-0.104,-0.082,-0.836,-0.059,-0.097,-0.145,-0.184,0.049,-0.291,0.183,BT-Settl
27000,3.5,-1.014,-0.273,-0.286,-0.185,-0.107,-0.082,-0.845,-0.058,-0.094,-0.137,-0.177,0.051,-0.29,0.185,BT-Settl
27000,4.0,-0.994,-0.277,-0.296,-0.19,-0.109,-0.081,-0.858,-0.055,-0.089,-0.127,-0.165,0.051,-0.291,0.185,BT-Settl
27000,4.5,-0.979,-0.278,-0.304,-0.194,-0.113,-0.081,-0.872,-0.057,-0.091,-0.133,-0.178,0.051,-0.288,0.185,BT-Settl
28000,3.0,-1.057,-0.273,-0.284,-0.185,-0.106,-0.084,-0.848,-0.061,-0.1,-0.149,-0.189,0.05,-0.296,0.186,BT-Settl
28000,3.5,-1.033,-0.276,-0.29,-0.187,-0.109,-0.084,-0.861,-0.06,-0.098,-0.143,-0.183,0.05,-0.295,0.186,BT-Settl
28000,4.0,-1.015,-0.282,-0.301,-0.193,-0.112,-0.083,-0.877,-0.057,-0.092,-0.132,-0.17,0.052,-0.297,0.189,BT-Settl
28000,4.5,-1.009,-0.281,-0.308,-0.196,-0.115,-0.084,-0.892,-0.059,-0.094,-0.139,-0.184,0.051,-0.295,0.188,BT-Settl
29000,3.0,-1.071,-0.276,-0.29,-0.189,-0.109,-0.085,-0.867,-0.064,-0.105,-0.159,-0.202,0.05,-0.3,0.188,BT-Settl
29000,3.5,-1.048,-0.283,-0.301,-0.193,-0.113,-0.087,-0.888,-0.064,-0.103,-0.153,-0.195,0.052,-0.303,0.19,BT-Settl
29000,4.0,-1.035,-0.289,-0.312,-0.199,-0.115,-0.086,-0.904,-0.062,-0.099,-0.143,-0.184,0.053,-0.305,0.192,BT-Settl
29000,4.5,-1.026,-0.291,-0.321,-0.204,-0.12,-0.087,-0.923,-0.063,-0.1,-0.149,-0.197,0.053,-0.305,0.193,BT-Settl
30000,3.0,-1.081,-0.279,-0.291,-0.19,-0.11,-0.087,-0.874,-0.065,-0.106,-0.162,-0.206,0.051,-0.303,0.19,BT-Settl
30000,3.5,-1.063,-0.286,-0.303,-0.195,-0.114,-0.088,-0.898,-0.066,-0.106,-0.158,-0.201,0.052,-0.307,0.192,BT-Settl
30000,4.0,-1.051,-0.294,-0.316,-0.201,-0.117,-0.088,-0.919,-0.064,-0.101,-0.147,-0.188,0.054,-0.311,0.195,BT-Settl
30000,4.5,-1.047,-0.294,-0.325,-0.206,-0.121,-0.089,-0.938,-0.066,-0.104,-0.155,-0.203,0.053,-0.31,0.194,BT-Settl
31000,3.0,-1.089,-0.28,-0.29,-0.19,-0.114,-0.089,-0.884,-0.068,-0.112,-0.173,-0.22,0.051,-0.304,0.19,BT-Settl
31000,3.5,-1.075,-0.29,-0.309,-0.199,-0.119,-0.092,-0.921,-0.07,-0.112,-0.168,-0.214,0.053,-0.311,0.194,BT-Settl
31000,4.0,-1.068,-0.297,-0.322,-0.205,-0.122,-0.092,-0.943,-0.067,-0.107,-0.157,-0.201,0.054,-0.315,0.197,BT-Settl
31000,4.5,-1.065,-0.3,-0.333,-0.211,-0.127,-0.093,-0.966,-0.07,-0.111,-0.166,-0.217,0.055,-0.316,0.198,BT-Settl
32000,3.0,-1.096,-0.281,-0.29,-0.19,-0.114,-0.09,-0.886,-0.069,-0.114,-0.176,-0.224,0.051,-0.306,0.191,BT-Settl
32000,3.5,-1.086,-0.292,-0.31,-0.2,-0.12,-0.093,-0.928,-0.071,-0.115,-0.172,-0.219,0.053,-0.314,0.196,BT-Settl
32000,4.0,-1.081,-0.299,-0.326,-0.208,-0.123,-0.094,-0.955,-0.069,-0.109,-0.161,-0.205,0.054,-0.32,0.198,BT-Settl
32000,4.5,-1.08,-0.304,-0.336,-0.213,-0.128,-0.095,-0.978,-0.071,-0.113,-0.17,-0.222,0.055,-0.321,0.2,BT-Settl
33000,3.0,-1.104,-0.282,-0.287,-0.189,-0.114,-0.09,-0.884,-0.069,-0.113,-0.174,-0.222,0.051,-0.308,0.193,BT-Settl
33000,3.5,-1.096,-0.293,-0.31,-0.2,-0.121,-0.094,-0.933,-0.07,-0.113,-0.17,-0.219,0.052,-0.317,0.196,BT-Settl
33000,4.0,-1.093,-0.3,-0.324,-0.207,-0.123,-0.094,-0.957,-0.069,-0.109,-0.161,-0.209,0.054,-0.322,0.199,BT-Settl
33000,4.5,-1.094,-0.305,-0.337,-0.213,-0.128,-0.097,-0.986,-0.071,-0.112,-0.172,-0.23,0.055,-0.325,0.201,BT-Settl
34000,3.0,-1.108,-0.283,-0.287,-0.189,-0.114,-0.091,-0.886,-0.069,-0.113,-0.175,-0.223,0.051,-0.309,0.193,BT-Settl
34000,3.5,-1.105,-0.294,-0.31,-0.201,-0.121,-0.095,-0.937,-0.071,-0.115,-0.174,-0.223,0.053,-0.319,0.197,BT-Settl
34000,4.0,-1.103,-0.303,-0.325,-0.208,-0.124,-0.096,-0.965,-0.069,-0.11,-0.163,-0.211,0.055,-0.325,0.201,BT-Settl
34000,4.5,-1.106,-0.309,-0.338,-0.214,-0.129,-0.098,-0.994,-0.072,-0.115,-0.175,-0.233,0.056,-0.329,0.204,BT-Settl
35000,3.0,-1.114,-0.285,-0.287,-0.189,-0.112,-0.087,-0.88,-0.063,-0.102,-0.153,-0.198,0.052,-0.311,0.195,BT-Settl
35000,3.5,-1.11,-0.296,-0.306,-0.199,-0.117,-0.091,-0.923,-0.064,-0.102,-0.153,-0.202,0.053,-0.32,0.199,BT-Settl
35000,4.0,-1.112,-0.303,-0.32,-0.205,-0.118,-0.092,-0.947,-0.06,-0.097,-0.146,-0.2,0.054,-0.327,0.202,BT-Settl
35000,4.5,-1.116,-0.309,-0.334,-0.212,-0.123,-0.094,-0.977,-0.064,-0.103,-0.165,-0.236,0.055,-0.332,0.204,BT-Settl
36000,3.0,-1.117,-0.286,-0.288,-0.19,-0.111,-0.088,-0.881,-0.062,-0.101,-0.152,-0.197,0.051,-0.313,0.195,BT-Settl
36000,3.5,-1.117,-0.297,-0.306,-0.199,-0.118,-0.091,-0.927,-0.065,-0.104,-0.156,-0.206,0.053,-0.322,0.2,BT-Settl
36000,4.0,-1.118,-0.305,-0.322,-0.206,-0.119,-0.092,-0.953,-0.062,-0.099,-0.148,-0.202,0.054,-0.329,0.202,BT-Settl
36000,4.5,-1.124,-0.312,-0.334,-0.212,-0.124,-0.095,-0.983,-0.066,-0.106,-0.169,-0.239,0.056,-0.334,0.206,BT-Settl
37000,3.0,-1.121,-0.287,-0.289,-0.19,-0.112,-0.087,-0.882,-0.063,-0.103,-0.157,-0.204,0.051,-0.315,0.196,BT-Settl
37000,3.5,-1.121,-0.298,-0.305,-0.198,-0.118,-0.091,-0.925,-0.065,-0.105,-0.159,-0.211,0.053,-0.324,0.2,BT-Settl
37000,4.0,-1.125,-0.306,-0.318,-0.204,-0.119,-0.092,-0.95,-0.063,-0.101,-0.154,-0.21,0.055,-0.33,0.204,BT-Settl
37000,4.5,-1.132,-0.313,-0.332,-0.211,-0.123,-0.096,-0.983,-0.067,-0.109,-0.176,-0.248,0.056,-0.336,0.207,BT-Settl
38000,3.0,-1.124,-0.288,-0.288,-0.19,-0.111,-0.087,-0.881,-0.063,-0.103,-0.156,-0.203,0.052,-0.315,0.197,BT-Settl
38000,3.5,-1.127,-0.299,-0.306,-0.199,-0.118,-0.093,-0.929,-0.066,-0.107,-0.162,-0.215,0.054,-0.325,0.201,BT-Settl
38000,4.0,-1.131,-0.307,-0.32,-0.205,-0.12,-0.093,-0.956,-0.064,-0.102,-0.155,-0.211,0.054,-0.333,0.204,BT-Settl
38000,4.5,-1.138,-0.314,-0.334,-0.213,-0.124,-0.098,-0.99,-0.068,-0.11,-0.179,-0.251,0.056,-0.338,0.207,BT-Settl
39000,3.0,-1.128,-0.288,-0.286,-0.189,-0.109,-0.086,-0.874,-0.063,-0.105,-0.169,-0.228,0.052,-0.315,0.197,BT-Settl
39000,3.5,-1.13,-0.299,-0.304,-0.198,-0.116,-0.093,-0.924,-0.068,-0.113,-0.182,-0.247,0.053,-0.326,0.201,BT-Settl
39000,4.0,-1.135,-0.307,-0.316,-0.203,-0.119,-0.096,-0.953,-0.069,-0.113,-0.182,-0.249,0.054,-0.333,0.205,BT-Settl
39000,4.5,-1.144,-0.315,-0.33,-0.21,-0.126,-0.1,-0.991,-0.075,-0.124,-0.209,-0.291,0.056,-0.34,0.208,BT-Settl
40000,3.0,-1.13,-0.287,-0.285,-0.188,-0.108,-0.085,-0.87,-0.063,-0.105,-0.168,-0.226,0.052,-0.314,0.197,BT-Settl
40000,3.5,-1.133,-0.301,-0.304,-0.198,-0.117,-0.093,-0.927,-0.07,-0.115,-0.185,-0.251,0.054,-0.327,0.203,BT-Settl
40000,4.0,-1.14,-0.309,-0.317,-0.204,-0.12,-0.096,-0.957,-0.07,-0.114,-0.184,-0.25,0.055,-0.335,0.206,BT-Settl
40000,4.5,-1.149,-0.317,-0.332,-0.212,-0.127,-0.101,-0.996,-0.077,-0.126,-0.212,-0.294,0.056,-0.343,0.21,BT-Settl
41000,3.5,-1.136,-0.302,-0.305,-0.198,-0.117,-0.094,-0.93,-0.069,-0.114,-0.185,-0.25,0.054,-0.328,0.203,BT-Settl
41000,4.0,-1.143,-0.31,-0.318,-0.204,-0.121,-0.096,-0.96,-0.07,-0.115,-0.184,-0.25,0.055,-0.336,0.206,BT-Settl
41000,4.5,-1.152,-0.319,-0.333,-0.213,-0.127,-0.101,-0.999,-0.078,-0.127,-0.212,-0.293,0.056,-0.345,0.211,BT-Settl
42000,3.5,-1.14,-0.303,-0.306,-0.199,-0.118,-0.094,-0.933,-0.07,-0.116,-0.188,-0.254,0.054,-0.33,0.204,BT-Settl
42000,4.0,-1.147,-0.312,-0.32,-0.206,-0.121,-0.097,-0.964,-0.071,-0.116,-0.186,-0.251,0.055,-0.339,0.208,BT-Settl
42000,4.5,-1.157,-0.32,-0.334,-0.213,-0.128,-0.102,-1.005,-0.078,-0.128,-0.214,-0.295,0.056,-0.347,0.212,BT-Settl
43000,3.5,-1.143,-0.303,-0.308,-0.2,-0.118,-0.094,-0.936,-0.071,-0.117,-0.188,-0.253,0.054,-0.331,0.204,BT-Settl
43000,4.0,-1.15,-0.313,-0.32,-0.206,-0.122,-0.097,-0.967,-0.071,-0.116,-0.186,-0.251,0.055,-0.34,0.208,BT-Settl
43000,4.5,-1.16,-0.322,-0.336,-0.215,-0.129,-0.102,-1.008,-0.079,-0.129,-0.214,-0.295,0.057,-0.349,0.213,BT-Settl
44000,3.5,-1.146,-0.304,-0.309,-0.201,-0.119,-0.094,-0.939,-0.071,-0.118,-0.191,-0.257,0.054,-0.332,0.204,BT-Settl
44000,4.0,-1.153,-0.315,-0.321,-0.207,-0.122,-0.098,-0.971,-0.071,-0.117,-0.187,-0.252,0.056,-0.341,0.21,BT-Settl
44000,4.5,-1.163,-0.325,-0.337,-0.216,-0.129,-0.104,-1.013,-0.079,-0.13,-0.216,-0.297,0.058,-0.35,0.214,BT-Settl
45000,3.5,-1.149,-0.305,-0.31,-0.201,-0.119,-0.096,-0.944,-0.071,-0.118,-0.187,-0.249,0.054,-0.333,0.205,BT-Settl
45000,4.0,-1.156,-0.316,-0.323,-0.208,-0.123,-0.098,-0.976,-0.071,-0.116,-0.182,-0.243,0.056,-0.343,0.21,BT-Settl
45000,4.5,-1.167,-0.326,-0.339,-0.217,-0.129,-0.104,-1.018,-0.078,-0.128,-0.209,-0.285,0.058,-0.353,0.215,BT-Settl
46000,3.5,-1.151,-0.305,-0.311,-0.202,-0.12,-0.096,-0.947,-0.072,-0.119,-0.189,-0.252,0.054,-0.334,0.205,BT-Settl
46000,4.0,-1.159,-0.316,-0.325,-0.209,-0.124,-0.098,-0.98,-0.072,-0.117,-0.183,-0.244,0.056,-0.344,0.21,BT-Settl
46000,4.5,-1.17,-0.327,-0.341,-0.218,-0.131,-0.104,-1.023,-0.08,-0.13,-0.212,-0.289,0.058,-0.354,0.216,BT-Settl
47000,3.5,-1.153,-0.306,-0.311,-0.202,-0.119,-0.096,-0.947,-0.072,-0.119,-0.189,-0.252,0.054,-0.334,0.206,BT-Settl
47000,4.0,-1.162,-0.317,-0.325,-0.209,-0.123,-0.098,-0.98,-0.072,-0.117,-0.185,-0.246,0.056,-0.345,0.211,BT-Settl
47000,4.5,-1.173,-0.328,-0.341,-0.217,-0.131,-0.104,-1.025,-0.08,-0.13,-0.213,-0.29,0.058,-0.355,0.216,BT-Settl
48000,3.5,-1.156,-0.306,-0.311,-0.202,-0.12,-0.096,-0.949,-0.073,-0.12,-0.192,-0.255,0.055,-0.334,0.206,BT-Settl
48000,4.0,-1.164,-0.318,-0.326,-0.209,-0.123,-0.099,-0.984,-0.073,-0.118,-0.185,-0.247,0.056,-0.345,0.211,BT-Settl
48000,4.5,-1.176,-0.33,-0.342,-0.218,-0.131,-0.105,-1.029,-0.081,-0.132,-0.215,-0.293,0.058,-0.358,0.217,BT-Settl
49000,3.5,-1.157,-0.307,-0.311,-0.202,-0.12,-0.097,-0.95,-0.072,-0.119,-0.19,-0.252,0.055,-0.334,0.206,BT-Settl
49000,4.0,-1.167,-0.318,-0.326,-0.21,-0.124,-0.099,-0.985,-0.072,-0.118,-0.185,-0.245,0.056,-0.347,0.212,BT-Settl
49000,4.5,-1.178,-0.33,-0.344,-0.219,-0.131,-0.106,-1.032,-0.08,-0.131,-0.213,-0.289,0.058,-0.358,0.217,BT-Settl
50000,3.5,-1.159,-0.307,-0.311,-0.202,-0.12,-0.097,-0.951,-0.073,-0.12,-0.193,-0.256,0.055,-0.335,0.206,BT-Settl
50000,4.0,-1.169,-0.319,-0.327,-0.21,-0.124,-0.099,-0.987,-0.073,-0.119,-0.186,-0.246,0.057,-0.347,0.212,BT-Settl
50000,4.5,-1.181,-0.332,-0.344,-0.219,-0.132,-0.106,-1.035,-0.082,-0.133,-0.216,-0.293,0.059,-0.359,0.219,BT-Settl
3500,3.0,0.979,1.147,2.565,1.513,0.932,0.147,5.18,0.01,0.028,0.16,0.242,-0.204,1.123,-0.041,ATLAS9
3500,3.5,0.926,1.132,2.516,1.48,0.863,0.143,5.0,0.018,0.086,0.206,0.292,-0.206,1.101,-0.045,ATLAS9
3500,4.0,0.918,1.182,2.407,1.393,0.755,0.168,4.71,0.067,0.173,0.287,0.375,-0.21,1.162,-0.064,ATLAS9
3500,4.5,0.935,1.243,2.315,1.308,0.676,0.189,4.482,0.107,0.24,0.352,0.442,-0.213,1.241,-0.076,ATLAS9
3500,5.0,0.977,1.31,2.261,1.244,0.641,0.192,4.349,0.126,0.273,0.388,0.48,-0.219,1.325,-0.082,ATLAS9
3750,3.0,1.301,1.348,1.966,1.06,0.914,0.145,4.254,0.045,-0.024,0.112,0.161,-0.201,1.442,-0.129,ATLAS9
3750,3.5,1.2,1.293,1.994,1.084,0.887,0.136,4.242,0.034,0.002,0.126,0.181,-0.201,1.361,-0.119,ATLAS9
3750,4.0,1.126,1.286,1.982,1.067,0.825,0.142,4.134,0.049,0.058,0.175,0.233,-0.203,1.344,-0.116,ATLAS9
3750,4.5,1.068,1.306,1.942,1.022,0.73,0.167,3.965,0.092,0.137,0.252,0.311,-0.205,1.366,-0.118,ATLAS9
3750,5.0,1.035,1.326,1.915,0.985,0.662,0.185,3.848,0.12,0.193,0.304,0.366,-0.206,1.391,-0.117,ATLAS9
4000,3.0,1.35,1.373,1.572,0.752,0.844,0.128,3.581,0.063,-0.037,0.095,0.115,-0.183,1.541,-0.16,ATLAS9
4000,3.5,1.271,1.331,1.601,0.774,0.84,0.123,3.602,0.054,-0.029,0.096,0.12,-0.186,1.471,-0.151,ATLAS9
4000,4.0,1.209,1.304,1.63,0.793,0.82,0.121,3.602,0.05,-0.01,0.108,0.136,-0.189,1.422,-0.143,ATLAS9
4000,4.5,1.138,1.302,1.645,0.795,0.764,0.13,3.538,0.071,0.043,0.159,0.188,-0.19,1.411,-0.139,ATLAS9
4000,5.0,1.065,1.306,1.646,0.785,0.686,0.152,3.444,0.107,0.111,0.227,0.255,-0.191,1.41,-0.136,ATLAS9
4250,3.0,1.186,1.286,1.332,0.606,0.749,0.109,3.097,0.066,-0.033,0.092,0.092,-0.153,1.486,-0.172,ATLAS9
4250,3.5,1.14,1.257,1.35,0.613,0.755,0.104,3.114,0.062,-0.029,0.091,0.093,-0.156,1.436,-0.163,ATLAS9
4250,4.0,1.116,1.238,1.374,0.622,0.754,0.102,3.134,0.057,-0.026,0.089,0.094,-0.161,1.398,-0.155,ATLAS9
4250,4.5,1.098,1.229,1.402,0.633,0.74,0.103,3.141,0.057,-0.013,0.098,0.104,-0.166,1.375,-0.148,ATLAS9
4250,5.0,1.049,1.232,1.43,0.644,0.694,0.113,3.108,0.077,0.032,0.143,0.147,-0.17,1.366,-0.144,ATLAS9
4500,3.0,0.96,1.181,1.163,0.529,0.655,0.092,2.712,0.063,-0.025,0.091,0.078,-0.129,1.382,-0.179,ATLAS9
4500,3.5,0.926,1.152,1.176,0.531,0.663,0.088,2.727,0.059,-0.023,0.088,0.077,-0.129,1.34,-0.169,ATLAS9
4500,4.0,0.916,1.133,1.193,0.534,0.667,0.086,2.744,0.057,-0.021,0.086,0.076,-0.132,1.309,-0.16,ATLAS9
4500,4.5,0.925,1.123,1.215,0.537,0.668,0.084,2.763,0.054,-0.02,0.084,0.075,-0.136,1.288,-0.152,ATLAS9
4500,5.0,0.938,1.124,1.242,0.543,0.656,0.087,2.773,0.058,-0.009,0.091,0.082,-0.142,1.279,-0.146,ATLAS9
4750,3.0,0.755,1.081,1.032,0.471,0.572,0.078,2.393,0.059,-0.018,0.087,0.067,-0.112,1.268,-0.18,ATLAS9
4750,3.5,0.725,1.056,1.04,0.473,0.58,0.075,2.404,0.055,-0.016,0.083,0.065,-0.111,1.235,-0.171,ATLAS9
4750,4.0,0.717,1.036,1.052,0.475,0.585,0.073,2.417,0.053,-0.014,0.08,0.063,-0.111,1.209,-0.163,ATLAS9
4750,4.5,0.728,1.024,1.068,0.476,0.587,0.072,2.433,0.051,-0.014,0.076,0.06,-0.113,1.191,-0.155,ATLAS9
4750,5.0,0.753,1.019,1.088,0.478,0.587,0.071,2.449,0.05,-0.012,0.074,0.059,-0.116,1.18,-0.148,ATLAS9
5000,3.0,0.57,0.977,0.932,0.426,0.502,0.066,2.127,0.053,-0.011,0.079,0.057,-0.099,1.139,-0.171,ATLAS9
5000,3.5,0.544,0.961,0.934,0.426,0.508,0.063,2.133,0.052,-0.009,0.076,0.055,-0.098,1.12,-0.166,ATLAS9
5000,4.0,0.537,0.948,0.94,0.427,0.513,0.062,2.142,0.049,-0.008,0.071,0.051,-0.097,1.106,-0.16,ATLAS9
5000,4.5,0.548,0.937,0.95,0.428,0.516,0.06,2.152,0.048,-0.007,0.068,0.049,-0.097,1.095,-0.154,ATLAS9
5000,5.0,0.572,0.929,0.965,0.429,0.518,0.06,2.166,0.045,-0.008,0.064,0.045,-0.097,1.087,-0.147,ATLAS9
5250,3.0,0.421,0.872,0.846,0.387,0.44,0.056,1.897,0.048,-0.003,0.07,0.047,-0.088,1.008,-0.157,ATLAS9
5250,3.5,0.394,0.864,0.848,0.388,0.446,0.054,1.903,0.046,-0.002,0.067,0.044,-0.087,1.0,-0.154,ATLAS9
5250,4.0,0.383,0.86,0.851,0.388,0.45,0.053,1.908,0.044,-0.001,0.064,0.041,-0.087,0.996,-0.152,ATLAS9
5250,4.5,0.39,0.856,0.857,0.389,0.453,0.052,1.915,0.043,-0.002,0.06,0.038,-0.086,0.996,-0.148,ATLAS9
5250,5.0,0.411,0.853,0.867,0.389,0.454,0.051,1.924,0.042,-0.002,0.057,0.035,-0.085,0.997,-0.143,ATLAS9
5500,3.0,0.296,0.767,0.768,0.353,0.388,0.047,1.692,0.042,0.007,0.061,0.039,-0.077,0.877,-0.14,ATLAS9
5500,3.5,0.262,0.765,0.771,0.354,0.393,0.045,1.699,0.041,0.006,0.059,0.037,-0.077,0.875,-0.139,ATLAS9
5500,4.0,0.244,0.766,0.773,0.354,0.396,0.044,1.704,0.04,0.005,0.056,0.034,-0.077,0.879,-0.138,ATLAS9
5500,4.5,0.241,0.769,0.777,0.354,0.399,0.043,1.709,0.039,0.004,0.053,0.031,-0.077,0.886,-0.137,ATLAS9
5500,5.0,0.256,0.772,0.784,0.354,0.4,0.042,1.714,0.038,0.004,0.05,0.028,-0.076,0.895,-0.135,ATLAS9
5750,3.0,0.202,0.67,0.694,0.319,0.339,0.04,1.505,0.039,0.018,0.055,0.032,-0.068,0.756,-0.122,ATLAS9
5750,3.5,0.159,0.673,0.698,0.321,0.345,0.038,1.514,0.037,0.015,0.051,0.029,-0.069,0.759,-0.123,ATLAS9
5750,4.0,0.131,0.677,0.703,0.322,0.35,0.036,1.522,0.035,0.013,0.048,0.026,-0.069,0.766,-0.122,ATLAS9
5750,4.5,0.116,0.683,0.708,0.323,0.353,0.035,1.528,0.034,0.011,0.045,0.023,-0.068,0.777,-0.122,ATLAS9
5750,5.0,0.119,0.691,0.712,0.323,0.354,0.035,1.532,0.033,0.009,0.042,0.019,-0.068,0.791,-0.123,ATLAS9
6000,3.0,0.148,0.58,0.624,0.286,0.295,0.035,1.334,0.037,0.027,0.05,0.026,-0.059,0.649,-0.104,ATLAS9
6000,3.5,0.097,0.586,0.631,0.289,0.302,0.033,1.347,0.034,0.022,0.045,0.022,-0.06,0.656,-0.105,ATLAS9
6000,4.0,0.056,0.594,0.638,0.292,0.307,0.031,1.357,0.032,0.019,0.042,0.019,-0.061,0.665,-0.106,ATLAS9
6000,4.5,0.028,0.603,0.643,0.294,0.311,0.029,1.364,0.031,0.017,0.039,0.016,-0.061,0.678,-0.107,ATLAS9
6000,5.0,0.016,0.613,0.649,0.295,0.313,0.028,1.37,0.03,0.014,0.036,0.012,-0.061,0.693,-0.108,ATLAS9
6250,3.0,0.126,0.497,0.553,0.252,0.254,0.032,1.174,0.034,0.033,0.046,0.022,-0.052,0.553,-0.087,ATLAS9
6250,3.5,0.065,0.507,0.564,0.258,0.262,0.029,1.19,0.032,0.029,0.042,0.018,-0.053,0.563,-0.088,ATLAS9
6250,4.0,0.011,0.518,0.574,0.262,0.269,0.026,1.204,0.03,0.025,0.038,0.015,-0.054,0.575,-0.09,ATLAS9
6250,4.5,-0.03,0.53,0.582,0.265,0.274,0.024,1.215,0.028,0.021,0.035,0.011,-0.055,0.588,-0.092,ATLAS9
6250,5.0,-0.057,0.541,0.59,0.268,0.278,0.022,1.223,0.027,0.019,0.031,0.007,-0.055,0.604,-0.093,ATLAS9
6500,3.0,0.124,0.424,0.487,0.221,0.217,0.028,1.023,0.034,0.037,0.044,0.02,-0.044,0.472,-0.07,ATLAS9
6500,3.5,0.055,0.437,0.501,0.227,0.225,0.026,1.044,0.03,0.032,0.039,0.014,-0.046,0.483,-0.072,ATLAS9
6500,4.0,-0.009,0.45,0.514,0.234,0.233,0.023,1.062,0.028,0.027,0.034,0.01,-0.047,0.497,-0.075,ATLAS9
6500,4.5,-0.064,0.464,0.525,0.239,0.24,0.019,1.076,0.026,0.024,0.031,0.006,-0.049,0.511,-0.078,ATLAS9
6500,5.0,-0.106,0.477,0.535,0.243,0.245,0.017,1.088,0.024,0.021,0.027,0.002,-0.049,0.527,-0.08,ATLAS9
6750,3.0,0.134,0.361,0.421,0.189,0.182,0.026,0.88,0.033,0.038,0.042,0.017,-0.037,0.404,-0.055,ATLAS9
6750,3.5,0.063,0.375,0.439,0.197,0.191,0.023,0.905,0.029,0.033,0.037,0.011,-0.039,0.418,-0.058,ATLAS9
6750,4.0,-0.009,0.391,0.455,0.205,0.199,0.02,0.927,0.026,0.028,0.031,0.006,-0.042,0.431,-0.062,ATLAS9
6750,4.5,-0.076,0.406,0.469,0.212,0.207,0.017,0.946,0.024,0.024,0.027,0.002,-0.043,0.446,-0.064,ATLAS9
6750,5.0,-0.133,0.42,0.482,0.218,0.214,0.014,0.962,0.022,0.021,0.023,-0.002,-0.044,0.461,-0.067,ATLAS9
7000,3.0,0.152,0.303,0.356,0.156,0.15,0.024,0.745,0.032,0.038,0.042,0.015,-0.03,0.345,-0.04,ATLAS9
7000,3.5,0.081,0.321,0.377,0.166,0.158,0.022,0.773,0.028,0.032,0.034,0.008,-0.033,0.362,-0.045,ATLAS9
7000,4.0,0.004,0.339,0.397,0.177,0.167,0.019,0.799,0.024,0.027,0.029,0.002,-0.036,0.377,-0.049,ATLAS9
7000,4.5,-0.07,0.355,0.415,0.186,0.177,0.014,0.822,0.022,0.024,0.025,-0.002,-0.038,0.392,-0.053,ATLAS9
7000,5.0,-0.139,0.37,0.431,0.193,0.185,0.01,0.842,0.021,0.02,0.021,-0.006,-0.04,0.406,-0.055,ATLAS9
7250,3.0,0.173,0.248,0.293,0.125,0.121,0.022,0.617,0.033,0.038,0.041,0.014,-0.023,0.29,-0.026,ATLAS9
7250,3.5,0.102,0.273,0.316,0.136,0.129,0.02,0.647,0.027,0.031,0.033,0.006,-0.027,0.313,-0.033,ATLAS9
7250,4.0,0.025,0.293,0.339,0.147,0.138,0.017,0.676,0.024,0.026,0.027,0.0,-0.031,0.33,-0.038,ATLAS9
7250,4.5,-0.055,0.312,0.361,0.159,0.149,0.012,0.703,0.021,0.023,0.022,-0.005,-0.033,0.347,-0.042,ATLAS9
7250,5.0,-0.133,0.329,0.379,0.168,0.158,0.008,0.727,0.019,0.019,0.017,-0.01,-0.036,0.362,-0.046,ATLAS9
7500,3.0,0.195,0.191,0.232,0.096,0.097,0.02,0.5,0.032,0.037,0.04,0.012,-0.017,0.231,-0.01,ATLAS9
7500,3.5,0.124,0.227,0.256,0.107,0.103,0.019,0.528,0.027,0.031,0.032,0.003,-0.023,0.265,-0.022,ATLAS9
7500,4.0,0.048,0.252,0.283,0.12,0.111,0.016,0.559,0.023,0.026,0.026,-0.003,-0.026,0.289,-0.028,ATLAS9
7500,4.5,-0.034,0.274,0.306,0.132,0.121,0.012,0.589,0.02,0.021,0.019,-0.009,-0.03,0.309,-0.034,ATLAS9
7500,5.0,-0.118,0.293,0.329,0.143,0.132,0.007,0.617,0.017,0.017,0.015,-0.014,-0.033,0.324,-0.038,ATLAS9
7750,3.0,0.211,0.133,0.176,0.07,0.076,0.018,0.393,0.032,0.037,0.04,0.011,-0.01,0.173,0.007,ATLAS9
7750,3.5,0.147,0.178,0.2,0.08,0.08,0.017,0.418,0.027,0.031,0.032,0.002,-0.017,0.217,-0.008,ATLAS9
7750,4.0,0.071,0.213,0.227,0.092,0.087,0.014,0.448,0.023,0.025,0.025,-0.005,-0.022,0.251,-0.019,ATLAS9
7750,4.5,-0.011,0.238,0.254,0.105,0.096,0.011,0.481,0.019,0.02,0.018,-0.011,-0.025,0.274,-0.025,ATLAS9
7750,5.0,-0.098,0.26,0.28,0.119,0.107,0.006,0.512,0.016,0.016,0.013,-0.017,-0.028,0.293,-0.03,ATLAS9
8000,3.0,0.203,0.09,0.129,0.047,0.059,0.016,0.3,0.03,0.035,0.036,0.006,-0.005,0.128,0.021,ATLAS9
8000,3.5,0.163,0.127,0.149,0.055,0.062,0.015,0.322,0.027,0.03,0.031,0.0,-0.01,0.167,0.008,ATLAS9
8000,4.0,0.093,0.171,0.175,0.066,0.066,0.014,0.348,0.022,0.024,0.023,-0.008,-0.016,0.211,-0.007,ATLAS9
8000,4.5,0.011,0.205,0.203,0.08,0.074,0.01,0.379,0.018,0.018,0.016,-0.014,-0.022,0.241,-0.017,ATLAS9
8000,5.0,-0.076,0.231,0.23,0.094,0.084,0.005,0.41,0.016,0.015,0.011,-0.019,-0.026,0.264,-0.024,ATLAS9
8250,3.0,0.183,0.053,0.089,0.027,0.044,0.013,0.218,0.029,0.033,0.033,0.002,0.0,0.09,0.033,ATLAS9
8250,3.5,0.161,0.086,0.106,0.035,0.046,0.014,0.237,0.025,0.028,0.027,-0.004,-0.005,0.126,0.021,ATLAS9
8250,4.0,0.109,0.128,0.127,0.044,0.049,0.012,0.258,0.022,0.023,0.022,-0.009,-0.012,0.167,0.007,ATLAS9
8250,4.5,0.03,0.171,0.154,0.056,0.054,0.01,0.285,0.018,0.017,0.015,-0.017,-0.017,0.209,-0.007,ATLAS9
8250,5.0,-0.055,0.202,0.183,0.07,0.064,0.004,0.316,0.015,0.013,0.01,-0.022,-0.022,0.237,-0.017,ATLAS9
8500,3.0,0.15,0.02,0.057,0.011,0.032,0.01,0.149,0.028,0.032,0.031,0.0,0.005,0.055,0.045,ATLAS9
8500,3.5,0.141,0.053,0.07,0.017,0.032,0.012,0.163,0.025,0.027,0.025,-0.007,0.0,0.092,0.032,ATLAS9
8500,4.0,0.109,0.09,0.087,0.025,0.035,0.012,0.181,0.021,0.022,0.02,-0.013,-0.007,0.129,0.019,ATLAS9
8500,4.5,0.046,0.135,0.109,0.034,0.038,0.009,0.201,0.018,0.018,0.014,-0.018,-0.014,0.173,0.003,ATLAS9
8500,5.0,-0.037,0.174,0.138,0.048,0.046,0.004,0.229,0.014,0.012,0.008,-0.025,-0.019,0.211,-0.009,ATLAS9
8750,3.0,0.109,-0.007,0.031,-0.002,0.024,0.006,0.091,0.026,0.03,0.029,-0.003,0.009,0.025,0.054,ATLAS9
8750,3.5,0.112,0.024,0.04,0.002,0.022,0.009,0.1,0.024,0.026,0.024,-0.009,0.003,0.06,0.042,ATLAS9
8750,4.0,0.094,0.06,0.053,0.008,0.023,0.009,0.112,0.022,0.022,0.019,-0.014,-0.003,0.099,0.028,ATLAS9
8750,4.5,0.05,0.1,0.072,0.017,0.027,0.008,0.131,0.018,0.017,0.013,-0.02,-0.009,0.139,0.015,ATLAS9
8750,5.0,-0.024,0.145,0.096,0.027,0.031,0.004,0.151,0.014,0.012,0.007,-0.027,-0.016,0.182,-0.001,ATLAS9
9000,3.0,0.067,-0.028,0.011,-0.012,0.017,0.003,0.042,0.024,0.027,0.025,-0.007,0.012,0.002,0.062,ATLAS9
9000,3.5,0.078,-0.001,0.017,-0.01,0.015,0.005,0.048,0.023,0.024,0.022,-0.011,0.007,0.033,0.051,ATLAS9
9000,4.0,0.07,0.033,0.026,-0.006,0.014,0.007,0.056,0.021,0.021,0.018,-0.015,0.001,0.07,0.038,ATLAS9
9000,4.5,0.039,0.071,0.041,0.002,0.016,0.006,0.069,0.018,0.017,0.013,-0.021,-0.005,0.11,0.024,ATLAS9
9000,5.0,-0.018,0.114,0.061,0.011,0.019,0.004,0.086,0.014,0.012,0.007,-0.027,-0.012,0.152,0.009,ATLAS9
9250,3.0,0.025,-0.045,-0.005,-0.021,0.011,-0.001,-0.001,0.022,0.023,0.02,-0.013,0.014,-0.019,0.069,ATLAS9
9250,3.5,0.042,-0.022,-0.002,-0.02,0.009,0.002,0.003,0.021,0.021,0.018,-0.015,0.01,0.01,0.059,ATLAS9
9250,4.0,0.041,0.01,0.005,-0.016,0.007,0.005,0.009,0.019,0.018,0.015,-0.019,0.004,0.045,0.046,ATLAS9
9250,4.5,0.02,0.047,0.016,-0.011,0.007,0.005,0.018,0.016,0.015,0.011,-0.023,-0.002,0.084,0.033,ATLAS9
9250,5.0,-0.024,0.088,0.031,-0.004,0.01,0.003,0.03,0.014,0.012,0.007,-0.028,-0.009,0.125,0.018,ATLAS9
9500,3.0,-0.017,-0.06,-0.017,-0.028,0.007,-0.005,-0.038,0.019,0.019,0.014,-0.02,0.017,-0.035,0.076,ATLAS9
9500,3.5,0.005,-0.04,-0.017,-0.028,0.003,-0.001,-0.036,0.018,0.018,0.013,-0.021,0.013,-0.01,0.067,ATLAS9
9500,4.0,0.011,-0.011,-0.013,-0.027,0.002,0.001,-0.032,0.017,0.016,0.011,-0.023,0.008,0.024,0.055,ATLAS9
9500,4.5,-0.002,0.025,-0.005,-0.022,0.001,0.002,-0.027,0.016,0.014,0.009,-0.025,0.001,0.062,0.04,ATLAS9
9500,5.0,-0.037,0.066,0.008,-0.015,0.003,0.001,-0.018,0.013,0.011,0.005,-0.029,-0.006,0.103,0.025,ATLAS9
9750,3.0,-0.059,-0.071,-0.028,-0.034,0.002,-0.008,-0.072,0.016,0.015,0.008,-0.027,0.018,-0.049,0.081,ATLAS9
9750,3.5,-0.033,-0.054,-0.03,-0.035,-0.001,-0.005,-0.072,0.016,0.014,0.008,-0.027,0.015,-0.027,0.072,ATLAS9
9750,4.0,-0.022,-0.027,-0.028,-0.034,-0.004,-0.001,-0.069,0.015,0.012,0.006,-0.028,0.01,0.004,0.061,ATLAS9
9750,4.5,-0.028,0.006,-0.021,-0.031,-0.004,-0.001,-0.065,0.014,0.011,0.006,-0.029,0.004,0.041,0.048,ATLAS9
9750,5.0,-0.056,0.046,-0.012,-0.025,-0.003,-0.001,-0.059,0.012,0.009,0.002,-0.033,-0.003,0.082,0.032,ATLAS9
10000,3.0,-0.101,-0.08,-0.037,-0.039,-0.001,-0.012,-0.103,0.013,0.01,0.001,-0.034,0.019,-0.06,0.084,ATLAS9
10000,3.5,-0.071,-0.066,-0.041,-0.041,-0.005,-0.008,-0.104,0.013,0.01,0.002,-0.033,0.016,-0.042,0.078,ATLAS9
10000,4.0,-0.055,-0.043,-0.04,-0.041,-0.008,-0.005,-0.102,0.013,0.009,0.002,-0.034,0.012,-0.013,0.068,ATLAS9
10000,4.5,-0.056,-0.011,-0.036,-0.039,-0.009,-0.003,-0.099,0.011,0.008,0.001,-0.035,0.007,0.023,0.054,ATLAS9
10000,5.0,-0.076,0.027,-0.029,-0.034,-0.009,-0.003,-0.096,0.011,0.007,0.0,-0.036,0.0,0.063,0.039,ATLAS9
10250,3.0,-0.143,-0.088,-0.044,-0.044,-0.006,-0.015,-0.131,0.011,0.007,-0.004,-0.041,0.021,-0.07,0.089,ATLAS9
10250,3.5,-0.11,-0.076,-0.05,-0.047,-0.009,-0.011,-0.133,0.011,0.007,-0.003,-0.04,0.018,-0.054,0.082,ATLAS9
10250,4.0,-0.09,-0.056,-0.05,-0.047,-0.012,-0.008,-0.132,0.011,0.006,-0.003,-0.039,0.015,-0.028,0.074,ATLAS9
10250,4.5,-0.085,-0.027,-0.048,-0.045,-0.014,-0.005,-0.13,0.009,0.005,-0.004,-0.041,0.009,0.005,0.061,ATLAS9
10250,5.0,-0.099,0.009,-0.042,-0.041,-0.013,-0.006,-0.128,0.009,0.004,-0.004,-0.041,0.003,0.044,0.046,ATLAS9
10500,3.0,-0.183,-0.094,-0.051,-0.048,-0.008,-0.018,-0.157,0.008,0.003,-0.01,-0.048,0.022,-0.078,0.092,ATLAS9
10500,3.5,-0.147,-0.086,-0.057,-0.051,-0.012,-0.014,-0.159,0.008,0.003,-0.009,-0.046,0.02,-0.064,0.087,ATLAS9
10500,4.0,-0.125,-0.067,-0.059,-0.052,-0.016,-0.011,-0.16,0.009,0.003,-0.008,-0.045,0.017,-0.04,0.078,ATLAS9
10500,4.5,-0.116,-0.041,-0.058,-0.051,-0.017,-0.009,-0.159,0.008,0.002,-0.008,-0.045,0.012,-0.01,0.067,ATLAS9
10500,5.0,-0.124,-0.005,-0.055,-0.048,-0.018,-0.008,-0.158,0.007,0.001,-0.009,-0.046,0.005,0.028,0.052,ATLAS9
10750,3.0,-0.222,-0.1,-0.057,-0.052,-0.012,-0.02,-0.181,0.006,0.0,-0.015,-0.054,0.023,-0.085,0.095,ATLAS9
10750,3.5,-0.184,-0.093,-0.064,-0.055,-0.016,-0.017,-0.185,0.006,0.0,-0.014,-0.052,0.021,-0.073,0.09,ATLAS9
10750,4.0,-0.16,-0.076,-0.068,-0.057,-0.019,-0.014,-0.186,0.006,0.0,-0.013,-0.05,0.018,-0.052,0.082,ATLAS9
10750,4.5,-0.148,-0.052,-0.067,-0.056,-0.021,-0.011,-0.185,0.006,-0.001,-0.013,-0.051,0.014,-0.023,0.072,ATLAS9
10750,5.0,-0.15,-0.02,-0.065,-0.054,-0.021,-0.01,-0.184,0.005,-0.002,-0.013,-0.052,0.007,0.012,0.058,ATLAS9
11000,3.0,-0.26,-0.105,-0.063,-0.056,-0.015,-0.022,-0.203,0.004,-0.004,-0.02,-0.06,0.023,-0.093,0.098,ATLAS9
11000,3.5,-0.221,-0.1,-0.07,-0.06,-0.019,-0.019,-0.207,0.004,-0.004,-0.019,-0.058,0.023,-0.081,0.094,ATLAS9
11000,4.0,-0.194,-0.084,-0.075,-0.061,-0.021,-0.017,-0.21,0.004,-0.003,-0.017,-0.056,0.019,-0.062,0.086,ATLAS9
11000,4.5,-0.179,-0.063,-0.076,-0.062,-0.023,-0.014,-0.209,0.003,-0.004,-0.018,-0.056,0.015,-0.035,0.076,ATLAS9
11000,5.0,-0.178,-0.033,-0.073,-0.059,-0.024,-0.013,-0.209,0.003,-0.004,-0.017,-0.056,0.01,-0.002,0.064,ATLAS9
11250,3.0,-0.296,-0.111,-0.067,-0.059,-0.018,-0.024,-0.223,0.002,-0.006,-0.024,-0.066,0.025,-0.099,0.101,ATLAS9
11250,3.5,-0.256,-0.105,-0.076,-0.063,-0.021,-0.022,-0.229,0.002,-0.007,-0.024,-0.064,0.023,-0.089,0.097,ATLAS9
11250,4.0,-0.227,-0.092,-0.081,-0.065,-0.024,-0.019,-0.232,0.002,-0.007,-0.022,-0.062,0.02,-0.071,0.09,ATLAS9
11250,4.5,-0.211,-0.072,-0.082,-0.065,-0.026,-0.017,-0.232,0.002,-0.007,-0.022,-0.061,0.017,-0.046,0.081,ATLAS9
11250,5.0,-0.207,-0.043,-0.082,-0.064,-0.027,-0.016,-0.233,0.002,-0.007,-0.021,-0.061,0.011,-0.015,0.068,ATLAS9
11500,3.0,-0.329,-0.116,-0.072,-0.062,-0.021,-0.026,-0.243,0.001,-0.008,-0.028,-0.071,0.026,-0.105,0.104,ATLAS9
11500,3.5,-0.29,-0.11,-0.082,-0.067,-0.024,-0.023,-0.249,0.0,-0.01,-0.028,-0.07,0.024,-0.095,0.099,ATLAS9
11500,4.0,-0.261,-0.098,-0.087,-0.069,-0.027,-0.021,-0.252,0.0,-0.01,-0.027,-0.067,0.022,-0.078,0.093,ATLAS9
11500,4.5,-0.242,-0.08,-0.089,-0.069,-0.028,-0.02,-0.254,0.0,-0.009,-0.025,-0.065,0.018,-0.055,0.084,ATLAS9
11500,5.0,-0.236,-0.053,-0.089,-0.068,-0.03,-0.018,-0.255,0.0,-0.009,-0.025,-0.065,0.013,-0.026,0.073,ATLAS9
11750,3.0,-0.361,-0.121,-0.077,-0.066,-0.024,-0.027,-0.261,-0.001,-0.011,-0.032,-0.076,0.027,-0.111,0.106,ATLAS9
11750,3.5,-0.323,-0.115,-0.086,-0.069,-0.027,-0.025,-0.268,-0.002,-0.012,-0.032,-0.075,0.025,-0.101,0.102,ATLAS9
11750,4.0,-0.293,-0.104,-0.092,-0.072,-0.029,-0.024,-0.272,-0.002,-0.012,-0.03,-0.072,0.022,-0.086,0.096,ATLAS9
11750,4.5,-0.273,-0.087,-0.095,-0.073,-0.031,-0.021,-0.273,-0.002,-0.013,-0.03,-0.071,0.019,-0.064,0.088,ATLAS9
11750,5.0,-0.264,-0.063,-0.095,-0.072,-0.032,-0.021,-0.275,-0.002,-0.012,-0.029,-0.069,0.015,-0.036,0.077,ATLAS9
12000,3.0,-0.392,-0.124,-0.082,-0.068,-0.025,-0.03,-0.28,-0.002,-0.013,-0.035,-0.08,0.027,-0.116,0.108,ATLAS9
12000,3.5,-0.354,-0.12,-0.091,-0.073,-0.028,-0.028,-0.286,-0.003,-0.014,-0.035,-0.079,0.026,-0.107,0.105,ATLAS9
12000,4.0,-0.323,-0.11,-0.097,-0.075,-0.031,-0.026,-0.29,-0.003,-0.014,-0.034,-0.077,0.023,-0.093,0.099,ATLAS9
12000,4.5,-0.303,-0.093,-0.1,-0.076,-0.034,-0.023,-0.292,-0.004,-0.015,-0.034,-0.075,0.02,-0.072,0.091,ATLAS9
12000,5.0,-0.293,-0.071,-0.101,-0.075,-0.034,-0.022,-0.293,-0.004,-0.015,-0.033,-0.075,0.016,-0.046,0.081,ATLAS9
12250,3.0,-0.42,-0.129,-0.087,-0.072,-0.028,-0.031,-0.296,-0.004,-0.015,-0.039,-0.084,0.028,-0.122,0.111,ATLAS9
12250,3.5,-0.382,-0.125,-0.096,-0.076,-0.031,-0.029,-0.303,-0.005,-0.016,-0.039,-0.083,0.026,-0.114,0.107,ATLAS9
12250,4.0,-0.353,-0.114,-0.102,-0.078,-0.033,-0.027,-0.307,-0.005,-0.017,-0.039,-0.082,0.024,-0.099,0.101,ATLAS9
12250,4.5,-0.333,-0.099,-0.105,-0.079,-0.035,-0.025,-0.309,-0.006,-0.017,-0.038,-0.08,0.022,-0.079,0.094,ATLAS9
12250,5.0,-0.321,-0.078,-0.106,-0.078,-0.036,-0.025,-0.312,-0.005,-0.017,-0.036,-0.078,0.017,-0.055,0.084,ATLAS9
12500,3.0,-0.447,-0.132,-0.092,-0.074,-0.03,-0.032,-0.313,-0.005,-0.017,-0.042,-0.088,0.028,-0.127,0.112,ATLAS9
12500,3.5,-0.41,-0.129,-0.1,-0.078,-0.033,-0.031,-0.319,-0.006,-0.019,-0.042,-0.088,0.027,-0.119,0.11,ATLAS9
12500,4.0,-0.381,-0.119,-0.106,-0.081,-0.036,-0.029,-0.324,-0.006,-0.019,-0.041,-0.086,0.025,-0.105,0.104,ATLAS9
12500,4.5,-0.36,-0.105,-0.109,-0.082,-0.038,-0.027,-0.326,-0.007,-0.019,-0.041,-0.084,0.023,-0.085,0.097,ATLAS9
12500,5.0,-0.348,-0.084,-0.112,-0.082,-0.039,-0.026,-0.329,-0.007,-0.019,-0.04,-0.083,0.018,-0.062,0.087,ATLAS9
12750,3.0,-0.471,-0.137,-0.096,-0.077,-0.032,-0.033,-0.328,-0.007,-0.019,-0.045,-0.092,0.029,-0.133,0.115,ATLAS9
12750,3.5,-0.434,-0.134,-0.105,-0.081,-0.035,-0.032,-0.335,-0.007,-0.02,-0.045,-0.092,0.028,-0.124,0.112,ATLAS9
12750,4.0,-0.407,-0.124,-0.111,-0.084,-0.038,-0.03,-0.339,-0.008,-0.021,-0.045,-0.091,0.026,-0.11,0.106,ATLAS9
12750,4.5,-0.387,-0.11,-0.114,-0.085,-0.039,-0.029,-0.342,-0.008,-0.021,-0.044,-0.089,0.023,-0.092,0.099,ATLAS9
12750,5.0,-0.375,-0.09,-0.116,-0.085,-0.041,-0.028,-0.345,-0.008,-0.021,-0.043,-0.087,0.02,-0.069,0.091,ATLAS9
13000,3.0,-0.494,-0.141,-0.101,-0.079,-0.034,-0.035,-0.344,-0.008,-0.021,-0.048,-0.096,0.029,-0.138,0.117,ATLAS9
13000,3.5,-0.459,-0.137,-0.11,-0.084,-0.037,-0.034,-0.351,-0.008,-0.022,-0.048,-0.095,0.028,-0.13,0.114,ATLAS9
13000,4.0,-0.432,-0.129,-0.114,-0.086,-0.039,-0.032,-0.354,-0.009,-0.023,-0.048,-0.094,0.027,-0.116,0.109,ATLAS9
13000,4.5,-0.412,-0.114,-0.119,-0.087,-0.041,-0.031,-0.358,-0.009,-0.023,-0.047,-0.092,0.024,-0.098,0.101,ATLAS9
13000,5.0,-0.4,-0.096,-0.12,-0.087,-0.042,-0.03,-0.36,-0.009,-0.023,-0.046,-0.091,0.021,-0.076,0.094,ATLAS9
14000,3.0,-0.575,-0.156,-0.12,-0.091,-0.041,-0.04,-0.401,-0.013,-0.029,-0.061,-0.111,0.031,-0.156,0.124,ATLAS9
14000,3.5,-0.542,-0.153,-0.127,-0.094,-0.044,-0.039,-0.407,-0.013,-0.03,-0.061,-0.11,0.031,-0.148,0.122,ATLAS9
14000,4.0,-0.518,-0.145,-0.131,-0.096,-0.046,-0.038,-0.41,-0.014,-0.03,-0.06,-0.109,0.029,-0.137,0.118,ATLAS9
14000,4.5,-0.502,-0.131,-0.135,-0.097,-0.048,-0.036,-0.413,-0.015,-0.031,-0.06,-0.108,0.026,-0.12,0.111,ATLAS9
14000,5.0,-0.49,-0.115,-0.137,-0.098,-0.049,-0.036,-0.416,-0.014,-0.031,-0.059,-0.106,0.024,-0.1,0.103,ATLAS9
15000,3.0,-0.642,-0.17,-0.137,-0.1,-0.048,-0.045,-0.453,-0.017,-0.036,-0.072,-0.123,0.034,-0.172,0.132,ATLAS9
15000,3.5,-0.61,-0.168,-0.143,-0.103,-0.051,-0.044,-0.457,-0.018,-0.037,-0.072,-0.123,0.033,-0.167,0.13,ATLAS9
15000,4.0,-0.589,-0.159,-0.147,-0.105,-0.052,-0.042,-0.459,-0.019,-0.038,-0.072,-0.123,0.031,-0.155,0.125,ATLAS9
15000,4.5,-0.574,-0.147,-0.15,-0.106,-0.054,-0.042,-0.462,-0.019,-0.037,-0.071,-0.122,0.029,-0.139,0.119,ATLAS9
15000,5.0,-0.565,-0.131,-0.152,-0.106,-0.055,-0.041,-0.465,-0.019,-0.038,-0.071,-0.121,0.026,-0.12,0.111,ATLAS9
16000,3.0,-0.702,-0.182,-0.154,-0.11,-0.054,-0.05,-0.501,-0.022,-0.043,-0.083,-0.136,0.036,-0.187,0.138,ATLAS9
16000,3.5,-0.668,-0.181,-0.159,-0.112,-0.057,-0.048,-0.503,-0.023,-0.044,-0.083,-0.136,0.036,-0.182,0.137,ATLAS9
16000,4.0,-0.647,-0.174,-0.162,-0.113,-0.058,-0.048,-0.505,-0.022,-0.043,-0.082,-0.135,0.034,-0.171,0.132,ATLAS9
16000,4.5,-0.634,-0.161,-0.164,-0.114,-0.059,-0.046,-0.506,-0.023,-0.044,-0.081,-0.134,0.031,-0.156,0.126,ATLAS9
16000,5.0,-0.627,-0.146,-0.165,-0.114,-0.06,-0.046,-0.508,-0.023,-0.044,-0.081,-0.133,0.029,-0.138,0.119,ATLAS9
17000,3.0,-0.756,-0.193,-0.169,-0.118,-0.061,-0.054,-0.546,-0.027,-0.05,-0.094,-0.149,0.037,-0.202,0.144,ATLAS9
17000,3.5,-0.72,-0.193,-0.174,-0.121,-0.062,-0.053,-0.547,-0.026,-0.049,-0.092,-0.147,0.037,-0.197,0.143,ATLAS9
17000,4.0,-0.698,-0.187,-0.177,-0.122,-0.063,-0.052,-0.547,-0.027,-0.05,-0.092,-0.146,0.036,-0.186,0.139,ATLAS9
17000,4.5,-0.686,-0.174,-0.178,-0.122,-0.064,-0.051,-0.547,-0.027,-0.05,-0.091,-0.146,0.034,-0.171,0.133,ATLAS9
17000,5.0,-0.68,-0.16,-0.179,-0.122,-0.065,-0.05,-0.548,-0.027,-0.05,-0.09,-0.145,0.031,-0.155,0.126,ATLAS9
18000,3.0,-0.805,-0.204,-0.184,-0.128,-0.066,-0.059,-0.588,-0.031,-0.057,-0.105,-0.162,0.04,-0.214,0.15,ATLAS9
18000,3.5,-0.766,-0.204,-0.189,-0.129,-0.067,-0.057,-0.587,-0.031,-0.056,-0.103,-0.16,0.039,-0.21,0.148,ATLAS9
18000,4.0,-0.744,-0.198,-0.191,-0.129,-0.068,-0.056,-0.587,-0.031,-0.056,-0.101,-0.158,0.038,-0.2,0.145,ATLAS9
18000,4.5,-0.731,-0.187,-0.191,-0.129,-0.069,-0.055,-0.585,-0.031,-0.056,-0.1,-0.156,0.036,-0.186,0.14,ATLAS9
18000,5.0,-0.725,-0.173,-0.191,-0.129,-0.069,-0.055,-0.585,-0.03,-0.055,-0.099,-0.155,0.033,-0.17,0.133,ATLAS9
19000,3.0,-0.852,-0.212,-0.197,-0.135,-0.072,-0.063,-0.628,-0.036,-0.065,-0.118,-0.178,0.041,-0.224,0.155,ATLAS9
19000,3.5,-0.811,-0.213,-0.202,-0.136,-0.073,-0.061,-0.626,-0.035,-0.063,-0.113,-0.172,0.04,-0.222,0.153,ATLAS9
19000,4.0,-0.786,-0.209,-0.204,-0.137,-0.073,-0.059,-0.624,-0.035,-0.062,-0.112,-0.17,0.039,-0.214,0.15,ATLAS9
19000,4.5,-0.772,-0.199,-0.204,-0.137,-0.074,-0.059,-0.622,-0.034,-0.061,-0.109,-0.167,0.038,-0.2,0.146,ATLAS9
19000,5.0,-0.767,-0.184,-0.203,-0.135,-0.074,-0.058,-0.62,-0.034,-0.061,-0.109,-0.166,0.035,-0.184,0.139,ATLAS9
20000,3.0,-0.898,-0.219,-0.209,-0.142,-0.078,-0.067,-0.665,-0.042,-0.074,-0.133,-0.196,0.043,-0.233,0.159,ATLAS9
20000,3.5,-0.851,-0.222,-0.215,-0.144,-0.077,-0.065,-0.662,-0.04,-0.07,-0.126,-0.187,0.042,-0.232,0.158,ATLAS9
20000,4.0,-0.825,-0.219,-0.217,-0.145,-0.078,-0.063,-0.659,-0.039,-0.069,-0.122,-0.182,0.041,-0.225,0.156,ATLAS9
20000,4.5,-0.811,-0.209,-0.216,-0.143,-0.078,-0.063,-0.657,-0.038,-0.067,-0.119,-0.179,0.04,-0.212,0.151,ATLAS9
20000,5.0,-0.805,-0.195,-0.215,-0.142,-0.077,-0.062,-0.653,-0.038,-0.068,-0.119,-0.178,0.037,-0.197,0.145,ATLAS9
21000,3.0,-0.94,-0.225,-0.217,-0.147,-0.083,-0.072,-0.698,-0.046,-0.082,-0.147,-0.213,0.044,-0.241,0.163,ATLAS9
21000,3.5,-0.889,-0.23,-0.225,-0.15,-0.082,-0.069,-0.696,-0.045,-0.078,-0.139,-0.202,0.044,-0.242,0.163,ATLAS9
21000,4.0,-0.862,-0.227,-0.228,-0.151,-0.082,-0.068,-0.693,-0.043,-0.075,-0.133,-0.195,0.043,-0.235,0.161,ATLAS9
21000,4.5,-0.846,-0.219,-0.228,-0.15,-0.082,-0.066,-0.69,-0.042,-0.074,-0.131,-0.192,0.041,-0.224,0.156,ATLAS9
21000,5.0,-0.839,-0.206,-0.227,-0.149,-0.082,-0.065,-0.686,-0.042,-0.073,-0.129,-0.19,0.039,-0.209,0.15,ATLAS9
22000,3.0,-0.98,-0.23,-0.224,-0.15,-0.087,-0.075,-0.724,-0.052,-0.09,-0.16,-0.229,0.044,-0.25,0.166,ATLAS9
22000,3.5,-0.926,-0.236,-0.236,-0.156,-0.087,-0.073,-0.728,-0.05,-0.086,-0.152,-0.218,0.045,-0.25,0.166,ATLAS9
22000,4.0,-0.896,-0.234,-0.238,-0.156,-0.087,-0.071,-0.725,-0.047,-0.082,-0.145,-0.209,0.044,-0.245,0.165,ATLAS9
22000,4.5,-0.881,-0.227,-0.239,-0.157,-0.087,-0.07,-0.722,-0.047,-0.081,-0.142,-0.205,0.043,-0.234,0.161,ATLAS9
22000,5.0,-0.872,-0.215,-0.238,-0.155,-0.086,-0.069,-0.718,-0.046,-0.08,-0.139,-0.202,0.04,-0.221,0.155,ATLAS9
23000,3.0,-1.013,-0.236,-0.231,-0.154,-0.089,-0.078,-0.747,-0.055,-0.096,-0.169,-0.239,0.045,-0.258,0.17,ATLAS9
23000,3.5,-0.961,-0.242,-0.243,-0.16,-0.092,-0.077,-0.756,-0.054,-0.093,-0.164,-0.231,0.046,-0.258,0.171,ATLAS9
23000,4.0,-0.928,-0.241,-0.248,-0.162,-0.092,-0.075,-0.755,-0.052,-0.09,-0.157,-0.222,0.045,-0.253,0.168,ATLAS9
23000,4.5,-0.912,-0.235,-0.248,-0.162,-0.092,-0.074,-0.752,-0.051,-0.088,-0.153,-0.217,0.044,-0.244,0.165,ATLAS9
23000,5.0,-0.904,-0.224,-0.248,-0.161,-0.091,-0.073,-0.748,-0.05,-0.086,-0.15,-0.214,0.042,-0.232,0.16,ATLAS9
24000,3.0,-1.044,-0.242,-0.238,-0.159,-0.093,-0.081,-0.771,-0.057,-0.099,-0.174,-0.245,0.047,-0.265,0.174,ATLAS9
24000,3.5,-0.99,-0.249,-0.251,-0.165,-0.096,-0.08,-0.781,-0.058,-0.1,-0.174,-0.242,0.047,-0.266,0.174,ATLAS9
24000,4.0,-0.959,-0.247,-0.256,-0.167,-0.095,-0.079,-0.781,-0.057,-0.097,-0.169,-0.235,0.046,-0.261,0.172,ATLAS9
24000,4.5,-0.942,-0.241,-0.257,-0.167,-0.096,-0.078,-0.78,-0.055,-0.095,-0.164,-0.229,0.045,-0.252,0.168,ATLAS9
24000,5.0,-0.932,-0.232,-0.257,-0.166,-0.095,-0.077,-0.777,-0.055,-0.094,-0.161,-0.226,0.043,-0.241,0.164,ATLAS9
25000,3.0,-1.071,-0.248,-0.245,-0.163,-0.097,-0.084,-0.795,-0.06,-0.104,-0.18,-0.251,0.048,-0.272,0.177,ATLAS9
25000,3.5,-1.016,-0.255,-0.259,-0.169,-0.099,-0.083,-0.805,-0.061,-0.105,-0.181,-0.251,0.048,-0.274,0.178,ATLAS9
25000,4.0,-0.986,-0.254,-0.263,-0.171,-0.099,-0.082,-0.805,-0.06,-0.103,-0.177,-0.245,0.048,-0.269,0.176,ATLAS9
25000,4.5,-0.968,-0.248,-0.265,-0.172,-0.099,-0.081,-0.804,-0.06,-0.102,-0.175,-0.24,0.046,-0.261,0.172,ATLAS9
25000,5.0,-0.96,-0.239,-0.265,-0.171,-0.099,-0.081,-0.803,-0.059,-0.101,-0.172,-0.236,0.044,-0.25,0.168,ATLAS9
26000,3.0,-1.1,-0.25,-0.247,-0.165,-0.1,-0.086,-0.81,-0.063,-0.109,-0.186,-0.258,0.048,-0.277,0.179,ATLAS9
26000,3.5,-1.039,-0.262,-0.268,-0.174,-0.102,-0.086,-0.83,-0.064,-0.109,-0.187,-0.258,0.049,-0.283,0.181,ATLAS9
26000,4.0,-1.01,-0.26,-0.271,-0.175,-0.102,-0.085,-0.829,-0.063,-0.108,-0.184,-0.253,0.048,-0.277,0.179,ATLAS9
26000,4.5,-0.993,-0.254,-0.272,-0.175,-0.102,-0.084,-0.827,-0.064,-0.108,-0.183,-0.249,0.047,-0.269,0.176,ATLAS9
26000,5.0,-0.985,-0.245,-0.272,-0.175,-0.102,-0.084,-0.826,-0.063,-0.107,-0.181,-0.246,0.045,-0.259,0.171,ATLAS9
27000,3.5,-1.062,-0.269,-0.276,-0.179,-0.105,-0.089,-0.854,-0.067,-0.114,-0.193,-0.264,0.051,-0.291,0.186,ATLAS9
27000,4.0,-1.031,-0.267,-0.279,-0.18,-0.106,-0.087,-0.852,-0.067,-0.113,-0.191,-0.261,0.05,-0.285,0.183,ATLAS9
27000,4.5,-1.015,-0.261,-0.279,-0.179,-0.105,-0.087,-0.849,-0.067,-0.112,-0.189,-0.257,0.049,-0.276,0.18,ATLAS9
27000,5.0,-1.007,-0.253,-0.279,-0.179,-0.106,-0.086,-0.847,-0.067,-0.112,-0.187,-0.253,0.047,-0.267,0.176,ATLAS9
28000,3.5,-1.083,-0.275,-0.282,-0.182,-0.109,-0.092,-0.876,-0.069,-0.117,-0.197,-0.269,0.052,-0.298,0.189,ATLAS9
28000,4.0,-1.051,-0.274,-0.287,-0.184,-0.109,-0.091,-0.876,-0.069,-0.116,-0.195,-0.266,0.051,-0.293,0.187,ATLAS9
28000,4.5,-1.035,-0.268,-0.288,-0.184,-0.108,-0.09,-0.872,-0.068,-0.115,-0.193,-0.262,0.05,-0.284,0.183,ATLAS9
28000,5.0,-1.027,-0.26,-0.287,-0.183,-0.108,-0.089,-0.869,-0.069,-0.116,-0.192,-0.259,0.048,-0.275,0.179,ATLAS9
29000,3.5,-1.103,-0.279,-0.286,-0.184,-0.111,-0.094,-0.892,-0.071,-0.12,-0.201,-0.274,0.052,-0.303,0.191,ATLAS9
29000,4.0,-1.07,-0.281,-0.295,-0.188,-0.112,-0.093,-0.898,-0.071,-0.12,-0.2,-0.272,0.052,-0.301,0.19,ATLAS9
29000,4.5,-1.054,-0.274,-0.296,-0.189,-0.112,-0.092,-0.894,-0.071,-0.119,-0.198,-0.268,0.051,-0.292,0.187,ATLAS9
29000,5.0,-1.046,-0.266,-0.295,-0.188,-0.111,-0.092,-0.891,-0.071,-0.118,-0.196,-0.264,0.049,-0.283,0.182,ATLAS9
30000,3.5,-1.121,-0.283,-0.286,-0.184,-0.113,-0.095,-0.899,-0.072,-0.122,-0.204,-0.278,0.053,-0.308,0.194,ATLAS9
30000,4.0,-1.089,-0.287,-0.301,-0.192,-0.115,-0.095,-0.917,-0.073,-0.122,-0.203,-0.275,0.054,-0.308,0.194,ATLAS9
30000,4.5,-1.071,-0.282,-0.303,-0.193,-0.114,-0.095,-0.915,-0.072,-0.121,-0.201,-0.272,0.052,-0.301,0.191,ATLAS9
30000,5.0,-1.064,-0.274,-0.302,-0.192,-0.114,-0.094,-0.911,-0.072,-0.121,-0.199,-0.269,0.051,-0.291,0.187,ATLAS9
31000,3.5,-1.135,-0.285,-0.284,-0.183,-0.113,-0.097,-0.902,-0.073,-0.123,-0.207,-0.282,0.054,-0.31,0.196,ATLAS9
31000,4.0,-1.105,-0.292,-0.306,-0.194,-0.117,-0.097,-0.932,-0.074,-0.124,-0.206,-0.279,0.054,-0.314,0.197,ATLAS9
31000,4.5,-1.088,-0.288,-0.309,-0.196,-0.117,-0.096,-0.933,-0.074,-0.124,-0.205,-0.276,0.053,-0.308,0.194,ATLAS9
31000,5.0,-1.081,-0.28,-0.309,-0.196,-0.116,-0.096,-0.93,-0.074,-0.123,-0.203,-0.273,0.052,-0.299,0.19,ATLAS9
32000,4.0,-1.12,-0.297,-0.307,-0.195,-0.118,-0.099,-0.941,-0.075,-0.125,-0.209,-0.283,0.056,-0.319,0.2,ATLAS9
32000,4.5,-1.104,-0.294,-0.313,-0.198,-0.119,-0.098,-0.947,-0.075,-0.126,-0.207,-0.279,0.055,-0.315,0.198,ATLAS9
32000,5.0,-1.097,-0.286,-0.315,-0.199,-0.118,-0.098,-0.947,-0.075,-0.125,-0.205,-0.276,0.052,-0.307,0.193,ATLAS9
33000,4.0,-1.132,-0.3,-0.308,-0.195,-0.119,-0.1,-0.947,-0.076,-0.127,-0.212,-0.289,0.056,-0.323,0.202,ATLAS9
33000,4.5,-1.118,-0.299,-0.317,-0.2,-0.12,-0.1,-0.959,-0.076,-0.126,-0.209,-0.283,0.055,-0.321,0.201,ATLAS9
33000,5.0,-1.111,-0.292,-0.32,-0.201,-0.12,-0.1,-0.961,-0.075,-0.126,-0.207,-0.279,0.053,-0.314,0.197,ATLAS9
34000,4.0,-1.142,-0.303,-0.307,-0.194,-0.12,-0.101,-0.949,-0.076,-0.128,-0.216,-0.294,0.057,-0.327,0.204,ATLAS9
34000,4.5,-1.129,-0.303,-0.319,-0.2,-0.121,-0.101,-0.967,-0.077,-0.128,-0.212,-0.288,0.056,-0.325,0.203,ATLAS9
34000,5.0,-1.123,-0.298,-0.322,-0.202,-0.121,-0.101,-0.971,-0.076,-0.127,-0.209,-0.283,0.055,-0.319,0.2,ATLAS9
35000,4.0,-1.149,-0.306,-0.306,-0.192,-0.119,-0.101,-0.948,-0.077,-0.13,-0.219,-0.299,0.057,-0.33,0.205,ATLAS9
35000,4.5,-1.138,-0.308,-0.319,-0.2,-0.122,-0.102,-0.971,-0.078,-0.129,-0.216,-0.294,0.057,-0.33,0.206,ATLAS9
35000,5.0,-1.134,-0.302,-0.325,-0.203,-0.122,-0.102,-0.979,-0.077,-0.128,-0.212,-0.288,0.055,-0.325,0.202,ATLAS9
36000,4.0,-1.156,-0.309,-0.305,-0.192,-0.119,-0.101,-0.946,-0.078,-0.13,-0.221,-0.301,0.058,-0.333,0.208,ATLAS9
36000,4.5,-1.147,-0.31,-0.319,-0.199,-0.123,-0.102,-0.973,-0.078,-0.131,-0.22,-0.299,0.058,-0.333,0.207,ATLAS9
36000,5.0,-1.142,-0.307,-0.326,-0.203,-0.123,-0.103,-0.984,-0.078,-0.129,-0.215,-0.293,0.056,-0.33,0.205,ATLAS9
37000,4.0,-1.161,-0.311,-0.305,-0.191,-0.118,-0.101,-0.946,-0.078,-0.13,-0.222,-0.303,0.058,-0.336,0.209,ATLAS9
37000,4.5,-1.153,-0.314,-0.318,-0.198,-0.122,-0.103,-0.972,-0.079,-0.132,-0.223,-0.303,0.059,-0.336,0.21,ATLAS9
37000,5.0,-1.15,-0.31,-0.326,-0.202,-0.123,-0.104,-0.987,-0.078,-0.13,-0.218,-0.298,0.057,-0.333,0.207,ATLAS9
38000,4.0,-1.166,-0.313,-0.306,-0.191,-0.119,-0.101,-0.948,-0.078,-0.131,-0.222,-0.303,0.059,-0.338,0.21,ATLAS9
38000,4.5,-1.158,-0.317,-0.319,-0.198,-0.121,-0.104,-0.973,-0.079,-0.132,-0.224,-0.305,0.059,-0.339,0.211,ATLAS9
38000,5.0,-1.156,-0.314,-0.326,-0.201,-0.123,-0.104,-0.987,-0.079,-0.132,-0.222,-0.302,0.058,-0.337,0.209,ATLAS9
39000,4.0,-1.169,-0.316,-0.307,-0.192,-0.119,-0.102,-0.951,-0.078,-0.131,-0.224,-0.304,0.059,-0.34,0.212,ATLAS9
39000,4.5,-1.162,-0.32,-0.319,-0.197,-0.121,-0.104,-0.973,-0.079,-0.133,-0.225,-0.307,0.06,-0.343,0.213,ATLAS9
39000,5.0,-1.16,-0.318,-0.325,-0.2,-0.123,-0.105,-0.987,-0.079,-0.132,-0.224,-0.305,0.059,-0.34,0.211,ATLAS9
40000,4.5,-1.166,-0.323,-0.32,-0.198,-0.122,-0.104,-0.975,-0.08,-0.134,-0.227,-0.308,0.061,-0.345,0.214,ATLAS9
40000,5.0,-1.165,-0.32,-0.326,-0.2,-0.123,-0.105,-0.988,-0.08,-0.133,-0.226,-0.307,0.06,-0.342,0.213,ATLAS9
41000,4.5,-1.169,-0.325,-0.322,-0.198,-0.123,-0.104,-0.979,-0.08,-0.135,-0.228,-0.31,0.06,-0.348,0.215,ATLAS9
41000,5.0,-1.168,-0.324,-0.326,-0.199,-0.124,-0.105,-0.989,-0.08,-0.134,-0.228,-0.309,0.061,-0.345,0.215,ATLAS9
42000,4.5,-1.173,-0.327,-0.323,-0.199,-0.122,-0.105,-0.982,-0.081,-0.136,-0.23,-0.312,0.061,-0.35,0.217,ATLAS9
42000,5.0,-1.171,-0.326,-0.328,-0.2,-0.123,-0.106,-0.992,-0.081,-0.135,-0.229,-0.311,0.061,-0.347,0.216,ATLAS9
43000,4.5,-1.176,-0.329,-0.324,-0.199,-0.123,-0.105,-0.986,-0.082,-0.137,-0.232,-0.314,0.061,-0.352,0.217,ATLAS9
43000,5.0,-1.173,-0.329,-0.329,-0.2,-0.124,-0.107,-0.995,-0.081,-0.136,-0.23,-0.313,0.061,-0.35,0.217,ATLAS9
44000,4.5,-1.18,-0.331,-0.325,-0.2,-0.124,-0.106,-0.989,-0.082,-0.137,-0.233,-0.315,0.062,-0.354,0.219,ATLAS9
44000,5.0,-1.177,-0.331,-0.33,-0.201,-0.124,-0.107,-0.998,-0.082,-0.137,-0.232,-0.314,0.062,-0.352,0.218,ATLAS9
45000,4.5,-1.183,-0.332,-0.326,-0.2,-0.124,-0.107,-0.993,-0.083,-0.138,-0.235,-0.317,0.062,-0.355,0.22,ATLAS9
45000,5.0,-1.18,-0.333,-0.331,-0.202,-0.125,-0.107,-1.0,-0.083,-0.139,-0.234,-0.317,0.063,-0.354,0.22,ATLAS9
46000,4.5,-1.185,-0.334,-0.327,-0.201,-0.125,-0.107,-0.996,-0.083,-0.139,-0.236,-0.319,0.062,-0.358,0.221,ATLAS9
46000,5.0,-1.182,-0.335,-0.332,-0.202,-0.125,-0.108,-1.004,-0.083,-0.139,-0.235,-0.318,0.063,-0.356,0.221,ATLAS9
47000,4.5,-1.189,-0.335,-0.328,-0.202,-0.125,-0.107,-0.999,-0.084,-0.14,-0.238,-0.321,0.062,-0.36,0.222,ATLAS9
47000,5.0,-1.185,-0.336,-0.334,-0.203,-0.125,-0.108,-1.007,-0.084,-0.14,-0.237,-0.32,0.062,-0.359,0.221,ATLAS9
48000,4.5,-1.191,-0.336,-0.33,-0.203,-0.125,-0.108,-1.003,-0.084,-0.141,-0.239,-0.323,0.062,-0.36,0.221,ATLAS9
48000,5.0,-1.188,-0.338,-0.334,-0.203,-0.126,-0.109,-1.01,-0.084,-0.141,-0.238,-0.322,0.063,-0.361,0.223,ATLAS9
49000,4.5,-1.194,-0.337,-0.33,-0.203,-0.126,-0.108,-1.006,-0.085,-0.142,-0.241,-0.325,0.062,-0.363,0.223,ATLAS9
49000,5.0,-1.19,-0.339,-0.336,-0.204,-0.127,-0.109,-1.014,-0.085,-0.141,-0.24,-0.324,0.063,-0.361,0.223,ATLAS9
50000,5.0,-1.192,-0.341,-0.337,-0.205,-0.127,-0.11,-1.017,-0.085,-0.142,-0.241,-0.325,0.063,-0.364,0.224,ATLAS9
